0,1,2,3,4,5,6,7,8,9,10
1.0,0.6086956521739069,0.6172839506172849,0.7205056179775282,0.1555075593952484,0.3089430894308943,0.0,0.0,0.0,0.0,0.0
1.0,0.5434782608695627,0.7407407407407405,0.5168539325842698,0.3520518358531317,0.34146341463414637,0.0,0.0,0.0,0.0,0.0
1.0,0.6521739130434767,0.6666666666666714,0.6952247191011238,0.22894168466522669,0.13821138211382114,0.0,0.0,0.0,0.0,0.0
1.0,0.8804347826086882,0.7407407407407405,0.2387640449438202,0.5183585313174945,0.7804878048780488,0.0,1.0,0.0,0.0,0.0
1.0,0.6086956521739069,0.790123456790127,0.1601123595505618,0.6155507559395248,0.3089430894308943,0.0,0.0,0.0,0.0,0.0
0.5,0.29347826086956275,0.3827160493827222,0.5997191011235954,0.29373650107991367,0.861788617886179,0.0,0.0,0.0,0.0,0.0
0.5,0.4130434782608674,0.5925925925925952,0.4241573033707866,0.3822894168466522,0.1869918699186992,0.0,0.0,0.0,0.0,0.0
1.0,0.28260869565216495,0.2716049382716008,0.5014044943820226,0.42548596112311,0.15447154471544716,0.0,0.0,0.0,0.0,0.0
1.0,0.28260869565216495,0.3456790123456841,0.3735955056179774,0.44708423326133895,0.6382113821138212,0.0,0.0,0.0,0.0,0.0
1.0,0.891304347826086,0.8024691358024683,0.8918539325842698,0.0755939524838013,0.44308943089430897,0.0,0.0,0.0,0.0,0.0
0.0,0.9456521739130395,0.9135802469135825,0.4058988764044942,0.548596112311015,0.6747967479674798,0.0,0.0,0.0,0.0,0.0
1.0,0.7717391304347743,0.654320987654323,0.5575842696629214,0.3542116630669546,0.2601626016260163,0.0,0.0,0.0,0.0,0.0
0.5,0.3913043478260789,0.5308641975308674,0.5351123595505618,0.29589632829373635,0.7439024390243903,0.0,0.0,0.0,0.0,0.0
0.5,0.9565217391304373,0.9012345679012341,0.5379213483146066,0.36933045356371497,0.02845528455284553,0.0,0.0,0.0,0.0,0.0
1.0,0.6956521739130395,0.6296296296296333,0.6853932584269662,0.24838012958963285,0.5569105691056911,0.0,0.0,0.0,0.0,0.0
0.5,0.10869565217390686,0.19753086419753174,0.359550561797753,0.4622030237580993,0.8455284552845529,0.0,0.0,0.0,0.0,0.0
0.5,0.3152173913043441,0.4197530864197603,0.5421348314606742,0.32613390928725705,0.8089430894308944,0.0,0.0,0.0,0.0,0.0
1.0,0.4347826086956488,0.3333333333333357,0.5042134831460674,0.3758099352051836,0.8252032520325204,1.0,0.0,0.0,0.0,0.0
0.5,0.3478260869565162,0.45679012345679126,0.5126404494382022,0.3801295896328294,0.17479674796747968,0.0,0.0,0.0,0.0,0.0
1.0,0.5326086956521721,0.5061728395061778,0.3974719101123594,0.5529157667386609,0.16666666666666669,0.0,0.0,0.0,0.0,0.0
0.5,0.3260869565217348,0.4197530864197603,0.3342696629213484,0.5896328293736499,0.13414634146341464,0.0,0.0,0.0,0.0,0.0
1.0,0.7499999999999929,0.6419753086419746,0.1671348314606742,0.7192224622030237,0.23577235772357727,0.0,0.0,0.0,0.0,0.0
0.5,0.6086956521739069,0.5802469135802468,0.6067415730337078,0.2332613390928725,0.8130081300813009,0.0,0.0,0.0,0.0,0.0
0.5,0.6195652173912976,0.6419753086419746,0.5407303370786518,0.3909287257019438,0.6991869918699187,0.0,0.0,0.0,0.0,0.0
0.0,0.25,0.3333333333333357,0.7303370786516854,0.24406047516198692,0.8333333333333334,0.0,0.0,0.0,0.0,0.0
0.5,0.5434782608695627,0.7160493827160508,0.273876404494382,0.5917926565874729,0.2601626016260163,0.0,0.0,0.0,0.0,0.0
0.5,0.6521739130434767,0.5679012345679055,0.3047752808988764,0.5226781857451402,0.1910569105691057,0.0,0.0,0.0,0.0,0.0
0.5,0.7826086956521721,0.7654320987654302,0.5196629213483146,0.4319654427645788,0.7601626016260163,0.0,0.0,0.0,0.0,0.0
0.5,0.25,0.4074074074074119,0.4269662921348314,0.5464362850971921,0.2601626016260163,0.0,0.0,0.0,0.0,0.0
1.0,0.5652173913043441,0.5308641975308674,0.3132022471910112,0.6501079913606911,0.48373983739837406,0.0,0.0,0.0,0.0,0.0
0.5,0.3478260869565162,0.45679012345679126,0.2542134831460674,0.5269978401727862,0.6585365853658537,0.0,0.0,0.0,0.0,0.0
0.5,0.7717391304347743,0.654320987654323,0.4101123595505618,0.6004319654427646,0.32113821138211385,0.0,0.0,0.0,0.0,0.0
0.5,0.4891304347826093,0.46913580246913966,0.6432584269662922,0.1511879049676026,0.06504065040650407,0.0,0.0,0.0,0.0,0.0
0.5,0.7717391304347743,0.5432098765432158,0.7387640449438202,0.25269978401727855,0.40650406504065045,0.0,0.0,0.0,0.0,0.0
1.0,0.7282608695652115,0.6913580246913611,0.4873595505617978,0.3520518358531317,0.10975609756097562,0.0,0.0,0.0,0.0,0.0
0.5,0.13043478260868824,0.19753086419753174,0.556179775280899,0.3110151187904967,0.6747967479674798,0.0,0.0,0.0,0.0,0.0
0.5,0.3913043478260789,0.5679012345679055,0.4396067415730338,0.3498920086393087,0.6544715447154472,0.0,0.0,0.0,0.0,0.0
1.0,0.18478260869564878,0.308641975308646,0.728932584269663,0.22894168466522669,0.5040650406504066,0.0,0.0,0.0,0.0,0.0
1.0,0.4239130434782581,0.4074074074074119,0.502808988764045,0.3498920086393087,0.42276422764227645,0.0,0.0,0.0,0.0,0.0
0.5,0.5652173913043441,0.5679012345679055,0.353932584269663,0.5010799136069113,0.12601626016260165,0.0,0.0,0.0,0.0,0.0
0.5,0.3369565217391255,0.3950617283950635,0.4396067415730338,0.3844492440604751,0.7886178861788619,0.0,0.0,0.0,0.0,0.0
0.0,0.6086956521739069,0.6913580246913611,0.681179775280899,0.19006479481641458,0.7439024390243903,0.0,0.0,0.0,0.0,0.0
0.0,0.5978260869565162,0.6666666666666714,0.723314606741573,0.10151187904967596,0.6341463414634148,0.0,0.0,0.0,0.0,0.0
0.5,0.3913043478260789,0.5555555555555571,0.4424157303370786,0.6501079913606911,0.6504065040650407,0.0,0.0,0.0,0.0,0.0
0.5,0.7934782608695627,0.790123456790127,0.8412921348314606,0.14470842332613387,0.8048780487804879,0.0,0.0,0.0,0.0,0.0
0.5,0.4891304347826093,0.4320987654321016,0.359550561797753,0.3455723542116631,0.8252032520325204,0.0,0.0,0.0,0.0,0.0
1.0,0.22826086956521152,0.3209876543209944,0.366573033707865,0.5161987041036716,0.07317073170731708,0.0,0.0,0.0,0.0,0.0
1.0,0.5869565217391255,0.5432098765432158,0.4213483146067414,0.43412526997840173,0.6585365853658537,0.0,0.0,0.0,0.0,0.0
0.0,0.21739130434782084,0.3209876543209944,0.3904494382022474,0.4622030237580993,0.4390243902439025,0.0,0.0,0.0,0.0,0.0
0.5,0.4999999999999929,0.6419753086419746,0.1530898876404494,0.6695464362850971,0.7032520325203253,0.0,0.0,0.0,0.0,0.0
0.5,0.7934782608695627,0.5802469135802468,0.6390449438202246,0.347732181425486,0.34146341463414637,0.0,0.0,0.0,0.0,0.0
1.0,0.5978260869565162,0.6790123456790127,0.574438202247191,0.2764578833693304,0.33333333333333337,0.0,0.0,0.0,0.0,0.0
0.5,0.25,0.3209876543209944,0.5786516853932586,0.3066954643628509,0.16666666666666669,0.0,0.0,0.0,0.0,0.0
0.5,0.5652173913043441,0.5061728395061778,0.2584269662921348,0.7321814254859611,0.524390243902439,0.0,0.0,0.0,0.0,0.0
0.0,0.8152173913043441,0.827160493827158,0.3202247191011236,0.7278617710583153,1.0,0.0,0.0,0.0,1.0,0.0
0.5,0.05434782608695343,0.11111111111111427,0.4564606741573034,0.5701943844492441,0.4024390243902439,0.0,0.0,0.0,0.0,0.0
0.5,0.5760869565217348,0.5925925925925952,0.4030898876404494,0.3801295896328294,0.39837398373983746,0.0,0.0,0.0,0.0,0.0
0.5,0.4782608695652115,0.6666666666666714,0.359550561797753,0.5356371490280777,0.7073170731707318,0.0,0.0,0.0,0.0,0.0
1.0,0.2608695652173836,0.19753086419753174,0.25561797752809,0.6285097192224622,0.14634146341463417,0.0,0.0,0.0,0.0,0.0
0.5,0.5108695652173907,0.48148148148148806,0.4648876404494382,0.5291576673866091,0.39837398373983746,0.0,0.0,0.0,0.0,0.0
0.5,0.44565217391303946,0.3703703703703738,0.3876404494382022,0.593952483801296,0.3902439024390244,0.0,0.0,0.0,0.0,0.0
0.5,0.8804347826086882,0.7283950617283992,0.7429775280898878,0.21598272138228936,0.7398373983739838,0.0,0.0,0.0,0.0,0.0
0.5,0.25,0.4320987654321016,0.2907303370786518,0.5010799136069113,0.8983739837398375,0.0,0.0,0.0,0.0,0.0
0.5,0.5760869565217348,0.7160493827160508,0.3314606741573034,0.39956803455723544,0.12601626016260165,0.0,0.0,0.0,0.0,0.0
1.0,0.4347826086956488,0.3456790123456841,0.4396067415730338,0.4168466522678185,0.3252032520325204,0.0,0.0,0.0,0.0,0.0
1.0,0.5108695652173907,0.518518518518519,0.657303370786517,0.17278617710583155,0.4634146341463415,0.0,0.0,0.0,0.0,0.0
1.0,0.6956521739130395,0.654320987654323,0.4522471910112358,0.36717062634989195,0.7723577235772359,0.0,0.0,0.0,0.0,0.0
0.5,0.5760869565217348,0.7654320987654302,0.2654494382022472,0.8639308855291576,0.861788617886179,0.0,0.0,0.0,1.0,0.0
1.0,0.21739130434782084,0.3456790123456841,0.6207865168539326,0.2742980561555075,0.3739837398373984,0.0,0.0,0.0,0.0,0.0
1.0,0.36956521739129755,0.5308641975308674,0.3876404494382022,0.43412526997840173,0.2804878048780488,0.0,0.0,0.0,0.0,0.0
0.5,0.5760869565217348,0.45679012345679126,0.5238764044943822,0.3434125269978401,0.39837398373983746,0.0,0.0,0.0,0.0,0.0
1.0,0.9239130434782581,0.8518518518518547,0.3132022471910112,0.5831533477321813,0.6585365853658537,0.0,0.0,0.0,0.0,0.0
0.5,0.4239130434782581,0.3333333333333357,0.4101123595505618,0.40172786177105835,0.0894308943089431,0.0,0.0,0.0,0.0,0.0
0.5,0.6086956521739069,0.6296296296296333,0.7668539325842698,0.21814254859611226,0.21544715447154475,0.0,0.0,0.0,0.0,0.0
0.5,0.6956521739130395,0.6419753086419746,0.5252808988764046,0.4168466522678185,0.008130081300813009,0.0,0.0,0.0,0.0,0.0
1.0,0.29347826086956275,0.308641975308646,0.297752808988764,0.6263498920086392,0.83739837398374,0.0,0.0,0.0,0.0,0.0
0.5,0.5217391304347814,0.7037037037037024,0.6264044943820226,0.24190064794816413,0.16666666666666669,0.0,0.0,0.0,0.0,0.0
0.5,0.22826086956521152,0.3456790123456841,0.4129213483146066,0.44492440604751615,0.3008130081300813,0.0,0.0,0.0,0.0,0.0
1.0,0.1630434782608674,0.20987654320987303,0.4058988764044942,0.5140388768898487,0.12195121951219513,0.0,0.0,0.0,0.0,0.0
0.5,0.6086956521739069,0.6419753086419746,0.794943820224719,0.13606911447084225,0.1626016260162602,0.0,0.0,0.0,0.0,0.0
1.0,0.7608695652173907,0.6790123456790127,0.4522471910112358,0.35853131749460043,0.3170731707317074,0.0,0.0,0.0,0.0,0.0
0.5,0.7934782608695627,0.790123456790127,0.443820224719101,0.32181425485961124,0.8739837398373985,0.0,0.0,0.0,0.0,1.0
1.0,0.021739130434781373,0.03703703703703809,0.3370786516853932,0.5442764578833692,0.8333333333333334,0.0,0.0,0.0,0.0,0.0
0.5,0.5217391304347814,0.5061728395061778,0.3469101123595506,0.7904967602591793,0.1788617886178862,0.0,0.0,0.0,0.0,0.0
1.0,0.3260869565217348,0.3950617283950635,0.6502808988764046,0.11447084233261329,0.1869918699186992,0.0,0.0,0.0,0.0,0.0
0.5,0.5652173913043441,0.6296296296296333,0.765449438202247,0.13390928725701945,0.508130081300813,0.0,0.0,0.0,0.0,0.0
0.5,0.7391304347826093,0.6790123456790127,0.2612359550561798,0.6630669546436283,0.6666666666666667,0.0,0.0,0.0,0.0,0.0
0.5,0.9130434782608674,0.8518518518518547,0.2991573033707866,0.5183585313174945,0.5528455284552846,0.0,0.0,0.0,0.0,0.0
1.0,0.21739130434782084,0.3703703703703738,0.5533707865168538,0.33477321814254857,0.5406504065040652,0.0,0.0,0.0,0.0,0.0
1.0,0.6956521739130395,0.6049382716049436,0.3286516853932584,0.5421166306695464,0.7520325203252033,0.0,0.0,0.0,0.0,0.0
1.0,0.38043478260869534,0.48148148148148806,0.2823033707865168,0.6069114470842332,0.1585365853658537,0.0,0.0,0.0,0.0,0.0
0.5,0.4891304347826093,0.5679012345679055,0.7078651685393258,0.22246220302375808,0.13414634146341464,0.0,0.0,0.0,0.0,0.0
1.0,0.3913043478260789,0.3950617283950635,0.7963483146067414,0.21166306695464354,0.20325203252032523,0.0,0.0,0.0,0.0,0.0
0.5,0.6195652173912976,0.46913580246913966,0.3469101123595506,0.6133909287257018,0.49593495934959353,0.0,0.0,0.0,0.0,0.0
1.0,0.21739130434782084,0.3827160493827222,0.5126404494382022,0.4578833693304535,0.5691056910569107,0.0,0.0,0.0,0.0,0.0
0.5,0.25,0.3209876543209944,0.4775280898876406,0.4190064794816414,0.5569105691056911,0.0,0.0,0.0,0.0,0.0
0.5,0.9021739130434767,0.8888888888888857,0.3750000000000002,0.5442764578833692,0.11788617886178863,0.0,0.0,0.0,0.0,0.0
1.0,0.2717391304347814,0.4074074074074119,0.3525280898876406,0.5010799136069113,0.3902439024390244,0.0,0.0,0.0,0.0,0.0
1.0,0.5869565217391255,0.6172839506172849,0.2724719101123596,0.5745140388768899,0.14634146341463417,0.0,0.0,0.0,0.0,0.0
0.5,0.5760869565217348,0.45679012345679126,0.2612359550561798,0.6803455723542116,0.2886178861788618,0.0,0.0,0.0,0.0,0.0
0.5,0.9130434782608674,0.8395061728395063,0.6306179775280898,0.3563714902807775,0.7560975609756099,0.0,0.0,0.0,0.0,0.0
0.0,0.5652173913043441,0.45679012345679126,0.6446629213483146,0.347732181425486,0.41869918699187,0.0,0.0,0.0,0.0,0.0
0.5,0.25,0.4197530864197603,0.2963483146067416,0.6457883369330453,0.2520325203252033,0.0,0.0,0.0,0.0,0.0
0.5,0.22826086956521152,0.308641975308646,0.4044943820224718,0.5701943844492441,0.10162601626016261,0.0,0.0,0.0,0.0,0.0
0.0,0.4130434782608674,0.518518518518519,0.3651685393258426,0.4362850971922245,0.0,0.0,0.0,0.0,0.0,0.0
0.0,0.3152173913043441,0.3827160493827222,0.5941011235955058,0.427645788336933,0.21544715447154475,0.0,0.0,0.0,0.0,0.0
0.5,0.35869565217391397,0.45679012345679126,0.3609550561797754,0.6069114470842332,0.5528455284552846,0.0,0.0,0.0,0.0,0.0
0.5,0.22826086956521152,0.3456790123456841,0.4382022471910114,0.3822894168466522,0.8577235772357724,0.0,0.0,0.0,0.0,0.0
0.5,0.35869565217391397,0.5061728395061778,0.5070224719101122,0.21814254859611226,0.459349593495935,0.0,0.0,0.0,0.0,0.0
0.0,0.2608695652173836,0.308641975308646,0.4817415730337078,0.4319654427645788,0.6707317073170732,0.0,0.0,0.0,0.0,0.0
1.0,0.3913043478260789,0.308641975308646,0.2134831460674158,0.5982721382289415,0.1626016260162602,0.0,0.0,0.0,0.0,0.0
0.5,0.28260869565216495,0.24691358024691112,0.2387640449438202,0.6609071274298055,0.052845528455284556,0.0,0.0,0.0,0.0,0.0
0.5,0.4239130434782581,0.3456790123456841,0.2570224719101124,0.6393088552915767,0.3008130081300813,0.0,0.0,0.0,0.0,0.0
0.5,0.3369565217391255,0.308641975308646,0.4044943820224718,0.5809935205183585,0.8699186991869919,0.0,0.0,0.0,0.0,0.0
1.0,0.4239130434782581,0.3580246913580325,0.6292134831460674,0.33045356371490275,0.2601626016260163,0.0,0.0,0.0,0.0,0.0
0.5,0.9021739130434767,0.8395061728395063,0.7401685393258426,0.24406047516198692,0.7317073170731708,0.0,0.0,0.0,0.0,0.0
1.0,0.6847826086956488,0.6296296296296333,0.5126404494382022,0.3045356371490281,0.5813008130081302,0.0,0.0,0.0,0.0,0.0
1.0,0.38043478260869534,0.49382716049382935,0.372191011235955,0.5334773218142548,0.12601626016260165,0.0,0.0,0.0,0.0,0.0
0.5,0.7499999999999929,0.6049382716049436,0.228932584269663,0.5917926565874729,0.44308943089430897,0.0,1.0,0.0,0.0,0.0
0.5,0.38043478260869534,0.3950617283950635,0.9396067415730338,0.10583153347732177,0.23170731707317074,0.0,0.0,0.0,0.0,0.0
1.0,0.22826086956521152,0.2839506172839492,0.3609550561797754,0.48164146868250535,0.7723577235772359,0.0,0.0,0.0,0.0,0.0
0.5,0.5978260869565162,0.6172839506172849,0.4803370786516854,0.4168466522678185,0.7113821138211383,0.0,0.0,0.0,0.0,0.0
0.0,0.5434782608695627,0.7654320987654302,0.2907303370786518,0.6241900647948164,0.7886178861788619,0.0,0.0,0.0,0.0,0.0
1.0,0.36956521739129755,0.48148148148148806,0.866573033707865,0.10151187904967596,0.3170731707317074,0.0,0.0,0.0,0.0,0.0
0.5,0.10869565217390686,0.20987654320987303,0.396067415730337,0.5831533477321813,0.8739837398373985,0.0,0.0,0.0,0.0,0.0
0.5,0.7282608695652115,0.6790123456790127,0.122191011235955,0.9762419006479479,0.7398373983739838,0.0,0.0,0.0,1.0,0.0
0.5,0.3369565217391255,0.4320987654321016,0.7148876404494382,0.20950323974082075,0.5569105691056911,0.0,0.0,0.0,0.0,0.0
0.5,0.9456521739130395,0.8888888888888857,0.1825842696629214,0.7300215982721381,0.821138211382114,0.0,0.0,0.0,0.0,0.0
0.5,0.22826086956521152,0.3703703703703738,0.3075842696629214,0.43412526997840173,0.4634146341463415,0.0,0.0,0.0,0.0,0.0
0.5,0.5434782608695627,0.48148148148148806,0.5814606741573034,0.25269978401727855,0.2967479674796748,0.0,0.0,0.0,0.0,0.0
1.0,0.3913043478260789,0.48148148148148806,0.1418539325842696,0.7602591792656586,0.6747967479674798,0.0,0.0,0.0,0.0,0.0
0.5,0.4891304347826093,0.5308641975308674,0.7219101123595506,0.3434125269978401,0.7113821138211383,0.0,0.0,0.0,0.0,0.0
0.5,0.7173913043478208,0.6790123456790127,0.2612359550561798,0.6414686825053995,0.2682926829268293,0.0,0.0,0.0,0.0,0.0
0.5,0.3913043478260789,0.5432098765432158,0.5884831460674158,0.3909287257019438,0.23577235772357727,0.0,0.0,0.0,0.0,0.0
1.0,0.5869565217391255,0.7654320987654302,0.2570224719101124,0.755939524838013,0.14634146341463417,0.0,0.0,0.0,0.0,0.0
0.5,0.18478260869564878,0.308641975308646,0.5533707865168538,0.20086393088552912,0.5284552845528456,0.0,0.0,0.0,0.0,0.0
0.0,0.7065217391304301,0.6049382716049436,0.3623595505617978,0.5658747300215982,0.40650406504065045,0.0,0.0,0.0,0.0,0.0
0.5,0.8804347826086882,0.7407407407407405,0.8567415730337078,0.12311015118790491,0.6544715447154472,0.0,0.0,0.0,0.0,0.0
0.5,0.7065217391304301,0.6419753086419746,0.598314606741573,0.25053995680345564,0.821138211382114,0.0,0.0,0.0,0.0,0.0
1.0,0.4999999999999929,0.6790123456790127,0.556179775280899,0.33261339092872566,0.6585365853658537,0.0,0.0,0.0,0.0,0.0
0.5,0.38043478260869534,0.5061728395061778,0.3567415730337078,0.49028077753779686,0.0934959349593496,0.0,0.0,0.0,0.0,0.0
0.5,0.7608695652173907,0.7530864197530889,0.3511235955056178,0.6522678185745139,0.7439024390243903,0.0,0.0,0.0,0.0,0.0
0.5,0.5652173913043441,0.46913580246913966,0.859550561797753,0.16414686825053992,0.475609756097561,0.0,0.0,0.0,0.0,0.0
0.0,0.6739130434782581,0.6296296296296333,0.4087078651685394,0.40172786177105835,0.23577235772357727,0.0,0.0,0.0,0.0,0.0
0.0,0.8369565217391255,0.827160493827158,0.6235955056179774,0.36717062634989195,0.6829268292682927,0.0,0.0,0.0,0.0,0.0
1.0,0.7499999999999929,0.6419753086419746,0.4283707865168538,0.5205183585313174,0.23170731707317074,0.0,0.0,0.0,0.0,0.0
0.5,0.3152173913043441,0.308641975308646,0.6797752808988766,0.2267818574514039,0.23983739837398377,0.0,0.0,0.0,0.0,0.0
0.0,0.8369565217391255,0.8024691358024683,0.6193820224719102,0.1879049676025918,0.475609756097561,0.0,0.0,0.0,0.0,0.0
1.0,0.5652173913043441,0.49382716049382935,0.705056179775281,0.20086393088552912,0.5691056910569107,0.0,0.0,0.0,0.0,0.0
0.5,0.22826086956521152,0.3456790123456841,0.3918539325842698,0.49028077753779686,0.2764227642276423,0.0,0.0,0.0,0.0,0.0
1.0,0.30434782608695343,0.308641975308646,0.6615168539325842,0.32829373650107985,0.6300813008130082,0.0,0.0,0.0,0.0,0.0
0.5,0.6739130434782581,0.6049382716049436,0.4803370786516854,0.4708423326133908,0.8292682926829269,0.0,0.0,0.0,0.0,0.0
0.5,0.4782608695652115,0.5679012345679055,0.4382022471910114,0.4967602591792656,0.410569105691057,0.0,0.0,0.0,0.0,0.0
0.5,0.3152173913043441,0.3827160493827222,0.3637640449438202,0.5809935205183585,0.07317073170731708,0.0,0.0,0.0,0.0,0.0
0.5,0.29347826086956275,0.3580246913580325,0.4901685393258426,0.48596112311015116,0.21951219512195125,0.0,0.0,0.0,0.0,0.0
0.5,0.7065217391304301,0.5679012345679055,0.2219101123595506,0.6565874730021597,0.2601626016260163,0.0,1.0,0.0,0.0,0.0
0.5,0.35869565217391397,0.5061728395061778,0.2626404494382022,0.775377969762419,0.0,0.0,0.0,0.0,0.0,0.0
0.5,0.4891304347826093,0.4320987654321016,0.8103932584269662,0.12526997840172782,0.25609756097560976,0.0,0.0,0.0,0.0,0.0
0.0,0.3260869565217348,0.308641975308646,0.4929775280898878,0.28293736501079914,0.30487804878048785,0.0,0.0,0.0,0.0,0.0
0.5,0.19565217391303946,0.2962962962963047,0.5632022471910114,0.36069114470842323,0.8739837398373985,0.0,0.0,0.0,0.0,0.0
1.0,0.9782608695652186,0.9629629629629619,0.4803370786516854,0.4730021598272137,0.008130081300813009,0.0,0.0,0.0,0.0,0.0
1.0,0.9021739130434767,0.8148148148148167,0.627808988764045,0.2656587473002159,0.9065040650406505,0.0,0.0,0.0,0.0,0.0
1.0,0.9347826086956488,0.9012345679012341,0.6137640449438202,0.3563714902807775,0.3252032520325204,0.0,0.0,0.0,0.0,0.0
0.5,0.2391304347826022,0.3456790123456841,0.2134831460674158,0.6025917926565874,0.5325203252032521,0.0,0.0,0.0,0.0,0.0
1.0,0.36956521739129755,0.5432098765432158,0.5140449438202246,0.48380129589632825,0.24796747967479676,0.0,0.0,0.0,0.0,0.0
0.0,0.5978260869565162,0.7654320987654302,0.348314606741573,0.6133909287257018,0.10162601626016261,0.0,0.0,0.0,0.0,0.0
0.5,0.3152173913043441,0.4074074074074119,0.330056179775281,0.5205183585313174,0.3536585365853659,0.0,0.0,0.0,0.0,0.0
1.0,0.7608695652173907,0.7407407407407405,0.425561797752809,0.4211663066954643,0.5975609756097562,0.0,0.0,0.0,0.0,0.0
0.5,0.25,0.3580246913580325,0.4761235955056178,0.36501079913606904,0.4308943089430895,0.0,0.0,0.0,0.0,0.0
0.5,0.5108695652173907,0.5802469135802468,0.2106741573033708,0.6263498920086392,0.5325203252032521,0.0,0.0,0.0,0.0,0.0
0.5,0.29347826086956275,0.23456790123456983,0.4578651685393258,0.4643628509719222,0.13414634146341464,0.0,0.0,0.0,0.0,0.0
0.5,0.8695652173913047,0.7283950617283992,0.1657303370786518,0.5399568034557235,0.8902439024390245,0.0,1.0,0.0,0.0,0.0
0.5,0.5217391304347814,0.6913580246913611,0.4030898876404494,0.5421166306695464,0.1626016260162602,0.0,0.0,0.0,0.0,0.0
0.5,0.2717391304347814,0.22222222222222143,0.2921348314606742,0.6155507559395248,0.44308943089430897,0.0,0.0,0.0,0.0,0.0
0.5,0.36956521739129755,0.518518518518519,0.2640449438202248,0.673866090712743,0.8170731707317074,0.0,0.0,0.0,0.0,0.0
0.5,0.6630434782608603,0.5679012345679055,0.6404494382022474,0.2721382289416847,0.6951219512195123,0.0,0.0,0.0,0.0,0.0
0.5,0.7934782608695627,0.790123456790127,0.359550561797753,0.6954643628509718,0.14227642276422767,0.0,0.0,0.0,0.0,0.0
1.0,0.22826086956521152,0.3456790123456841,0.4410112359550562,0.3520518358531317,0.22764227642276424,0.0,0.0,0.0,0.0,0.0
1.0,0.6739130434782581,0.6172839506172849,0.247191011235955,0.5831533477321813,0.467479674796748,0.0,0.0,0.0,0.0,0.0
0.5,0.6739130434782581,0.6296296296296333,0.5758426966292134,0.3110151187904967,0.6585365853658537,0.0,0.0,0.0,0.0,0.0
0.5,0.2608695652173836,0.3827160493827222,0.2401685393258428,0.6501079913606911,0.41869918699187,0.0,0.0,0.0,0.0,0.0
0.5,0.4999999999999929,0.6913580246913611,0.4508426966292134,0.44492440604751615,0.0813008130081301,0.0,0.0,0.0,0.0,0.0
1.0,0.5326086956521721,0.7283950617283992,0.4634831460674158,0.44708423326133895,0.6382113821138212,0.0,0.0,0.0,0.0,0.0
0.5,0.21739130434782084,0.308641975308646,0.3693820224719102,0.7213822894168467,0.02845528455284553,0.0,0.0,0.0,0.0,0.0
0.0,0.6521739130434767,0.654320987654323,0.5575842696629214,0.3563714902807775,0.7479674796747968,0.0,0.0,0.0,0.0,0.0
1.0,0.08695652173912549,0.16049382716049365,0.4775280898876406,0.4730021598272137,0.6666666666666667,0.0,0.0,0.0,0.0,0.0
0.5,0.5760869565217348,0.6172839506172849,0.7963483146067414,0.2267818574514039,0.6951219512195123,0.0,0.0,0.0,0.0,0.0
1.0,0.9673913043478208,0.9135802469135825,0.5969101123595506,0.2375809935205183,0.0813008130081301,0.0,0.0,0.0,0.0,0.0
0.0,0.08695652173912549,0.14814814814814525,0.502808988764045,0.2699784017278618,0.13414634146341464,0.0,0.0,0.0,0.0,0.0
0.5,0.5434782608695627,0.7283950617283992,0.5294943820224718,0.3801295896328294,0.43495934959349597,0.0,0.0,0.0,0.0,0.0
0.5,0.3369565217391255,0.3950617283950635,0.6390449438202246,0.2656587473002159,0.44308943089430897,0.0,0.0,0.0,0.0,0.0
1.0,0.20652173913043015,0.3209876543209944,0.5912921348314606,0.4168466522678185,0.03658536585365854,0.0,0.0,0.0,0.0,0.0
0.0,0.38043478260869534,0.4320987654321016,0.3398876404494382,0.7300215982721381,0.5487804878048781,0.0,0.0,0.0,0.0,0.0
0.5,0.5217391304347814,0.4197530864197603,0.4143258426966294,0.5788336933045355,0.47154471544715454,0.0,0.0,0.0,0.0,0.0
0.5,0.5543478260869534,0.5061728395061778,0.5140449438202246,0.40604751619870405,0.6097560975609757,0.0,0.0,0.0,0.0,0.0
0.5,0.10869565217390686,0.17283950617284205,0.6727528089887642,0.2764578833693304,0.7723577235772359,0.0,0.0,0.0,0.0,0.0
0.5,0.5869565217391255,0.5925925925925952,0.4957865168539326,0.5896328293736499,0.7804878048780488,0.0,0.0,0.0,0.0,0.0
1.0,0.4891304347826093,0.5308641975308674,0.6306179775280898,0.29373650107991367,0.6991869918699187,0.0,0.0,0.0,0.0,0.0
0.5,0.38043478260869534,0.4197530864197603,0.2514044943820224,0.5464362850971921,0.459349593495935,0.0,0.0,0.0,0.0,0.0
0.5,0.3478260869565162,0.46913580246913966,0.2837078651685394,0.5658747300215982,0.8252032520325204,1.0,0.0,0.0,0.0,0.0
0.5,0.6847826086956488,0.6419753086419746,0.6179775280898878,0.3023758099352052,0.22764227642276424,0.0,0.0,0.0,0.0,0.0
0.0,0.44565217391303946,0.44444444444444997,0.359550561797753,0.6393088552915767,0.03658536585365854,0.0,0.0,0.0,0.0,0.0
0.5,0.22826086956521152,0.308641975308646,0.6404494382022474,0.29589632829373635,0.1585365853658537,0.0,0.0,0.0,0.0,0.0
0.0,0.38043478260869534,0.518518518518519,0.3974719101123594,0.5291576673866091,0.2682926829268293,0.0,0.0,0.0,0.0,0.0
0.5,0.5434782608695627,0.6172839506172849,0.5000000000000002,0.263498920086393,0.5,0.0,0.0,0.0,0.0,0.0
1.0,0.4239130434782581,0.3333333333333357,0.9452247191011238,0.05615550755939519,0.34959349593495936,0.0,0.0,0.0,0.0,0.0
0.5,0.7173913043478208,0.5802469135802468,0.271067415730337,0.7516198704103672,0.5121951219512195,0.0,1.0,0.0,0.0,0.0
0.5,0.46739130434782794,0.45679012345679126,0.646067415730337,0.2764578833693304,0.5894308943089431,0.0,0.0,0.0,0.0,0.0
0.5,0.6847826086956488,0.6172839506172849,0.6390449438202246,0.29589632829373635,0.7967479674796749,0.0,0.0,0.0,0.0,0.0
0.5,0.5978260869565162,0.7407407407407405,0.324438202247191,0.6241900647948164,0.04065040650406505,0.0,0.0,0.0,0.0,0.0
0.0,0.17391304347825098,0.2592592592592595,0.5140449438202246,0.33909287257019427,0.83739837398374,1.0,0.0,0.0,0.0,0.0
0.5,0.29347826086956275,0.518518518518519,0.3089887640449438,0.5961123110151187,0.17479674796747968,0.0,0.0,0.0,0.0,0.0
0.5,0.7282608695652115,0.654320987654323,0.5379213483146066,0.3822894168466522,0.8861788617886179,0.0,0.0,0.0,0.0,0.0
0.5,0.22826086956521152,0.3703703703703738,0.3511235955056178,0.5032397408207343,0.47154471544715454,0.0,0.0,0.0,0.0,0.0
0.5,0.5108695652173907,0.44444444444444997,0.300561797752809,0.6717062634989202,0.7032520325203253,0.0,0.0,0.0,0.0,0.0
1.0,0.7173913043478208,0.6172839506172849,0.3117977528089888,0.6004319654427646,0.3252032520325204,0.0,0.0,0.0,0.0,0.0
0.5,0.3478260869565162,0.46913580246913966,0.2626404494382022,0.6976241900647948,0.459349593495935,0.0,0.0,0.0,0.0,0.0
0.0,0.35869565217391397,0.46913580246913966,0.2696629213483146,0.4514038876889849,0.1585365853658537,0.0,0.0,0.0,0.0,0.0
0.5,0.3260869565217348,0.4197530864197603,0.4058988764044942,0.4319654427645788,0.12601626016260165,0.0,0.0,0.0,0.0,0.0
1.0,0.4130434782608674,0.3333333333333357,0.2064606741573034,0.7235421166306695,0.2520325203252033,0.0,0.0,0.0,0.0,0.0
0.5,0.2608695652173836,0.3703703703703738,0.3735955056179774,0.43412526997840173,0.38617886178861793,0.0,0.0,0.0,0.0,0.0
0.5,0.5869565217391255,0.6296296296296333,0.5337078651685394,0.29589632829373635,0.42276422764227645,0.0,0.0,0.0,0.0,0.0
1.0,0.38043478260869534,0.5925925925925952,0.6952247191011238,0.2742980561555075,0.016260162601626018,0.0,0.0,0.0,0.0,0.0
0.5,0.7826086956521721,0.8024691358024683,0.8314606741573034,0.16846652267818563,0.22764227642276424,0.0,0.0,0.0,0.0,0.0
1.0,0.45652173913043015,0.5432098765432158,0.247191011235955,0.8855291576673865,0.2723577235772358,0.0,0.0,0.0,0.0,0.0
1.0,0.6195652173912976,0.49382716049382935,0.1474719101123596,0.8272138228941683,0.6585365853658537,0.0,0.0,0.0,0.0,0.0
0.5,0.5760869565217348,0.5308641975308674,0.6671348314606742,0.3153347732181425,0.3577235772357724,0.0,0.0,0.0,0.0,0.0
0.5,0.21739130434782084,0.2962962962963047,0.8146067415730338,0.17926565874730016,0.21951219512195125,0.0,0.0,0.0,0.0,0.0
0.5,0.6086956521739069,0.6419753086419746,0.4410112359550562,0.4989200863930886,0.2520325203252033,0.0,0.0,0.0,0.0,0.0
0.5,0.4239130434782581,0.6049382716049436,0.2626404494382022,0.9028077753779697,0.17073170731707318,0.0,0.0,0.0,0.0,0.0
0.5,0.5434782608695627,0.7160493827160508,0.5182584269662922,0.40604751619870405,0.0934959349593496,0.0,0.0,0.0,0.0,0.0
1.0,0.8478260869565233,0.654320987654323,0.4592696629213482,0.593952483801296,0.06504065040650407,0.0,0.0,0.0,0.0,0.0
1.0,0.5108695652173907,0.48148148148148806,0.5477528089887642,0.4233261339092873,0.6585365853658537,0.0,0.0,0.0,0.0,0.0
0.0,0.4130434782608674,0.5308641975308674,0.6657303370786518,0.28077753779697623,0.7601626016260163,0.0,0.0,0.0,0.0,0.0
1.0,0.6195652173912976,0.790123456790127,0.675561797752809,0.17926565874730016,0.6829268292682927,0.0,0.0,0.0,0.0,0.0
0.5,0.35869565217391397,0.44444444444444997,0.3735955056179774,0.5701943844492441,0.10569105691056911,0.0,0.0,0.0,0.0,0.0
1.0,0.6086956521739069,0.6172839506172849,0.3328651685393258,0.4946004319654427,0.5406504065040652,0.0,0.0,0.0,0.0,0.0
0.5,0.8478260869565233,0.8765432098765444,0.396067415730337,0.5183585313174945,0.44308943089430897,0.0,0.0,0.0,0.0,0.0
1.0,0.2391304347826022,0.4320987654321016,0.872191011235955,0.1576673866090712,0.8739837398373985,0.0,0.0,0.0,0.0,0.0
0.5,0.6847826086956488,0.6172839506172849,0.3384831460674158,0.6565874730021597,0.8699186991869919,0.0,0.0,0.0,0.0,0.0
0.5,0.7826086956521721,0.5679012345679055,0.5000000000000002,0.40820734341252696,0.48373983739837406,0.0,0.0,0.0,0.0,0.0
0.5,0.20652173913043015,0.3209876543209944,0.7162921348314606,0.17062634989200864,0.7642276422764228,0.0,0.0,0.0,0.0,0.0
0.5,0.5978260869565162,0.6296296296296333,0.7106741573033706,0.2764578833693304,0.6138211382113822,0.0,0.0,0.0,0.0,0.0
0.5,0.9565217391304373,0.9135802469135825,0.202247191011236,0.7343412526997839,0.23170731707317074,0.0,0.0,0.0,0.0,0.0
1.0,0.9347826086956488,0.9259259259259238,0.5969101123595506,0.44276457883369325,0.32113821138211385,0.0,0.0,0.0,0.0,0.0
0.5,0.5217391304347814,0.45679012345679126,0.5407303370786518,0.4233261339092873,0.17073170731707318,0.0,0.0,0.0,0.0,0.0
0.5,0.4021739130434767,0.5679012345679055,0.5182584269662922,0.427645788336933,0.4634146341463415,0.0,0.0,0.0,0.0,0.0
0.5,0.29347826086956275,0.3456790123456841,0.728932584269663,0.14254859611231097,0.8252032520325204,0.0,0.0,0.0,0.0,0.0
1.0,0.21739130434782084,0.3703703703703738,0.6629213483146066,0.3023758099352052,0.08536585365853659,0.0,0.0,0.0,0.0,0.0
0.5,0.4021739130434767,0.5679012345679055,0.3567415730337078,0.5982721382289415,0.4024390243902439,0.0,0.0,0.0,0.0,0.0
1.0,0.4347826086956488,0.4197530864197603,0.3735955056179774,0.6004319654427646,0.5325203252032521,0.0,0.0,0.0,0.0,0.0
0.5,0.5434782608695627,0.7530864197530889,0.330056179775281,0.5572354211663066,0.21544715447154475,0.0,0.0,0.0,0.0,0.0
1.0,0.7608695652173907,0.7530864197530889,0.252808988764045,0.7321814254859611,0.48373983739837406,0.0,0.0,0.0,0.0,0.0
0.5,0.5760869565217348,0.5925925925925952,0.4578651685393258,0.4967602591792656,0.12601626016260165,0.0,0.0,0.0,0.0,0.0
1.0,0.4239130434782581,0.3333333333333357,0.2991573033707866,0.6133909287257018,0.020325203252032523,0.0,0.0,0.0,0.0,0.0
0.5,0.4130434782608674,0.5802469135802468,0.5154494382022474,0.5140388768898487,0.32113821138211385,0.0,0.0,0.0,0.0,0.0
1.0,0.6086956521739069,0.6172839506172849,0.2514044943820224,0.6803455723542116,0.861788617886179,0.0,0.0,0.0,0.0,0.0
1.0,0.6195652173912976,0.6049382716049436,0.723314606741573,0.1555075593952484,0.05691056910569106,0.0,0.0,0.0,0.0,0.0
1.0,0.6521739130434767,0.6172839506172849,0.1643258426966292,0.8250539956803455,0.3739837398373984,0.0,0.0,0.0,0.0,0.0
0.5,0.13043478260868824,0.20987654320987303,0.4775280898876406,0.44492440604751615,0.3455284552845529,0.0,0.0,0.0,0.0,0.0
1.0,0.6630434782608603,0.6172839506172849,0.2696629213483146,0.4730021598272137,0.6829268292682927,0.0,0.0,0.0,0.0,0.0
0.5,0.3913043478260789,0.5432098765432158,0.544943820224719,0.36069114470842323,0.3170731707317074,0.0,0.0,0.0,0.0,0.0
0.5,0.21739130434782084,0.3456790123456841,0.484550561797753,0.5269978401727862,0.5691056910569107,0.0,0.0,0.0,0.0,0.0
0.5,0.22826086956521152,0.2716049382716008,0.2907303370786518,0.5961123110151187,0.6341463414634148,0.0,0.0,0.0,0.0,0.0
0.5,0.6630434782608603,0.6296296296296333,0.5056179775280898,0.36285097192224613,0.39430894308943093,0.0,0.0,0.0,0.0,0.0
1.0,0.2391304347826022,0.3580246913580325,0.202247191011236,0.6911447084233262,0.0975609756097561,0.0,0.0,0.0,0.0,0.0
0.5,0.5869565217391255,0.654320987654323,0.3230337078651686,0.6889848812095032,0.3699186991869919,0.0,0.0,0.0,0.0,1.0
0.0,0.2391304347826022,0.3456790123456841,0.2949438202247192,0.5723542116630669,0.22764227642276424,0.0,0.0,0.0,0.0,0.0
0.5,0.2391304347826022,0.44444444444444997,0.5351123595505618,0.3758099352051836,0.0813008130081301,0.0,0.0,0.0,0.0,0.0
1.0,0.09782608695651618,0.18518518518518334,0.2837078651685394,0.5161987041036716,0.020325203252032523,0.0,0.0,0.0,0.0,0.0
1.0,0.3152173913043441,0.4074074074074119,0.4564606741573034,0.44060475161987034,0.7804878048780488,0.0,0.0,0.0,0.0,0.0
1.0,0.7717391304347743,0.5802469135802468,0.5660112359550562,0.3066954643628509,0.6056910569105691,0.0,0.0,0.0,0.0,0.0
1.0,0.6956521739130395,0.518518518518519,0.491573033707865,0.44924406047516185,0.4308943089430895,0.0,0.0,0.0,0.0,0.0
0.0,0.8260869565217348,0.8148148148148167,0.4578651685393258,0.5766738660907127,0.7113821138211383,0.0,0.0,0.0,0.0,0.0
1.0,0.7717391304347743,0.6419753086419746,0.401685393258427,0.4643628509719222,0.5040650406504066,0.0,0.0,0.0,0.0,0.0
0.5,0.7717391304347743,0.5555555555555571,0.6446629213483146,0.17710583153347725,0.3577235772357724,0.0,0.0,0.0,0.0,0.0
0.5,0.3369565217391255,0.44444444444444997,0.508426966292135,0.36285097192224613,0.012195121951219513,0.0,0.0,0.0,0.0,0.0
0.5,0.4130434782608674,0.5925925925925952,0.2893258426966292,0.8920086393088551,0.2601626016260163,0.0,0.0,0.0,0.0,0.0
1.0,0.4239130434782581,0.5802469135802468,0.199438202247191,0.6889848812095032,0.13821138211382114,0.0,0.0,0.0,0.0,0.0
0.5,0.3152173913043441,0.3333333333333357,0.2415730337078652,0.6328293736501078,0.8495934959349595,0.0,0.0,0.0,0.0,0.0
1.0,0.2391304347826022,0.3580246913580325,0.4592696629213482,0.33261339092872566,0.6300813008130082,0.0,0.0,0.0,0.0,0.0
0.5,0.7065217391304301,0.6913580246913611,0.4044943820224718,0.5205183585313174,0.6016260162601627,0.0,0.0,0.0,0.0,0.0
0.5,0.6739130434782581,0.5802469135802468,0.6264044943820226,0.3023758099352052,0.6138211382113822,0.0,0.0,0.0,0.0,0.0
0.5,0.3913043478260789,0.3950617283950635,0.9087078651685394,0.10367170626349886,0.14227642276422767,0.0,0.0,0.0,0.0,0.0
0.5,0.6521739130434767,0.5308641975308674,0.3581460674157302,0.44924406047516185,0.02845528455284553,0.0,0.0,0.0,0.0,0.0
0.5,0.5217391304347814,0.5432098765432158,0.7036516853932586,0.2311015118790497,0.052845528455284556,0.0,0.0,0.0,0.0,0.0
0.5,0.35869565217391397,0.48148148148148806,0.491573033707865,0.44492440604751615,0.4308943089430895,0.0,0.0,0.0,0.0,0.0
1.0,0.29347826086956275,0.23456790123456983,0.5421348314606742,0.33477321814254857,0.7032520325203253,0.0,0.0,0.0,0.0,0.0
0.5,0.3913043478260789,0.5679012345679055,0.383426966292135,0.5183585313174945,0.47967479674796754,0.0,0.0,0.0,0.0,0.0
0.0,0.4130434782608674,0.5308641975308674,0.348314606741573,0.6349892008639308,0.8333333333333334,0.0,0.0,0.0,0.0,0.0
1.0,0.6739130434782581,0.6296296296296333,0.2837078651685394,0.5917926565874729,0.12195121951219513,0.0,0.0,0.0,0.0,0.0
0.5,0.4891304347826093,0.4197530864197603,0.681179775280899,0.22030237580993517,0.8130081300813009,0.0,0.0,0.0,0.0,0.0
0.5,0.4021739130434767,0.3456790123456841,0.5912921348314606,0.3153347732181425,0.6463414634146342,0.0,0.0,0.0,0.0,0.0
0.5,0.8586956521739069,0.7037037037037024,0.2359550561797754,0.7278617710583153,0.032520325203252036,0.0,1.0,0.0,0.0,0.0
1.0,0.3478260869565162,0.3580246913580325,0.2823033707865168,0.7408207343412525,0.1788617886178862,0.0,0.0,0.0,0.0,0.0
0.5,0.30434782608695343,0.4074074074074119,0.848314606741573,0.16198704103671702,0.1910569105691057,0.0,0.0,0.0,0.0,0.0
0.5,0.3369565217391255,0.3209876543209944,0.3356741573033708,0.48812095032397407,0.7560975609756099,0.0,0.0,0.0,0.0,0.0
1.0,0.8804347826086882,0.7530864197530889,0.4662921348314606,0.48596112311015116,0.8292682926829269,0.0,0.0,0.0,0.0,0.0
0.5,0.3369565217391255,0.3703703703703738,0.4775280898876406,0.3455723542116631,0.5121951219512195,0.0,0.0,0.0,0.0,0.0
0.5,0.35869565217391397,0.5308641975308674,0.4691011235955058,0.40820734341252696,0.016260162601626018,0.0,0.0,0.0,0.0,0.0
0.5,0.3369565217391255,0.518518518518519,0.7612359550561798,0.16630669546436283,0.08536585365853659,0.0,0.0,0.0,0.0,0.0
1.0,0.2608695652173836,0.3950617283950635,0.4873595505617978,0.41036717062634986,0.4390243902439025,0.0,0.0,0.0,0.0,0.0
1.0,0.6630434782608603,0.6296296296296333,0.4873595505617978,0.427645788336933,0.43495934959349597,0.0,0.0,0.0,0.0,0.0
0.5,0.35869565217391397,0.45679012345679126,0.1867977528089888,0.6760259179265657,0.21138211382113822,0.0,0.0,0.0,0.0,0.0
1.0,0.25,0.3333333333333357,0.455056179775281,0.5593952483801296,0.20731707317073172,0.0,0.0,0.0,0.0,0.0
0.0,0.5434782608695627,0.7160493827160508,0.3946629213483146,0.4514038876889849,0.11788617886178863,0.0,0.0,0.0,0.0,0.0
1.0,0.6521739130434767,0.654320987654323,0.3075842696629214,0.5917926565874729,0.8008130081300814,0.0,0.0,0.0,0.0,0.0
1.0,0.4239130434782581,0.4074074074074119,0.9803370786516854,0.0820734341252699,0.5569105691056911,0.0,0.0,0.0,0.0,0.0
1.0,0.1521739130434696,0.23456790123456983,0.5112359550561798,0.3153347732181425,0.6097560975609757,0.0,0.0,0.0,0.0,0.0
0.0,0.11956521739129755,0.19753086419753174,0.5014044943820226,0.37365010799136056,0.30487804878048785,0.0,0.0,0.0,0.0,0.0
0.0,0.4782608695652115,0.6296296296296333,0.330056179775281,0.5723542116630669,0.8008130081300814,0.0,0.0,0.0,0.0,0.0
1.0,0.3913043478260789,0.5061728395061778,0.252808988764045,0.6587473002159827,0.467479674796748,0.0,0.0,0.0,0.0,0.0
1.0,0.7717391304347743,0.7037037037037024,0.6910112359550562,0.20518358531317493,0.5203252032520326,0.0,0.0,0.0,0.0,0.0
0.5,0.2391304347826022,0.3950617283950635,0.2907303370786518,0.5896328293736499,0.7601626016260163,0.0,0.0,0.0,0.0,0.0
0.5,0.2391304347826022,0.44444444444444997,0.6910112359550562,0.20950323974082075,0.29268292682926833,0.0,0.0,0.0,0.0,0.0
1.0,0.20652173913043015,0.3209876543209944,0.3455056179775282,0.4730021598272137,0.024390243902439025,0.0,0.0,0.0,0.0,0.0
0.5,0.5108695652173907,0.48148148148148806,0.4817415730337078,0.5680345572354211,0.6097560975609757,0.0,0.0,0.0,0.0,0.0
0.0,0.38043478260869534,0.49382716049382935,0.3904494382022474,0.755939524838013,0.47967479674796754,0.0,0.0,0.0,0.0,0.0
1.0,0.30434782608695343,0.3950617283950635,0.196629213483146,0.6825053995680346,0.3577235772357724,0.0,0.0,0.0,0.0,0.0
0.5,0.5434782608695627,0.7407407407407405,0.4662921348314606,0.3758099352051836,0.020325203252032523,0.0,0.0,0.0,0.0,0.0
1.0,0.2391304347826022,0.4197530864197603,0.5014044943820226,0.3974082073434124,0.7154471544715448,0.0,0.0,0.0,0.0,0.0
0.5,0.4130434782608674,0.3456790123456841,0.6924157303370786,0.2354211663066954,0.2804878048780488,0.0,0.0,0.0,0.0,0.0
0.5,0.1521739130434696,0.23456790123456983,0.5014044943820226,0.39956803455723544,0.21544715447154475,0.0,0.0,0.0,0.0,0.0
1.0,0.45652173913043015,0.6296296296296333,0.455056179775281,0.43412526997840173,0.6341463414634148,0.0,0.0,0.0,0.0,0.0
0.5,0.891304347826086,0.9012345679012341,0.5112359550561798,0.4362850971922245,0.2967479674796748,0.0,0.0,0.0,0.0,0.0
0.5,0.7499999999999929,0.6666666666666714,0.627808988764045,0.3131749460043196,0.3821138211382114,0.0,0.0,0.0,0.0,0.0
1.0,0.36956521739129755,0.48148148148148806,0.279494382022472,0.6047516198704104,0.7560975609756099,0.0,0.0,0.0,0.0,0.0
0.0,0.4782608695652115,0.4320987654321016,0.4002808988764046,0.6371490280777536,0.5365853658536586,0.0,0.0,0.0,0.0,0.0
0.5,0.3369565217391255,0.3580246913580325,0.4129213483146066,0.5161987041036716,0.5040650406504066,0.0,0.0,0.0,0.0,0.0
0.5,0.45652173913043015,0.6296296296296333,0.2429775280898876,0.7516198704103672,0.29268292682926833,0.0,0.0,0.0,0.0,0.0
1.0,0.5760869565217348,0.45679012345679126,0.181179775280899,0.5421166306695464,0.2967479674796748,0.0,0.0,0.0,0.0,0.0
0.5,0.5652173913043441,0.7283950617283992,0.6713483146067414,0.21382289416846645,0.6422764227642277,0.0,0.0,0.0,0.0,0.0
0.5,0.7065217391304301,0.6419753086419746,0.3735955056179774,0.3542116630669546,0.13414634146341464,0.0,0.0,0.0,0.0,0.0
1.0,0.2391304347826022,0.45679012345679126,0.9101123595505618,0.14038876889848817,0.426829268292683,0.0,0.0,0.0,0.0,0.0
0.0,0.5869565217391255,0.8148148148148167,0.6839887640449438,0.1555075593952484,0.32926829268292684,0.0,0.0,0.0,0.0,0.0
0.5,0.20652173913043015,0.2962962962963047,0.7429775280898878,0.2332613390928725,0.8292682926829269,0.0,0.0,0.0,0.0,0.0
0.5,0.9347826086956488,0.9135802469135825,0.6404494382022474,0.1922246220302375,0.38617886178861793,0.0,0.0,0.0,0.0,0.0
0.5,0.36956521739129755,0.5061728395061778,0.1952247191011236,0.7969762419006479,0.5691056910569107,0.0,0.0,0.0,0.0,0.0
0.5,0.19565217391303946,0.2592592592592595,0.699438202247191,0.16198704103671702,0.7357723577235773,0.0,0.0,0.0,0.0,0.0
1.0,0.6086956521739069,0.654320987654323,0.5393258426966294,0.3066954643628509,0.5284552845528456,0.0,0.0,0.0,0.0,0.0
0.5,0.7499999999999929,0.7407407407407405,0.4283707865168538,0.5291576673866091,0.7235772357723578,0.0,0.0,0.0,0.0,0.0
0.5,0.6847826086956488,0.6913580246913611,0.734550561797753,0.21166306695464354,0.37804878048780494,0.0,0.0,0.0,0.0,0.0
1.0,0.1521739130434696,0.2592592592592595,0.6867977528089886,0.2656587473002159,0.459349593495935,0.0,0.0,0.0,0.0,0.0
0.5,0.21739130434782084,0.2962962962963047,0.5379213483146066,0.3369330453563715,0.6341463414634148,0.0,0.0,0.0,0.0,0.0
0.5,0.36956521739129755,0.5555555555555571,0.3103932584269664,0.6522678185745139,0.21951219512195125,0.0,0.0,0.0,0.0,0.0
0.5,0.7717391304347743,0.654320987654323,0.1882022471910112,0.8488120950323974,0.7276422764227644,0.0,0.0,0.0,0.0,0.0
0.5,0.5760869565217348,0.45679012345679126,0.4002808988764046,0.5183585313174945,0.3089430894308943,0.0,0.0,0.0,0.0,0.0
0.5,0.5652173913043441,0.7407407407407405,0.8820224719101122,0.14470842332613387,0.1910569105691057,0.0,0.0,0.0,0.0,0.0
0.5,0.6630434782608603,0.5802469135802468,0.3511235955056178,0.5032397408207343,0.34959349593495936,0.0,0.0,0.0,0.0,0.0
0.5,0.2717391304347814,0.5061728395061778,0.491573033707865,0.36069114470842323,0.8048780487804879,0.0,0.0,0.0,0.0,0.0
0.5,0.5760869565217348,0.45679012345679126,0.3398876404494382,0.4362850971922245,0.41869918699187,0.0,0.0,0.0,0.0,0.0
0.5,0.38043478260869534,0.3827160493827222,0.5224719101123594,0.44276457883369325,0.24796747967479676,0.0,0.0,0.0,0.0,0.0
0.5,0.2717391304347814,0.2592592592592595,0.377808988764045,0.42548596112311,0.08536585365853659,0.0,0.0,0.0,0.0,0.0
0.5,0.6086956521739069,0.6172839506172849,0.4157303370786518,0.5010799136069113,0.8170731707317074,0.0,0.0,0.0,0.0,0.0
0.5,0.22826086956521152,0.2962962962963047,0.794943820224719,0.12526997840172782,0.032520325203252036,0.0,0.0,0.0,0.0,0.0
0.5,0.5326086956521721,0.46913580246913966,0.4382022471910114,0.2699784017278618,0.19918699186991873,0.0,0.0,0.0,0.0,0.0
0.5,0.7391304347826093,0.6049382716049436,0.2837078651685394,0.7235421166306695,0.020325203252032523,0.0,0.0,0.0,0.0,0.0
0.5,0.4130434782608674,0.3456790123456841,0.3820224719101122,0.42548596112311,0.5894308943089431,0.0,0.0,0.0,0.0,0.0
0.5,0.18478260869564878,0.2716049382716008,0.6348314606741574,0.24838012958963285,0.5975609756097562,0.0,0.0,0.0,0.0,0.0
0.5,0.6956521739130395,0.518518518518519,0.5955056179775282,0.3801295896328294,0.37804878048780494,0.0,0.0,0.0,0.0,0.0
0.5,0.2391304347826022,0.3333333333333357,0.5912921348314606,0.3887688984881209,0.4308943089430895,0.0,0.0,0.0,0.0,0.0
0.5,0.7282608695652115,0.6913580246913611,0.5393258426966294,0.4535637149028078,0.10569105691056911,0.0,0.0,0.0,0.0,0.0
1.0,0.30434782608695343,0.2716049382716008,0.6727528089887642,0.19006479481641458,0.3089430894308943,0.0,0.0,0.0,0.0,0.0
0.5,0.6956521739130395,0.6296296296296333,0.5280898876404494,0.5269978401727862,0.5487804878048781,0.0,0.0,0.0,0.0,0.0
0.5,0.7391304347826093,0.7160493827160508,0.491573033707865,0.4168466522678185,0.10569105691056911,0.0,0.0,0.0,0.0,0.0
0.0,0.5217391304347814,0.45679012345679126,0.5337078651685394,0.44708423326133895,0.11382113821138212,0.0,0.0,0.0,0.0,0.0
1.0,0.6521739130434767,0.6666666666666714,0.9143258426966294,0.11447084233261329,0.0894308943089431,0.0,0.0,0.0,0.0,0.0
0.5,0.29347826086956275,0.48148148148148806,0.3089887640449438,0.673866090712743,0.49593495934959353,0.0,0.0,0.0,0.0,0.0
0.5,0.5978260869565162,0.6296296296296333,0.3890449438202246,0.7278617710583153,0.16666666666666669,0.0,0.0,0.0,0.0,0.0
1.0,0.19565217391303946,0.3333333333333357,0.3342696629213484,0.4730021598272137,0.6707317073170732,0.0,0.0,0.0,0.0,0.0
0.5,0.7499999999999929,0.7037037037037024,0.598314606741573,0.25917926565874727,0.16666666666666669,0.0,0.0,0.0,0.0,0.0
1.0,0.9239130434782581,0.9012345679012341,0.4648876404494382,0.5377969762419006,0.459349593495935,0.0,0.0,0.0,0.0,0.0
1.0,0.8369565217391255,0.6790123456790127,0.2865168539325842,0.4600431965442764,0.40650406504065045,0.0,0.0,0.0,0.0,0.0
0.5,0.3152173913043441,0.3209876543209944,0.3862359550561798,0.4686825053995679,0.5365853658536586,0.0,0.0,0.0,0.0,0.0
0.5,0.5108695652173907,0.4320987654321016,0.5997191011235954,0.25917926565874727,0.6097560975609757,0.0,0.0,0.0,0.0,0.0
1.0,0.3152173913043441,0.4074074074074119,0.3188202247191012,0.593952483801296,0.3089430894308943,0.0,0.0,0.0,0.0,0.0
0.5,0.6521739130434767,0.5679012345679055,0.5224719101123594,0.4557235421166307,0.5325203252032521,0.0,0.0,0.0,0.0,0.0
0.5,0.6521739130434767,0.6172839506172849,0.8117977528089886,0.09071274298056153,0.7073170731707318,0.0,0.0,0.0,0.0,0.0
1.0,0.4891304347826093,0.45679012345679126,0.3061797752808988,0.6047516198704104,0.5813008130081302,0.0,0.0,0.0,0.0,0.0
1.0,0.5978260869565162,0.6790123456790127,0.3525280898876406,0.41036717062634986,0.33333333333333337,0.0,0.0,0.0,0.0,0.0
0.5,0.7499999999999929,0.6296296296296333,0.6882022471910114,0.2764578833693304,0.21138211382113822,0.0,0.0,0.0,0.0,0.0
0.0,0.7608695652173907,0.6419753086419746,0.2570224719101124,0.611231101511879,0.5284552845528456,0.0,1.0,0.0,0.0,0.0
0.5,0.3913043478260789,0.48148148148148806,0.25561797752809,0.6652267818574513,0.7439024390243903,0.0,0.0,0.0,0.0,0.0
0.5,0.1630434782608674,0.308641975308646,0.25,0.7278617710583153,0.7845528455284554,0.0,0.0,0.0,0.0,0.0
1.0,0.22826086956521152,0.3209876543209944,0.4943820224719102,0.3131749460043196,0.20731707317073172,0.0,0.0,0.0,0.0,0.0
1.0,0.7065217391304301,0.654320987654323,0.2949438202247192,0.6349892008639308,0.6829268292682927,0.0,0.0,0.0,0.0,0.0
0.5,0.6195652173912976,0.7283950617283992,0.4030898876404494,0.5032397408207343,0.5406504065040652,0.0,0.0,0.0,0.0,0.0
0.0,0.29347826086956275,0.4197530864197603,0.5252808988764046,0.3520518358531317,0.2642276422764228,0.0,0.0,0.0,0.0,0.0
1.0,0.29347826086956275,0.3703703703703738,0.2724719101123596,0.6133909287257018,0.7357723577235773,0.0,0.0,0.0,0.0,0.0
0.5,0.5434782608695627,0.7407407407407405,0.556179775280899,0.29157667386609065,0.23983739837398377,0.0,0.0,0.0,0.0,0.0
0.5,0.3260869565217348,0.3456790123456841,0.675561797752809,0.24838012958963285,0.5853658536585367,0.0,0.0,0.0,0.0,0.0
1.0,0.6956521739130395,0.5432098765432158,0.348314606741573,0.5161987041036716,0.24796747967479676,0.0,0.0,0.0,0.0,0.0
0.5,0.7608695652173907,0.654320987654323,0.5730337078651686,0.2721382289416847,0.6951219512195123,0.0,0.0,0.0,0.0,0.0
0.5,0.6521739130434767,0.6296296296296333,0.3750000000000002,0.5788336933045355,0.23983739837398377,0.0,0.0,0.0,0.0,0.0
1.0,0.7717391304347743,0.5555555555555571,0.2935393258426966,0.771058315334773,0.5813008130081302,0.0,0.0,0.0,0.0,0.0
0.5,0.7173913043478208,0.5802469135802468,0.1446629213483146,0.9222462203023756,0.0894308943089431,0.0,1.0,0.0,0.0,0.0
1.0,0.22826086956521152,0.3209876543209944,0.5154494382022474,0.5982721382289415,0.07317073170731708,0.0,0.0,0.0,0.0,0.0
0.5,0.3152173913043441,0.24691358024691112,0.7092696629213482,0.2656587473002159,0.3699186991869919,0.0,0.0,0.0,0.0,0.0
1.0,0.5326086956521721,0.5432098765432158,0.4241573033707866,0.44060475161987034,0.7642276422764228,0.0,0.0,0.0,0.0,0.0
0.5,0.7826086956521721,0.7654320987654302,0.3567415730337078,0.5745140388768899,0.2642276422764228,0.0,0.0,0.0,0.0,0.0
1.0,0.5869565217391255,0.654320987654323,0.5280898876404494,0.49028077753779686,0.49186991869918706,0.0,0.0,0.0,0.0,0.0
1.0,0.5652173913043441,0.7654320987654302,0.9719101123595506,0.04319654427645786,0.40650406504065045,0.0,0.0,0.0,0.0,0.0
0.5,0.6304347826086953,0.6049382716049436,0.6011235955056178,0.32613390928725705,0.28455284552845533,0.0,0.0,0.0,0.0,0.0
1.0,0.2717391304347814,0.4074074074074119,0.5519662921348314,0.5377969762419006,0.06910569105691057,0.0,0.0,0.0,0.0,0.0
0.5,0.8043478260869534,0.790123456790127,0.7092696629213482,0.25701943844492436,0.6300813008130082,0.0,0.0,0.0,0.0,0.0
0.5,0.7391304347826093,0.654320987654323,0.5660112359550562,0.32397408207343414,0.5772357723577236,0.0,0.0,0.0,0.0,0.0
0.5,0.20652173913043015,0.3456790123456841,0.4044943820224718,0.4665226781857451,0.16666666666666669,0.0,0.0,0.0,0.0,0.0
0.5,0.38043478260869534,0.3580246913580325,0.6292134831460674,0.2656587473002159,0.15447154471544716,0.0,0.0,0.0,0.0,0.0
1.0,0.8369565217391255,0.8148148148148167,0.6896067415730338,0.20302375809935203,0.44308943089430897,0.0,0.0,0.0,0.0,0.0
1.0,0.19565217391303946,0.3456790123456841,0.4662921348314606,0.47516198704103674,0.32926829268292684,0.0,0.0,0.0,0.0,0.0
1.0,0.7282608695652115,0.6790123456790127,0.3047752808988764,0.6349892008639308,0.0813008130081301,0.0,0.0,0.0,0.0,0.0
0.5,0.3152173913043441,0.3827160493827222,0.5014044943820226,0.3174946004319653,0.13008130081300814,0.0,0.0,0.0,0.0,0.0
0.0,0.7282608695652115,0.6049382716049436,0.3581460674157302,0.4989200863930886,0.04878048780487805,0.0,0.0,0.0,0.0,0.0
1.0,0.5869565217391255,0.654320987654323,0.273876404494382,0.4557235421166307,0.37804878048780494,0.0,0.0,0.0,0.0,0.0
0.5,0.6521739130434767,0.5925925925925952,0.25561797752809,0.5961123110151187,0.28455284552845533,0.0,0.0,0.0,0.0,0.0
0.5,0.21739130434782084,0.2592592592592595,0.2837078651685394,0.5248380129589632,0.6869918699186992,0.0,0.0,0.0,0.0,0.0
0.0,0.3478260869565162,0.45679012345679126,0.5477528089887642,0.29157667386609065,0.5813008130081302,0.0,0.0,0.0,0.0,0.0
1.0,0.35869565217391397,0.5308641975308674,0.502808988764045,0.36285097192224613,0.04878048780487805,0.0,0.0,0.0,0.0,0.0
0.0,0.7173913043478208,0.654320987654323,0.151685393258427,0.9395248380129588,0.5569105691056911,0.0,0.0,0.0,0.0,0.0
1.0,0.4347826086956488,0.6419753086419746,0.9030898876404494,0.10799136069114468,0.008130081300813009,0.0,0.0,0.0,0.0,0.0
0.5,0.7717391304347743,0.6790123456790127,0.3750000000000002,0.6004319654427646,0.6260162601626017,0.0,0.0,0.0,0.0,0.0
0.5,0.5869565217391255,0.5555555555555571,0.2865168539325842,0.6587473002159827,0.3373983739837399,0.0,0.0,0.0,0.0,0.0
0.5,0.4130434782608674,0.5432098765432158,0.2148876404494382,0.8898488120950323,0.3821138211382114,0.0,0.0,0.0,0.0,0.0
0.5,0.043478260869562746,0.09876543209876587,0.7780898876404494,0.13174946004319654,0.39430894308943093,0.0,0.0,0.0,0.0,0.0
0.5,0.9673913043478208,0.9506172839506135,0.3525280898876406,0.48380129589632825,0.7113821138211383,0.0,0.0,0.0,0.0,0.0
0.5,0.6630434782608603,0.5802469135802468,0.2879213483146068,0.5442764578833692,0.7642276422764228,0.0,0.0,0.0,0.0,0.0
1.0,0.9347826086956488,0.9259259259259238,0.5435393258426966,0.44492440604751615,0.3008130081300813,0.0,0.0,0.0,0.0,0.0
0.5,0.5543478260869534,0.5432098765432158,0.5070224719101122,0.4708423326133908,0.7479674796747968,0.0,0.0,0.0,0.0,0.0
0.5,0.14130434782608603,0.23456790123456983,0.8792134831460674,0.10799136069114468,0.34959349593495936,0.0,0.0,0.0,0.0,0.0
0.5,0.2717391304347814,0.2592592592592595,0.2991573033707866,0.48380129589632825,0.0934959349593496,0.0,0.0,0.0,0.0,0.0
1.0,0.28260869565216495,0.4320987654321016,0.4859550561797754,0.3887688984881209,0.3902439024390244,0.0,0.0,0.0,0.0,0.0
0.0,0.19565217391303946,0.3333333333333357,0.6615168539325842,0.24406047516198692,0.6951219512195123,0.0,0.0,0.0,0.0,0.0
0.5,0.7282608695652115,0.6666666666666714,0.3132022471910112,0.6565874730021597,0.7601626016260163,0.0,0.0,0.0,0.0,0.0
0.5,0.22826086956521152,0.4074074074074119,0.9129213483146066,0.05399568034557234,0.6544715447154472,0.0,0.0,0.0,0.0,0.0
0.5,0.30434782608695343,0.24691358024691112,0.324438202247191,0.6177105831533478,0.6463414634146342,0.0,0.0,0.0,0.0,0.0
0.5,0.22826086956521152,0.3333333333333357,0.2247191011235956,0.4298056155507559,0.24796747967479676,0.0,0.0,0.0,0.0,0.0
1.0,0.4782608695652115,0.4074074074074119,0.396067415730337,0.6241900647948164,0.6422764227642277,0.0,0.0,0.0,0.0,0.0
0.5,0.4891304347826093,0.4320987654321016,0.5463483146067414,0.33045356371490275,0.6422764227642277,0.0,0.0,0.0,0.0,0.0
0.5,0.4021739130434767,0.5432098765432158,0.366573033707865,0.5961123110151187,0.6544715447154472,0.0,0.0,0.0,0.0,0.0
1.0,0.4999999999999929,0.5802469135802468,0.8946629213483146,0.14038876889848817,0.7113821138211383,0.0,0.0,0.0,0.0,0.0
0.5,0.8260869565217348,0.8024691358024683,0.693820224719101,0.22462203023758098,0.1869918699186992,0.0,0.0,0.0,0.0,0.0
0.5,0.3478260869565162,0.4074074074074119,0.3750000000000002,0.44060475161987034,0.8089430894308944,0.0,0.0,0.0,0.0,0.0
0.0,0.7608695652173907,0.5555555555555571,0.3651685393258426,0.7451403887688985,0.48780487804878053,0.0,0.0,0.0,0.0,0.0
0.0,0.38043478260869534,0.48148148148148806,0.1769662921348314,0.8056155507559395,0.7520325203252033,0.0,0.0,0.0,0.0,0.0
0.5,0.44565217391303946,0.44444444444444997,0.4803370786516854,0.4622030237580993,0.12195121951219513,0.0,0.0,0.0,0.0,0.0
0.5,0.3260869565217348,0.3333333333333357,0.5758426966292134,0.36501079913606904,0.7073170731707318,0.0,0.0,0.0,0.0,0.0
0.5,0.7608695652173907,0.6666666666666714,0.627808988764045,0.33477321814254857,0.7439024390243903,0.0,0.0,0.0,0.0,0.0
0.5,0.45652173913043015,0.6296296296296333,0.544943820224719,0.3909287257019438,0.3008130081300813,0.0,0.0,0.0,0.0,0.0
0.5,0.9891304347826022,0.9753086419753103,0.5646067415730338,0.40604751619870405,0.03658536585365854,0.0,0.0,0.0,0.0,0.0
1.0,0.0,0.012345679012348398,0.5702247191011238,0.347732181425486,0.7479674796747968,0.0,0.0,0.0,0.0,0.0
1.0,0.5978260869565162,0.7654320987654302,0.8117977528089886,0.1922246220302375,0.459349593495935,0.0,0.0,0.0,0.0,0.0
0.5,0.6304347826086953,0.49382716049382935,0.681179775280899,0.2311015118790497,0.6422764227642277,0.0,0.0,0.0,0.0,0.0
0.5,0.6521739130434767,0.6666666666666714,0.5294943820224718,0.32829373650107985,0.22357723577235775,0.0,0.0,0.0,0.0,0.0
0.5,0.5217391304347814,0.48148148148148806,0.502808988764045,0.36501079913606904,0.3902439024390244,0.0,0.0,0.0,0.0,0.0
0.5,0.36956521739129755,0.5061728395061778,0.2963483146067416,0.4362850971922245,0.04471544715447155,0.0,0.0,0.0,0.0,0.0
0.5,0.8695652173913047,0.7037037037037024,0.4410112359550562,0.5593952483801296,0.951219512195122,1.0,0.0,0.0,0.0,0.0
0.0,0.5978260869565162,0.5802469135802468,0.3314606741573034,0.5680345572354211,0.8130081300813009,0.0,0.0,0.0,0.0,0.0
0.5,0.22826086956521152,0.308641975308646,0.3314606741573034,0.6457883369330453,0.21138211382113822,0.0,0.0,0.0,0.0,0.0
1.0,0.18478260869564878,0.2839506172839492,0.3160112359550562,0.6004319654427646,0.21951219512195125,0.0,0.0,0.0,0.0,0.0
1.0,0.4999999999999929,0.7037037037037024,0.2162921348314606,0.7494600431965441,0.13008130081300814,0.0,0.0,0.0,0.0,0.0
0.5,0.4891304347826093,0.46913580246913966,0.7808988764044942,0.1598272138228941,0.5203252032520326,0.0,0.0,0.0,0.0,0.0
0.5,0.4347826086956488,0.3580246913580325,0.592696629213483,0.36501079913606904,0.3170731707317074,0.0,0.0,0.0,0.0,0.0
0.5,0.46739130434782794,0.4197530864197603,0.6432584269662922,0.33909287257019427,0.32926829268292684,0.0,0.0,0.0,0.0,0.0
1.0,0.20652173913043015,0.3333333333333357,0.955056179775281,0.12742980561555073,0.4471544715447155,0.0,0.0,0.0,0.0,0.0
0.5,0.8804347826086882,0.7160493827160508,0.324438202247191,0.5334773218142548,0.2886178861788618,0.0,0.0,0.0,0.0,0.0
1.0,0.20652173913043015,0.3456790123456841,0.2542134831460674,0.7321814254859611,0.17479674796747968,0.0,0.0,0.0,0.0,0.0
1.0,0.6521739130434767,0.5925925925925952,0.4185393258426966,0.4233261339092873,0.3455284552845529,0.0,0.0,0.0,0.0,0.0
0.5,0.4891304347826093,0.45679012345679126,0.6320224719101122,0.1598272138228941,0.11788617886178863,0.0,0.0,0.0,0.0,0.0
0.5,0.5217391304347814,0.5802469135802468,0.521067415730337,0.4168466522678185,0.467479674796748,0.0,0.0,0.0,0.0,0.0
0.5,0.7717391304347743,0.6419753086419746,0.2331460674157304,0.5615550755939525,0.6016260162601627,0.0,1.0,0.0,0.0,0.0
1.0,0.9130434782608674,0.864197530864196,0.6025280898876406,0.3498920086393087,0.8130081300813009,0.0,0.0,0.0,0.0,0.0
0.5,0.6086956521739069,0.6296296296296333,0.7373595505617978,0.1943844492440605,0.05691056910569106,0.0,0.0,0.0,0.0,0.0
0.5,0.4999999999999929,0.6913580246913611,0.8693820224719102,0.09287257019438444,0.6138211382113822,0.0,0.0,0.0,0.0,0.0
1.0,0.3913043478260789,0.3580246913580325,0.401685393258427,0.3045356371490281,0.37804878048780494,0.0,0.0,0.0,0.0,0.0
0.5,0.7282608695652115,0.5802469135802468,0.6011235955056178,0.33477321814254857,0.475609756097561,0.0,0.0,0.0,0.0,0.0
0.5,0.5869565217391255,0.6049382716049436,0.4325842696629214,0.4989200863930886,0.7601626016260163,0.0,0.0,0.0,0.0,0.0
1.0,0.7391304347826093,0.6913580246913611,0.3792134831460674,0.5399568034557235,0.7073170731707318,0.0,0.0,0.0,0.0,0.0
1.0,0.5760869565217348,0.5802469135802468,0.3146067415730338,0.6695464362850971,0.6382113821138212,0.0,0.0,0.0,0.0,0.0
0.5,0.6304347826086953,0.6296296296296333,0.4747191011235954,0.4514038876889849,0.4024390243902439,0.0,0.0,0.0,0.0,0.0
0.5,0.21739130434782084,0.2716049382716008,0.6250000000000002,0.21814254859611226,0.3252032520325204,0.0,0.0,0.0,0.0,0.0
1.0,0.5869565217391255,0.46913580246913966,0.616573033707865,0.22462203023758098,0.05691056910569106,0.0,0.0,0.0,0.0,0.0
1.0,0.5217391304347814,0.4320987654321016,0.330056179775281,0.42548596112311,0.8983739837398375,0.0,0.0,0.0,0.0,0.0
0.5,0.38043478260869534,0.3580246913580325,0.2078651685393258,0.9222462203023756,0.32926829268292684,0.0,0.0,0.0,0.0,0.0
0.5,0.5217391304347814,0.46913580246913966,0.5252808988764046,0.44276457883369325,0.23983739837398377,0.0,0.0,0.0,0.0,0.0
0.0,0.09782608695651618,0.16049382716049365,0.5042134831460674,0.44276457883369325,0.11382113821138212,0.0,0.0,0.0,0.0,0.0
0.5,0.4130434782608674,0.3580246913580325,0.3567415730337078,0.4643628509719222,0.7439024390243903,0.0,0.0,0.0,0.0,0.0
1.0,0.5760869565217348,0.45679012345679126,0.502808988764045,0.32613390928725705,0.426829268292683,0.0,0.0,0.0,0.0,0.0
0.5,0.7826086956521721,0.7777777777777786,0.6882022471910114,0.21166306695464354,0.17073170731707318,0.0,0.0,0.0,0.0,0.0
0.5,0.5652173913043441,0.5308641975308674,0.3764044943820226,0.6155507559395248,0.8455284552845529,0.0,0.0,0.0,0.0,0.0
1.0,0.5108695652173907,0.7037037037037024,0.2373595505617978,0.9006479481641467,0.04065040650406505,0.0,0.0,0.0,0.0,0.0
1.0,0.043478260869562746,0.07407407407407618,0.7429775280898878,0.18142548596112307,0.17479674796747968,0.0,0.0,0.0,0.0,0.0
0.5,0.9456521739130395,0.9259259259259238,0.4185393258426966,0.48596112311015116,0.8658536585365855,0.0,0.0,0.0,0.0,0.0
0.0,0.5869565217391255,0.5555555555555571,0.4157303370786518,0.6954643628509718,0.03658536585365854,0.0,0.0,0.0,0.0,0.0
0.5,0.3913043478260789,0.3580246913580325,0.3230337078651686,0.5701943844492441,0.49593495934959353,0.0,0.0,0.0,0.0,0.0
1.0,0.5543478260869534,0.7530864197530889,0.3637640449438202,0.5399568034557235,0.0,0.0,0.0,0.0,0.0,0.0
1.0,0.6195652173912976,0.7283950617283992,0.3806179775280898,0.4298056155507559,0.5691056910569107,0.0,0.0,0.0,0.0,0.0
1.0,0.6413043478260789,0.6296296296296333,0.7738764044943822,0.24190064794816413,0.2601626016260163,0.0,0.0,0.0,0.0,0.0
0.5,0.4021739130434767,0.3580246913580325,0.3525280898876406,0.5572354211663066,0.4390243902439025,0.0,0.0,0.0,0.0,0.0
0.5,0.7934782608695627,0.827160493827158,0.6250000000000002,0.2786177105831533,0.06097560975609757,0.0,0.0,0.0,0.0,0.0
0.5,0.7282608695652115,0.5925925925925952,0.6348314606741574,0.42548596112311,0.4024390243902439,0.0,0.0,0.0,0.0,0.0
0.5,0.7934782608695627,0.7777777777777786,0.8398876404494382,0.18142548596112307,0.7967479674796749,0.0,0.0,0.0,0.0,0.0
1.0,0.7934782608695627,0.654320987654323,0.5702247191011238,0.40820734341252696,0.49593495934959353,0.0,0.0,0.0,0.0,0.0
0.5,0.5869565217391255,0.46913580246913966,0.09550561797752821,0.8596112311015118,0.48780487804878053,0.0,0.0,0.0,0.0,0.0
0.5,0.46739130434782794,0.6296296296296333,0.3047752808988764,0.44708423326133895,0.47967479674796754,0.0,0.0,0.0,0.0,0.0
0.5,0.36956521739129755,0.3580246913580325,0.1601123595505618,0.7602591792656586,0.6016260162601627,0.0,0.0,0.0,0.0,0.0
0.5,0.4347826086956488,0.4197530864197603,0.4030898876404494,0.4535637149028078,0.47967479674796754,0.0,0.0,0.0,0.0,0.0
0.5,0.6521739130434767,0.6790123456790127,0.681179775280899,0.21598272138228936,0.07317073170731708,0.0,0.0,0.0,0.0,0.0
1.0,0.35869565217391397,0.308641975308646,0.4283707865168538,0.5161987041036716,0.17479674796747968,0.0,0.0,0.0,0.0,0.0
0.0,0.35869565217391397,0.46913580246913966,0.3328651685393258,0.6544276457883369,0.33333333333333337,0.0,0.0,0.0,0.0,0.0
0.5,0.7499999999999929,0.7037037037037024,0.3469101123595506,0.4967602591792656,0.11788617886178863,0.0,0.0,0.0,0.0,0.0
1.0,0.7499999999999929,0.6790123456790127,0.6741573033707866,0.20518358531317493,0.467479674796748,0.0,0.0,0.0,0.0,0.0
1.0,0.5108695652173907,0.7037037037037024,0.3974719101123594,0.40820734341252696,0.508130081300813,0.0,0.0,0.0,0.0,0.0
0.5,0.4347826086956488,0.4197530864197603,0.4396067415730338,0.36933045356371497,0.6056910569105691,0.0,0.0,0.0,0.0,0.0
0.5,0.36956521739129755,0.3456790123456841,0.4171348314606742,0.47732181425485964,0.23577235772357727,0.0,0.0,0.0,0.0,0.0
0.5,0.5869565217391255,0.6172839506172849,0.502808988764045,0.4578833693304535,0.33333333333333337,0.0,0.0,0.0,0.0,0.0
0.5,0.5326086956521721,0.7530864197530889,0.3946629213483146,0.5269978401727862,0.7276422764227644,0.0,0.0,0.0,0.0,0.0
0.5,0.6086956521739069,0.5555555555555571,0.279494382022472,0.6544276457883369,0.5325203252032521,0.0,0.0,0.0,0.0,0.0
0.5,0.4239130434782581,0.518518518518519,0.467696629213483,0.4600431965442764,0.8902439024390245,0.0,0.0,0.0,0.0,0.0
0.5,0.9130434782608674,0.9012345679012341,0.383426966292135,0.548596112311015,0.20731707317073172,0.0,0.0,0.0,0.0,0.0
1.0,0.3152173913043441,0.3209876543209944,0.5294943820224718,0.2786177105831533,0.7357723577235773,0.0,0.0,0.0,0.0,0.0
0.5,0.5869565217391255,0.518518518518519,0.8876404494382022,0.1490280777537797,0.7723577235772359,0.0,0.0,0.0,0.0,0.0
0.0,0.5978260869565162,0.6790123456790127,0.6025280898876406,0.2678185745140388,0.5813008130081302,0.0,0.0,0.0,0.0,0.0
0.5,0.4130434782608674,0.5925925925925952,0.6250000000000002,0.3412526997840172,0.7073170731707318,0.0,0.0,0.0,0.0,0.0
1.0,0.7499999999999929,0.654320987654323,0.3553370786516854,0.5809935205183585,0.7601626016260163,0.0,0.0,0.0,0.0,0.0
0.5,0.3369565217391255,0.2962962962963047,0.4325842696629214,0.6457883369330453,0.6341463414634148,0.0,0.0,0.0,0.0,0.0
1.0,0.6630434782608603,0.6172839506172849,0.2598314606741574,0.9416846652267818,0.3739837398373984,0.0,0.0,1.0,0.0,0.0
0.5,0.4782608695652115,0.44444444444444997,0.8370786516853934,0.1166306695464363,0.524390243902439,0.0,0.0,0.0,0.0,0.0
0.5,0.29347826086956275,0.308641975308646,0.3637640449438202,0.5183585313174945,0.8292682926829269,0.0,0.0,0.0,0.0,0.0
0.5,0.8260869565217348,0.8395061728395063,0.5154494382022474,0.548596112311015,0.29268292682926833,0.0,0.0,0.0,0.0,0.0
0.5,0.5217391304347814,0.6790123456790127,0.4297752808988766,0.41036717062634986,0.7642276422764228,0.0,0.0,0.0,0.0,0.0
1.0,0.5869565217391255,0.7407407407407405,0.7275280898876406,0.2311015118790497,0.1788617886178862,0.0,0.0,0.0,0.0,0.0
0.0,0.9021739130434767,0.8518518518518547,0.3553370786516854,0.4730021598272137,0.4471544715447155,0.0,0.0,0.0,0.0,0.0
0.5,0.7173913043478208,0.654320987654323,0.6446629213483146,0.28077753779697623,0.5121951219512195,0.0,0.0,0.0,0.0,0.0
1.0,0.4239130434782581,0.4197530864197603,0.449438202247191,0.3153347732181425,0.024390243902439025,0.0,0.0,0.0,0.0,0.0
0.5,0.7717391304347743,0.6666666666666714,0.4227528089887642,0.5572354211663066,0.6869918699186992,0.0,0.0,0.0,0.0,0.0
0.5,0.2717391304347814,0.3827160493827222,0.6151685393258426,0.3455723542116631,0.2764227642276423,0.0,0.0,0.0,0.0,0.0
1.0,0.6195652173912976,0.48148148148148806,0.300561797752809,0.6025917926565874,0.5487804878048781,0.0,0.0,0.0,0.0,0.0
1.0,0.5978260869565162,0.48148148148148806,0.3103932584269664,0.40172786177105835,0.1788617886178862,0.0,0.0,0.0,0.0,0.0
0.0,0.7499999999999929,0.6666666666666714,0.3412921348314606,0.6587473002159827,0.410569105691057,0.0,0.0,0.0,0.0,0.0
0.5,0.22826086956521152,0.4074074074074119,0.5435393258426966,0.3844492440604751,0.6260162601626017,0.0,0.0,0.0,0.0,0.0
0.0,0.8043478260869534,0.5802469135802468,0.1713483146067416,0.7580993520518358,0.0813008130081301,0.0,1.0,0.0,0.0,0.0
0.5,0.2391304347826022,0.45679012345679126,0.8707865168539326,0.09935205183585305,0.39837398373983746,0.0,0.0,0.0,0.0,0.0
0.5,0.3913043478260789,0.5925925925925952,0.6418539325842698,0.1965442764578833,0.7926829268292683,0.0,0.0,0.0,0.0,0.0
0.0,0.3913043478260789,0.3456790123456841,0.3258426966292136,0.7321814254859611,0.024390243902439025,0.0,0.0,0.0,0.0,0.0
0.0,0.13043478260868824,0.20987654320987303,0.3497191011235954,0.6285097192224622,0.2601626016260163,0.0,0.0,0.0,0.0,0.0
0.5,0.8043478260869534,0.827160493827158,0.3792134831460674,0.5874730021598271,0.2520325203252033,0.0,0.0,0.0,0.0,0.0
0.5,0.6195652173912976,0.7283950617283992,0.2373595505617978,0.937365010799136,0.5813008130081302,0.0,0.0,0.0,0.0,0.0
1.0,0.5326086956521721,0.7530864197530889,0.7935393258426966,0.18142548596112307,0.7479674796747968,0.0,0.0,0.0,0.0,0.0
0.0,0.9021739130434767,0.8024691358024683,0.2640449438202248,0.7451403887688985,0.4552845528455285,0.0,1.0,0.0,0.0,0.0
1.0,0.8043478260869534,0.8024691358024683,0.359550561797753,0.48380129589632825,0.6666666666666667,0.0,0.0,0.0,0.0,0.0
1.0,0.29347826086956275,0.3456790123456841,0.7008426966292134,0.2786177105831533,0.23577235772357727,0.0,0.0,0.0,0.0,0.0
0.5,0.4891304347826093,0.6666666666666714,0.377808988764045,0.5874730021598271,0.7642276422764228,0.0,0.0,0.0,0.0,0.0
0.5,0.7717391304347743,0.6666666666666714,0.978932584269663,0.09503239740820735,0.6341463414634148,0.0,0.0,0.0,0.0,0.0
0.5,0.5543478260869534,0.7037037037037024,0.1769662921348314,0.7645788336933044,0.2886178861788618,0.0,0.0,0.0,0.0,0.0
0.5,0.30434782608695343,0.2592592592592595,0.478932584269663,0.44708423326133895,0.2886178861788618,0.0,0.0,0.0,0.0,0.0
1.0,0.2391304347826022,0.3209876543209944,0.4747191011235954,0.3909287257019438,0.3008130081300813,0.0,0.0,0.0,0.0,0.0
0.5,0.7608695652173907,0.7777777777777786,0.3019662921348314,0.5010799136069113,0.6951219512195123,0.0,0.0,0.0,0.0,0.0
1.0,0.4130434782608674,0.3950617283950635,0.4115168539325842,0.48812095032397407,0.9146341463414636,0.0,0.0,0.0,0.0,0.0
0.5,0.14130434782608603,0.22222222222222143,0.5603932584269662,0.3844492440604751,0.8008130081300814,0.0,0.0,0.0,0.0,0.0
0.5,0.22826086956521152,0.3580246913580325,0.598314606741573,0.347732181425486,0.47154471544715454,0.0,0.0,0.0,0.0,0.0
1.0,0.5652173913043441,0.7654320987654302,0.196629213483146,0.8164146868250539,0.6300813008130082,0.0,0.0,0.0,0.0,0.0
1.0,0.6413043478260789,0.654320987654323,0.3384831460674158,0.4600431965442764,0.5325203252032521,0.0,0.0,0.0,0.0,0.0
0.5,0.6847826086956488,0.5432098765432158,0.2514044943820224,0.771058315334773,0.28455284552845533,0.0,1.0,0.0,0.0,0.0
0.5,0.44565217391303946,0.4197530864197603,0.818820224719101,0.09719222462203025,0.6422764227642277,0.0,0.0,0.0,0.0,0.0
0.5,0.5108695652173907,0.6913580246913611,0.3146067415730338,0.5874730021598271,0.8455284552845529,0.0,0.0,0.0,0.0,0.0
0.5,0.5760869565217348,0.5061728395061778,0.6264044943820226,0.3779697624190065,0.6585365853658537,0.0,0.0,0.0,0.0,0.0
1.0,0.7499999999999929,0.6296296296296333,0.2429775280898876,0.609071274298056,0.14634146341463417,0.0,0.0,0.0,0.0,0.0
1.0,0.6086956521739069,0.6913580246913611,0.8679775280898878,0.09719222462203025,0.40650406504065045,0.0,0.0,0.0,0.0,0.0
0.5,0.30434782608695343,0.4074074074074119,0.3567415730337078,0.347732181425486,0.38617886178861793,0.0,0.0,0.0,0.0,0.0
0.5,0.6195652173912976,0.6419753086419746,0.8974719101123594,0.03239740820734344,0.6829268292682927,0.0,0.0,0.0,0.0,0.0
1.0,0.3913043478260789,0.4320987654321016,0.321629213483146,0.5183585313174945,0.5691056910569107,0.0,0.0,0.0,0.0,0.0
0.5,0.5217391304347814,0.4074074074074119,0.1839887640449438,0.8228941684665227,0.4634146341463415,0.0,0.0,0.0,0.0,0.0
0.5,0.3260869565217348,0.4074074074074119,0.2191011235955056,0.83585313174946,0.14227642276422767,0.0,0.0,0.0,0.0,0.0
0.5,0.5434782608695627,0.5061728395061778,0.3974719101123594,0.4557235421166307,0.6341463414634148,0.0,0.0,0.0,0.0,0.0
1.0,0.20652173913043015,0.3456790123456841,0.4269662921348314,0.5788336933045355,0.7032520325203253,0.0,0.0,0.0,0.0,0.0
0.5,0.22826086956521152,0.2962962962963047,0.2317415730337078,0.8056155507559395,0.2682926829268293,0.0,0.0,0.0,0.0,0.0
0.5,0.36956521739129755,0.46913580246913966,0.3693820224719102,0.4298056155507559,0.6504065040650407,0.0,0.0,0.0,0.0,0.0
1.0,0.6521739130434767,0.654320987654323,0.6432584269662922,0.2786177105831533,0.5894308943089431,0.0,0.0,0.0,0.0,0.0
0.5,0.17391304347825098,0.2592592592592595,0.3047752808988764,0.7991360691144709,0.821138211382114,0.0,0.0,0.0,1.0,0.0
0.5,0.7608695652173907,0.6296296296296333,0.758426966292135,0.13390928725701945,0.8658536585365855,0.0,0.0,0.0,0.0,0.0
1.0,0.9673913043478208,0.9753086419753103,0.3384831460674158,0.509719222462203,0.6138211382113822,0.0,0.0,0.0,0.0,0.0
1.0,0.8804347826086882,0.790123456790127,0.443820224719101,0.4168466522678185,0.8008130081300814,0.0,0.0,0.0,0.0,0.0
1.0,0.7173913043478208,0.6419753086419746,0.5477528089887642,0.40604751619870405,0.8495934959349595,0.0,0.0,0.0,0.0,0.0
0.5,0.5760869565217348,0.5432098765432158,0.2162921348314606,0.5550755939524836,0.2520325203252033,0.0,0.0,0.0,0.0,0.0
0.0,0.45652173913043015,0.6296296296296333,0.585674157303371,0.2656587473002159,0.2723577235772358,0.0,0.0,0.0,0.0,0.0
0.5,0.7826086956521721,0.5679012345679055,0.5168539325842698,0.37149028077753765,0.6829268292682927,0.0,0.0,0.0,0.0,0.0
1.0,0.44565217391303946,0.3703703703703738,0.148876404494382,0.8725701943844493,0.42276422764227645,0.0,0.0,0.0,0.0,0.0
1.0,0.7608695652173907,0.7283950617283992,0.681179775280899,0.28293736501079914,0.21138211382113822,0.0,0.0,0.0,0.0,0.0
0.5,0.5652173913043441,0.5061728395061778,0.3679775280898878,0.5140388768898487,0.6666666666666667,0.0,0.0,0.0,0.0,0.0
0.5,0.9130434782608674,0.8765432098765444,0.2542134831460674,0.5658747300215982,0.1788617886178862,0.0,0.0,0.0,0.0,0.0
0.5,0.2608695652173836,0.4320987654321016,0.25561797752809,0.8315334773218142,0.6910569105691058,0.0,0.0,0.0,0.0,0.0
0.5,0.18478260869564878,0.24691358024691112,0.9606741573033706,0.05831533477321815,0.47967479674796754,0.0,0.0,0.0,0.0,0.0
0.5,0.4130434782608674,0.5925925925925952,0.205056179775281,0.7516198704103672,0.23577235772357727,0.0,0.0,0.0,0.0,0.0
0.5,0.6195652173912976,0.5802469135802468,0.4115168539325842,0.5075593952483801,0.7032520325203253,0.0,0.0,0.0,0.0,0.0
1.0,0.6195652173912976,0.7777777777777786,0.526685393258427,0.3758099352051836,0.7723577235772359,0.0,0.0,0.0,0.0,0.0
0.5,0.5543478260869534,0.7777777777777786,0.2570224719101124,0.4946004319654427,0.475609756097561,0.0,0.0,0.0,0.0,0.0
0.5,0.5652173913043441,0.518518518518519,0.3651685393258426,0.609071274298056,0.49593495934959353,0.0,0.0,0.0,0.0,0.0
1.0,0.29347826086956275,0.4320987654321016,0.3581460674157302,0.49244060475161977,0.410569105691057,0.0,0.0,0.0,0.0,0.0
1.0,0.36956521739129755,0.5308641975308674,0.4719101123595506,0.3887688984881209,0.8048780487804879,0.0,0.0,0.0,0.0,0.0
1.0,0.7499999999999929,0.7037037037037024,0.6446629213483146,0.25917926565874727,0.17073170731707318,0.0,0.0,0.0,0.0,0.0
0.5,0.3260869565217348,0.2716049382716008,0.4480337078651686,0.4730021598272137,0.41869918699187,0.0,0.0,0.0,0.0,0.0
1.0,0.28260869565216495,0.2962962962963047,0.6235955056179774,0.24406047516198692,0.8495934959349595,0.0,0.0,0.0,0.0,0.0
1.0,0.3478260869565162,0.48148148148148806,0.4480337078651686,0.4168466522678185,0.34146341463414637,0.0,0.0,0.0,0.0,0.0
1.0,0.5326086956521721,0.4074074074074119,0.6446629213483146,0.23974082073434122,0.15040650406504066,0.0,0.0,0.0,0.0,0.0
1.0,0.7173913043478208,0.654320987654323,0.2823033707865168,0.5896328293736499,0.49186991869918706,0.0,0.0,0.0,0.0,0.0
0.0,0.6847826086956488,0.6049382716049436,0.5224719101123594,0.43844492440604743,0.5650406504065041,0.0,0.0,0.0,0.0,0.0
0.5,0.9347826086956488,0.9135802469135825,0.4325842696629214,0.36933045356371497,0.7926829268292683,0.0,0.0,0.0,0.0,0.0
0.5,0.35869565217391397,0.4320987654321016,0.5042134831460674,0.611231101511879,0.17073170731707318,0.0,0.0,0.0,0.0,0.0
0.5,0.2608695652173836,0.18518518518518334,0.366573033707865,0.4298056155507559,0.06910569105691057,0.0,0.0,0.0,0.0,0.0
0.0,0.35869565217391397,0.48148148148148806,0.5758426966292134,0.28509719222462193,0.38617886178861793,0.0,0.0,0.0,0.0,0.0
0.0,0.7173913043478208,0.6296296296296333,0.3820224719101122,0.48812095032397407,0.3455284552845529,0.0,0.0,0.0,0.0,0.0
0.5,0.5652173913043441,0.49382716049382935,0.5575842696629214,0.49028077753779686,0.7967479674796749,0.0,0.0,0.0,0.0,0.0
0.5,0.38043478260869534,0.4197530864197603,0.273876404494382,0.7408207343412525,0.6707317073170732,0.0,0.0,0.0,0.0,0.0
0.5,0.3152173913043441,0.4074074074074119,0.2724719101123596,0.8142548596112309,0.032520325203252036,0.0,0.0,0.0,0.0,0.0
0.5,0.5543478260869534,0.46913580246913966,0.4803370786516854,0.673866090712743,0.016260162601626018,0.0,0.0,0.0,0.0,0.0
0.5,0.4021739130434767,0.3703703703703738,0.3412921348314606,0.39956803455723544,0.06504065040650407,0.0,0.0,0.0,0.0,0.0
1.0,0.7173913043478208,0.654320987654323,0.3988764044943822,0.6047516198704104,0.17479674796747968,0.0,0.0,0.0,0.0,0.0
0.5,0.5652173913043441,0.46913580246913966,0.5042134831460674,0.3974082073434124,0.4390243902439025,0.0,0.0,0.0,0.0,0.0
0.5,0.8043478260869534,0.8148148148148167,0.3342696629213484,0.6133909287257018,0.0,0.0,0.0,0.0,0.0,0.0
0.0,0.3260869565217348,0.2839506172839492,0.5196629213483146,0.4514038876889849,0.21138211382113822,0.0,0.0,0.0,0.0,0.0
0.5,0.6304347826086953,0.6913580246913611,0.616573033707865,0.33477321814254857,0.13821138211382114,0.0,0.0,0.0,0.0,0.0
0.0,0.25,0.46913580246913966,0.6179775280898878,0.28077753779697623,0.910569105691057,0.0,0.0,0.0,0.0,0.0
0.5,0.7173913043478208,0.5802469135802468,0.2626404494382022,0.6825053995680346,0.6219512195121952,0.0,1.0,0.0,0.0,0.0
1.0,0.36956521739129755,0.3333333333333357,0.3469101123595506,0.6371490280777536,0.5487804878048781,0.0,0.0,0.0,0.0,0.0
1.0,0.17391304347825098,0.2592592592592595,0.9227528089887642,0.09719222462203025,0.6382113821138212,0.0,0.0,0.0,0.0,0.0
1.0,0.5869565217391255,0.6049382716049436,0.359550561797753,0.4665226781857451,0.7479674796747968,0.0,0.0,0.0,0.0,0.0
0.5,0.3152173913043441,0.3209876543209944,0.3047752808988764,0.6177105831533478,0.7886178861788619,0.0,0.0,0.0,0.0,0.0
0.5,0.3369565217391255,0.3209876543209944,0.1896067415730338,0.8423326133909286,0.0894308943089431,0.0,0.0,0.0,0.0,0.0
1.0,0.7826086956521721,0.5802469135802468,0.3455056179775282,0.4989200863930886,0.7764227642276423,0.0,0.0,0.0,0.0,0.0
0.5,0.3913043478260789,0.5308641975308674,0.377808988764045,0.6220302375809934,0.7520325203252033,0.0,0.0,0.0,0.0,0.0
0.0,0.4347826086956488,0.5802469135802468,0.2949438202247192,0.5356371490280777,0.6585365853658537,0.0,0.0,0.0,0.0,0.0
0.5,0.5978260869565162,0.7037037037037024,0.4339887640449438,0.44276457883369325,0.0813008130081301,0.0,0.0,0.0,0.0,0.0
0.5,0.30434782608695343,0.3209876543209944,0.4382022471910114,0.40172786177105835,0.7642276422764228,0.0,0.0,0.0,0.0,0.0
1.0,0.3369565217391255,0.44444444444444997,0.2415730337078652,0.6587473002159827,0.032520325203252036,0.0,0.0,0.0,0.0,0.0
0.5,0.6086956521739069,0.654320987654323,0.3581460674157302,0.6241900647948164,0.24796747967479676,0.0,0.0,0.0,0.0,0.0
1.0,0.45652173913043015,0.4197530864197603,0.3356741573033708,0.5442764578833692,0.41869918699187,0.0,0.0,0.0,0.0,0.0
0.5,0.2391304347826022,0.3456790123456841,0.7134831460674158,0.28077753779697623,0.03658536585365854,0.0,0.0,0.0,0.0,0.0
0.5,0.4239130434782581,0.3333333333333357,0.6797752808988766,0.1922246220302375,0.8089430894308944,0.0,0.0,0.0,0.0,0.0
1.0,0.5978260869565162,0.6419753086419746,0.4761235955056178,0.4665226781857451,0.467479674796748,0.0,0.0,0.0,0.0,0.0
0.5,0.5108695652173907,0.7037037037037024,0.4564606741573034,0.3909287257019438,0.07317073170731708,0.0,0.0,0.0,0.0,0.0
0.5,0.7391304347826093,0.6172839506172849,0.1839887640449438,0.7062634989200862,0.032520325203252036,0.0,1.0,0.0,0.0,0.0
0.5,0.4347826086956488,0.4074074074074119,0.3356741573033708,0.5874730021598271,0.10162601626016261,0.0,0.0,0.0,0.0,0.0
0.5,0.28260869565216495,0.3827160493827222,0.699438202247191,0.25053995680345564,0.3821138211382114,0.0,0.0,0.0,0.0,0.0
1.0,0.25,0.49382716049382935,0.502808988764045,0.29373650107991367,0.6707317073170732,0.0,0.0,0.0,0.0,0.0
1.0,0.4999999999999929,0.4320987654321016,0.7022471910112358,0.22462203023758098,0.052845528455284556,0.0,0.0,0.0,0.0,0.0
0.5,0.7282608695652115,0.518518518518519,0.2879213483146068,0.6760259179265657,0.7439024390243903,0.0,0.0,0.0,0.0,0.0
0.5,0.5652173913043441,0.5555555555555571,0.8160112359550562,0.12526997840172782,0.10975609756097562,0.0,0.0,0.0,0.0,0.0
0.5,0.6739130434782581,0.5925925925925952,0.5238764044943822,0.41036717062634986,0.1951219512195122,0.0,0.0,0.0,0.0,0.0
1.0,0.2608695652173836,0.3456790123456841,0.5280898876404494,0.32613390928725705,0.5162601626016261,0.0,0.0,0.0,0.0,0.0
1.0,0.5108695652173907,0.7037037037037024,0.2823033707865168,0.5615550755939525,0.02845528455284553,0.0,0.0,0.0,0.0,0.0
1.0,0.29347826086956275,0.2592592592592595,0.4213483146067414,0.6652267818574513,0.10569105691056911,0.0,0.0,0.0,0.0,0.0
1.0,0.38043478260869534,0.518518518518519,0.4382022471910114,0.32613390928725705,0.8699186991869919,0.0,0.0,0.0,0.0,0.0
0.5,0.7065217391304301,0.7160493827160508,0.3651685393258426,0.5010799136069113,0.5447154471544716,0.0,0.0,0.0,0.0,0.0
1.0,0.2391304347826022,0.2716049382716008,0.5070224719101122,0.3844492440604751,0.5528455284552846,0.0,0.0,0.0,0.0,0.0
1.0,0.5434782608695627,0.46913580246913966,0.1924157303370786,0.9092872570194384,0.5772357723577236,0.0,0.0,0.0,0.0,0.0
0.5,0.25,0.3580246913580325,0.2008426966292136,0.9136069114470842,0.7032520325203253,0.0,0.0,0.0,0.0,0.0
0.5,0.9239130434782581,0.9012345679012341,0.342696629213483,0.4946004319654427,0.0,0.0,0.0,0.0,0.0,0.0
1.0,0.3478260869565162,0.3580246913580325,0.226123595505618,0.710583153347732,0.4634146341463415,0.0,0.0,0.0,0.0,0.0
0.5,0.22826086956521152,0.308641975308646,0.1601123595505618,0.6911447084233262,0.8577235772357724,0.0,0.0,0.0,0.0,0.0
0.5,0.05434782608695343,0.09876543209876587,0.4353932584269662,0.44060475161987034,0.3658536585365854,0.0,0.0,0.0,0.0,0.0
0.5,0.5108695652173907,0.6790123456790127,0.6264044943820226,0.25053995680345564,0.2520325203252033,0.0,0.0,0.0,0.0,0.0
1.0,0.4347826086956488,0.3703703703703738,0.148876404494382,0.6781857451403888,0.7520325203252033,0.0,0.0,0.0,0.0,0.0
1.0,0.5760869565217348,0.45679012345679126,0.3497191011235954,0.5205183585313174,0.34146341463414637,0.0,0.0,0.0,0.0,0.0
0.5,0.03260869565217206,0.06172839506172778,0.6025280898876406,0.23974082073434122,0.5325203252032521,0.0,0.0,0.0,0.0,0.0
0.5,0.4239130434782581,0.3950617283950635,0.568820224719101,0.4622030237580993,0.6097560975609757,0.0,0.0,0.0,0.0,0.0
0.0,0.2717391304347814,0.22222222222222143,0.6292134831460674,0.24190064794816413,0.5040650406504066,0.0,0.0,0.0,0.0,0.0
0.5,0.5326086956521721,0.7530864197530889,0.8637640449438202,0.06695464362850967,0.853658536585366,0.0,0.0,0.0,0.0,0.0
1.0,0.5543478260869534,0.49382716049382935,0.2584269662921348,0.6717062634989202,0.5813008130081302,0.0,0.0,0.0,0.0,0.0
0.5,0.25,0.3703703703703738,0.1910112359550562,0.6652267818574513,0.5731707317073171,0.0,0.0,0.0,0.0,0.0
0.5,0.38043478260869534,0.3950617283950635,0.3019662921348314,0.6781857451403888,0.0,0.0,0.0,0.0,0.0,0.0
0.5,0.5760869565217348,0.5308641975308674,0.3581460674157302,0.7278617710583153,0.41869918699187,0.0,0.0,0.0,0.0,0.0
1.0,0.9565217391304373,0.9382716049382722,0.4367977528089886,0.40820734341252696,0.19918699186991873,0.0,0.0,0.0,0.0,0.0
1.0,0.5869565217391255,0.6296296296296333,0.4536516853932586,0.5161987041036716,0.39430894308943093,0.0,0.0,0.0,0.0,0.0
0.5,0.29347826086956275,0.3827160493827222,0.806179775280899,0.1943844492440605,0.2886178861788618,0.0,0.0,0.0,0.0,0.0
1.0,0.5652173913043441,0.5555555555555571,0.544943820224719,0.3131749460043196,0.926829268292683,0.0,0.0,0.0,0.0,0.0
0.5,0.7173913043478208,0.654320987654323,0.3820224719101122,0.5593952483801296,0.11788617886178863,0.0,0.0,0.0,0.0,0.0
0.5,0.5978260869565162,0.6666666666666714,0.4578651685393258,0.28725701943844484,0.6991869918699187,0.0,0.0,0.0,0.0,0.0
1.0,0.8478260869565233,0.6666666666666714,0.5772471910112358,0.33261339092872566,0.052845528455284556,0.0,0.0,0.0,0.0,0.0
0.5,0.8369565217391255,0.6790123456790127,0.460674157303371,0.5529157667386609,0.7479674796747968,0.0,0.0,0.0,0.0,0.0
0.5,0.5543478260869534,0.44444444444444997,0.4803370786516854,0.4211663066954643,0.821138211382114,0.0,0.0,0.0,0.0,0.0
1.0,0.3152173913043441,0.24691358024691112,0.5969101123595506,0.29589632829373635,0.4308943089430895,0.0,0.0,0.0,0.0,0.0
0.5,0.5543478260869534,0.45679012345679126,0.321629213483146,0.6803455723542116,0.6219512195121952,0.0,0.0,0.0,0.0,0.0
0.5,0.6630434782608603,0.6172839506172849,0.271067415730337,0.6587473002159827,0.10162601626016261,0.0,0.0,0.0,0.0,0.0
0.5,0.35869565217391397,0.45679012345679126,0.4044943820224718,0.6025917926565874,0.5731707317073171,0.0,0.0,0.0,0.0,0.0
0.0,0.6195652173912976,0.6419753086419746,0.4382022471910114,0.37149028077753765,0.08536585365853659,0.0,0.0,0.0,0.0,0.0
0.0,0.38043478260869534,0.5925925925925952,0.1558988764044944,0.771058315334773,0.821138211382114,0.0,0.0,0.0,0.0,0.0
0.5,0.22826086956521152,0.3456790123456841,0.7148876404494382,0.3066954643628509,0.3373983739837399,0.0,0.0,0.0,0.0,0.0
0.0,0.2717391304347814,0.3950617283950635,0.6558988764044942,0.2613390928725702,0.7926829268292683,0.0,0.0,0.0,0.0,0.0
0.5,0.7717391304347743,0.5432098765432158,0.5238764044943822,0.2764578833693304,0.5365853658536586,0.0,0.0,0.0,0.0,0.0
0.5,0.25,0.3703703703703738,0.5182584269662922,0.47948164146868244,0.10975609756097562,0.0,0.0,0.0,0.0,0.0
0.5,0.8695652173913047,0.8024691358024683,0.3848314606741574,0.44492440604751615,0.1951219512195122,0.0,0.0,0.0,0.0,0.0
0.5,0.22826086956521152,0.3703703703703738,0.3455056179775282,0.8056155507559395,0.3902439024390244,0.0,0.0,0.0,0.0,0.0
0.5,0.6413043478260789,0.654320987654323,0.5393258426966294,0.32397408207343414,0.2601626016260163,0.0,0.0,0.0,0.0,0.0
0.5,0.6304347826086953,0.48148148148148806,0.4466292134831462,0.3455723542116631,0.6341463414634148,0.0,0.0,0.0,0.0,0.0
0.5,0.5869565217391255,0.5555555555555571,0.7205056179775282,0.1598272138228941,0.2967479674796748,0.0,0.0,0.0,0.0,0.0
0.0,0.4021739130434767,0.3827160493827222,0.279494382022472,0.8293736501079914,0.8089430894308944,0.0,0.0,0.0,0.0,0.0
0.5,0.5869565217391255,0.7530864197530889,0.3623595505617978,0.3887688984881209,0.13821138211382114,0.0,0.0,0.0,0.0,0.0
0.5,0.9021739130434767,0.8148148148148167,0.6081460674157302,0.1987041036717062,0.91869918699187,0.0,0.0,0.0,0.0,0.0
0.5,0.5108695652173907,0.6790123456790127,0.4508426966292134,0.3844492440604751,0.23577235772357727,0.0,0.0,0.0,0.0,0.0
0.0,0.7173913043478208,0.654320987654323,0.9662921348314606,0.12742980561555073,0.5365853658536586,0.0,0.0,0.0,0.0,0.0
0.5,0.4130434782608674,0.5555555555555571,0.5828651685393258,0.28725701943844484,0.0813008130081301,0.0,0.0,0.0,0.0,0.0
1.0,0.20652173913043015,0.3456790123456841,0.5912921348314606,0.3196544276457882,0.8130081300813009,0.0,0.0,0.0,0.0,0.0
0.5,0.19565217391303946,0.3456790123456841,0.3398876404494382,0.4298056155507559,0.14227642276422767,0.0,0.0,0.0,0.0,0.0
1.0,0.5978260869565162,0.6419753086419746,0.6952247191011238,0.17278617710583155,0.25609756097560976,0.0,0.0,0.0,0.0,0.0
0.5,0.22826086956521152,0.45679012345679126,0.1587078651685394,0.6954643628509718,0.3902439024390244,0.0,0.0,0.0,0.0,0.0
0.5,0.5326086956521721,0.5308641975308674,0.2893258426966292,0.7235421166306695,0.7479674796747968,0.0,0.0,0.0,0.0,0.0
0.5,0.25,0.3580246913580325,0.5519662921348314,0.2721382289416847,0.3373983739837399,0.0,0.0,0.0,0.0,0.0
1.0,0.5978260869565162,0.46913580246913966,0.4185393258426966,0.5269978401727862,0.19918699186991873,0.0,0.0,0.0,0.0,0.0
0.5,0.5434782608695627,0.5555555555555571,0.4339887640449438,0.6954643628509718,0.008130081300813009,0.0,0.0,0.0,0.0,0.0
0.5,0.5760869565217348,0.45679012345679126,0.3188202247191012,0.44276457883369325,0.4024390243902439,0.0,0.0,0.0,0.0,0.0
1.0,0.3913043478260789,0.5308641975308674,0.473314606741573,0.33477321814254857,0.1951219512195122,0.0,0.0,0.0,0.0,0.0
1.0,0.7717391304347743,0.6666666666666714,0.7556179775280898,0.21598272138228936,0.853658536585366,0.0,0.0,0.0,0.0,0.0
1.0,0.6086956521739069,0.5308641975308674,0.327247191011236,0.5723542116630669,0.8170731707317074,0.0,0.0,0.0,0.0,0.0
0.0,0.29347826086956275,0.2716049382716008,0.419943820224719,0.3822894168466522,0.5365853658536586,0.0,0.0,0.0,0.0,0.0
0.5,0.36956521739129755,0.518518518518519,0.3693820224719102,0.5010799136069113,0.1869918699186992,0.0,0.0,0.0,0.0,0.0
1.0,0.5978260869565162,0.5925925925925952,0.3174157303370786,0.6587473002159827,0.5731707317073171,0.0,0.0,0.0,0.0,0.0
1.0,0.18478260869564878,0.3209876543209944,0.303370786516854,0.5680345572354211,0.5365853658536586,0.0,0.0,0.0,0.0,1.0
1.0,0.7391304347826093,0.6666666666666714,0.3750000000000002,0.6803455723542116,0.34959349593495936,0.0,0.0,0.0,0.0,0.0
0.0,0.3260869565217348,0.4074074074074119,0.8988764044943822,0.12526997840172782,0.7357723577235773,0.0,0.0,0.0,0.0,0.0
0.5,0.7608695652173907,0.6666666666666714,0.2668539325842696,0.710583153347732,0.7357723577235773,0.0,0.0,0.0,0.0,0.0
0.5,0.7608695652173907,0.6419753086419746,0.3089887640449438,0.5853131749460043,0.7032520325203253,0.0,0.0,0.0,0.0,0.0
0.5,0.6521739130434767,0.6419753086419746,0.4578651685393258,0.4665226781857451,0.06504065040650407,0.0,0.0,0.0,0.0,0.0
0.5,0.7499999999999929,0.7160493827160508,0.568820224719101,0.2267818574514039,0.1585365853658537,0.0,0.0,0.0,0.0,0.0
0.5,0.7065217391304301,0.5555555555555571,0.3848314606741574,0.43844492440604743,0.8658536585365855,0.0,0.0,0.0,0.0,0.0
0.0,0.30434782608695343,0.23456790123456983,0.5042134831460674,0.36717062634989195,0.34146341463414637,0.0,0.0,0.0,0.0,0.0
0.5,0.5326086956521721,0.49382716049382935,0.372191011235955,0.36069114470842323,0.05691056910569106,0.0,0.0,0.0,0.0,0.0
0.5,0.3913043478260789,0.5308641975308674,0.752808988764045,0.1555075593952484,0.23577235772357727,0.0,0.0,0.0,0.0,0.0
0.0,0.6086956521739069,0.5802469135802468,0.3848314606741574,0.5118790496760258,0.2804878048780488,0.0,0.0,0.0,0.0,0.0
0.5,0.7934782608695627,0.7283950617283992,0.6390449438202246,0.20518358531317493,0.6504065040650407,0.0,0.0,0.0,0.0,0.0
0.5,0.5652173913043441,0.6296296296296333,0.3679775280898878,0.5723542116630669,0.6300813008130082,0.0,0.0,0.0,0.0,0.0
1.0,0.4239130434782581,0.5802469135802468,0.297752808988764,0.7624190064794816,0.3089430894308943,0.0,0.0,0.0,0.0,0.0
0.5,0.5869565217391255,0.7777777777777786,0.3061797752808988,0.6695464362850971,0.20325203252032523,0.0,0.0,0.0,0.0,0.0
0.5,0.7173913043478208,0.6296296296296333,0.396067415730337,0.5226781857451402,0.23170731707317074,0.0,0.0,0.0,0.0,0.0
0.5,0.7173913043478208,0.654320987654323,0.271067415730337,0.5356371490280777,0.7560975609756099,0.0,0.0,0.0,0.0,0.0
0.5,0.6195652173912976,0.6419753086419746,0.3750000000000002,0.5572354211663066,0.14227642276422767,0.0,0.0,0.0,0.0,0.0
1.0,0.7826086956521721,0.7777777777777786,0.9030898876404494,0.11231101511879049,0.8252032520325204,0.0,0.0,0.0,0.0,0.0
0.5,0.5326086956521721,0.654320987654323,0.6235955056179774,0.29373650107991367,0.5975609756097562,0.0,0.0,0.0,0.0,0.0
0.5,0.6086956521739069,0.5925925925925952,0.9985955056179774,0.038876889848812046,0.7642276422764228,0.0,0.0,0.0,0.0,0.0
0.5,0.6630434782608603,0.6666666666666714,0.401685393258427,0.36285097192224613,0.5406504065040652,0.0,0.0,0.0,0.0,0.0
0.0,0.3260869565217348,0.4074074074074119,0.2752808988764046,0.4989200863930886,0.0,0.0,0.0,0.0,0.0,0.0
0.5,0.7717391304347743,0.5432098765432158,0.3061797752808988,0.6198704103671706,0.7195121951219513,0.0,0.0,0.0,0.0,0.0
1.0,0.5978260869565162,0.6296296296296333,0.473314606741573,0.386609071274298,0.1829268292682927,0.0,0.0,0.0,0.0,0.0
1.0,0.2608695652173836,0.4074074074074119,0.6362359550561798,0.20734341252699784,0.13008130081300814,0.0,0.0,0.0,0.0,0.0
0.5,0.20652173913043015,0.2716049382716008,0.3623595505617978,0.4298056155507559,0.7926829268292683,0.0,0.0,0.0,0.0,0.0
0.5,0.7282608695652115,0.6419753086419746,0.5098314606741574,0.3088552915766738,0.02845528455284553,0.0,0.0,0.0,0.0,0.0
0.5,0.4782608695652115,0.48148148148148806,0.7542134831460674,0.1511879049676026,0.5934959349593496,0.0,0.0,0.0,0.0,0.0
0.5,0.6630434782608603,0.6296296296296333,0.5997191011235954,0.3131749460043196,0.7601626016260163,0.0,0.0,0.0,0.0,0.0
0.5,0.20652173913043015,0.3580246913580325,0.2570224719101124,0.6544276457883369,0.3008130081300813,0.0,0.0,0.0,0.0,0.0
0.5,0.36956521739129755,0.5432098765432158,0.3061797752808988,0.5442764578833692,0.2723577235772358,0.0,0.0,0.0,0.0,0.0
0.5,0.22826086956521152,0.3333333333333357,0.5575842696629214,0.4557235421166307,0.2682926829268293,0.0,0.0,0.0,0.0,0.0
0.5,0.29347826086956275,0.2839506172839492,0.6067415730337078,0.20302375809935203,0.06097560975609757,0.0,0.0,0.0,0.0,0.0
0.5,0.46739130434782794,0.5555555555555571,0.4620786516853934,0.5161987041036716,0.32113821138211385,0.0,0.0,0.0,0.0,0.0
0.5,0.5978260869565162,0.5432098765432158,0.3117977528089888,0.8876889848812095,0.7682926829268294,0.0,0.0,1.0,1.0,0.0
1.0,0.8369565217391255,0.6666666666666714,0.431179775280899,0.4946004319654427,0.4390243902439025,0.0,0.0,0.0,0.0,0.0
0.0,0.21739130434782084,0.3827160493827222,0.443820224719101,0.5205183585313174,0.5447154471544716,0.0,0.0,0.0,0.0,0.0
0.5,0.6630434782608603,0.6049382716049436,0.4185393258426966,0.3779697624190065,0.31300813008130085,0.0,0.0,0.0,0.0,0.0
0.5,0.29347826086956275,0.4320987654321016,0.7696629213483146,0.18574514038876888,0.15447154471544716,0.0,0.0,0.0,0.0,0.0
0.5,0.2391304347826022,0.3703703703703738,0.3806179775280898,0.5377969762419006,0.07723577235772358,0.0,0.0,0.0,0.0,0.0
0.5,0.7717391304347743,0.5802469135802468,0.9578651685393258,0.0820734341252699,0.524390243902439,0.0,0.0,0.0,0.0,0.0
0.5,0.891304347826086,0.7777777777777786,0.8047752808988766,0.20734341252699784,0.11382113821138212,0.0,0.0,0.0,0.0,0.0
0.5,0.36956521739129755,0.3456790123456841,0.681179775280899,0.32613390928725705,0.31300813008130085,0.0,0.0,0.0,0.0,0.0
0.0,0.5108695652173907,0.45679012345679126,0.4424157303370786,0.3974082073434124,0.15040650406504066,0.0,0.0,0.0,0.0,0.0
0.5,0.7934782608695627,0.7160493827160508,0.9859550561797754,0.1598272138228941,0.5975609756097562,0.0,0.0,0.0,0.0,0.0
0.5,0.8043478260869534,0.6172839506172849,0.5814606741573034,0.4708423326133908,0.06097560975609757,0.0,0.0,0.0,0.0,0.0
0.0,0.6630434782608603,0.5925925925925952,0.3342696629213484,0.5118790496760258,0.7398373983739838,0.0,0.0,0.0,0.0,0.0
0.5,0.4130434782608674,0.3209876543209944,0.348314606741573,0.6954643628509718,0.15447154471544716,0.0,0.0,0.0,0.0,0.0
0.5,0.6195652173912976,0.48148148148148806,0.7598314606741574,0.17278617710583155,0.5406504065040652,0.0,0.0,0.0,0.0,0.0
1.0,0.29347826086956275,0.3580246913580325,0.455056179775281,0.37149028077753765,0.8821138211382115,0.0,0.0,0.0,0.0,0.0
1.0,0.28260869565216495,0.3827160493827222,0.4985955056179774,0.3779697624190065,0.21951219512195125,0.0,0.0,0.0,0.0,0.0
1.0,0.7391304347826093,0.6913580246913611,0.4410112359550562,0.3952483801295895,0.11382113821138212,0.0,0.0,0.0,0.0,0.0
1.0,0.29347826086956275,0.23456790123456983,0.9283707865168538,0.07991360691144711,0.1788617886178862,0.0,0.0,0.0,0.0,0.0
0.5,0.5869565217391255,0.5555555555555571,0.6446629213483146,0.2699784017278618,0.10569105691056911,0.0,0.0,0.0,0.0,0.0
0.5,0.36956521739129755,0.518518518518519,0.502808988764045,0.3974082073434124,0.8455284552845529,0.0,0.0,0.0,0.0,0.0
0.5,0.8478260869565233,0.8395061728395063,0.3792134831460674,0.6263498920086392,0.5691056910569107,0.0,0.0,0.0,0.0,0.0
0.0,0.18478260869564878,0.2962962962963047,0.3188202247191012,0.593952483801296,0.32113821138211385,0.0,0.0,0.0,0.0,0.0
0.5,0.5869565217391255,0.46913580246913966,0.705056179775281,0.2375809935205183,0.10975609756097562,0.0,0.0,0.0,0.0,0.0
0.5,0.5326086956521721,0.5925925925925952,0.327247191011236,0.5745140388768899,0.3658536585365854,0.0,0.0,0.0,0.0,0.0
0.5,0.8260869565217348,0.6666666666666714,0.5224719101123594,0.2980561555075594,0.3902439024390244,0.0,0.0,0.0,0.0,0.0
0.0,0.7282608695652115,0.5925925925925952,0.3876404494382022,0.4989200863930886,0.6016260162601627,0.0,0.0,0.0,0.0,0.0
0.5,0.6521739130434767,0.6049382716049436,0.3862359550561798,0.6025917926565874,0.42276422764227645,0.0,0.0,0.0,0.0,0.0
1.0,0.5108695652173907,0.5802469135802468,0.2837078651685394,0.6911447084233262,0.5203252032520326,0.0,0.0,0.0,0.0,0.0
1.0,0.7826086956521721,0.5679012345679055,0.3202247191011236,0.6349892008639308,0.4471544715447155,0.0,0.0,0.0,0.0,0.0
0.5,0.28260869565216495,0.4197530864197603,0.5056179775280898,0.3563714902807775,0.0813008130081301,0.0,0.0,0.0,0.0,0.0
0.5,0.13043478260868824,0.19753086419753174,0.5379213483146066,0.36933045356371497,0.6666666666666667,0.0,0.0,0.0,0.0,0.0
1.0,0.3152173913043441,0.3209876543209944,0.6404494382022474,0.28509719222462193,0.7764227642276423,0.0,0.0,0.0,0.0,0.0
0.5,0.5326086956521721,0.7037037037037024,0.3511235955056178,0.3844492440604751,0.14634146341463417,0.0,0.0,0.0,0.0,0.0
0.5,0.44565217391303946,0.44444444444444997,0.2724719101123596,0.5075593952483801,0.11382113821138212,0.0,0.0,0.0,0.0,0.0
1.0,0.7282608695652115,0.6049382716049436,0.4157303370786518,0.44060475161987034,0.0975609756097561,0.0,0.0,0.0,0.0,0.0
0.0,0.5652173913043441,0.6049382716049436,0.273876404494382,0.6781857451403888,0.6747967479674798,0.0,0.0,0.0,0.0,0.0
1.0,0.9021739130434767,0.8148148148148167,0.723314606741573,0.24190064794816413,0.40650406504065045,0.0,0.0,0.0,0.0,0.0
0.5,0.30434782608695343,0.4074074074074119,0.4480337078651686,0.44924406047516185,0.6219512195121952,0.0,0.0,0.0,0.0,0.0
0.0,0.8152173913043441,0.654320987654323,0.3553370786516854,0.5053995680345572,0.1910569105691057,0.0,0.0,0.0,0.0,0.0
0.0,0.44565217391303946,0.44444444444444997,0.4929775280898878,0.3758099352051836,0.1585365853658537,0.0,0.0,0.0,0.0,0.0
1.0,0.4239130434782581,0.3333333333333357,0.3258426966292136,0.5053995680345572,0.21544715447154475,0.0,0.0,0.0,0.0,0.0
0.5,0.7934782608695627,0.790123456790127,0.4719101123595506,0.3887688984881209,0.7235772357723578,0.0,0.0,0.0,0.0,0.0
0.5,0.7826086956521721,0.7777777777777786,0.5491573033707866,0.4730021598272137,0.7642276422764228,0.0,0.0,0.0,0.0,0.0
0.0,0.2608695652173836,0.44444444444444997,0.3047752808988764,0.6220302375809934,0.5975609756097562,0.0,0.0,0.0,0.0,0.0
0.5,0.3913043478260789,0.518518518518519,0.4691011235955058,0.3563714902807775,0.475609756097561,0.0,0.0,0.0,0.0,0.0
1.0,0.4999999999999929,0.4197530864197603,0.2275280898876404,0.792656587473002,0.04065040650406505,0.0,0.0,0.0,0.0,0.0
0.5,0.2391304347826022,0.3580246913580325,0.0351123595505618,0.9114470842332612,0.11382113821138212,0.0,0.0,0.0,0.0,0.0
1.0,0.22826086956521152,0.3827160493827222,0.199438202247191,0.9136069114470842,0.8292682926829269,1.0,0.0,0.0,1.0,0.0
0.5,0.7826086956521721,0.6790123456790127,0.508426966292135,0.4319654427645788,0.6707317073170732,0.0,0.0,0.0,0.0,0.0
1.0,0.5652173913043441,0.44444444444444997,0.5702247191011238,0.3196544276457882,0.3699186991869919,0.0,0.0,0.0,0.0,0.0
1.0,0.891304347826086,0.864197530864196,0.3075842696629214,0.5809935205183585,0.0934959349593496,0.0,0.0,0.0,0.0,0.0
0.5,0.7391304347826093,0.7037037037037024,0.3693820224719102,0.4233261339092873,0.38617886178861793,0.0,0.0,0.0,0.0,0.0
0.5,0.4021739130434767,0.5555555555555571,0.7120786516853934,0.22894168466522669,0.9918699186991871,0.0,0.0,0.0,0.0,0.0
0.5,0.2391304347826022,0.4197530864197603,0.4662921348314606,0.32397408207343414,0.8658536585365855,0.0,0.0,0.0,0.0,0.0
0.5,0.9347826086956488,0.9012345679012341,0.4171348314606742,0.427645788336933,0.7154471544715448,0.0,0.0,0.0,0.0,0.0
0.5,0.9021739130434767,0.827160493827158,0.8398876404494382,0.18574514038876888,0.5040650406504066,0.0,0.0,0.0,0.0,0.0
1.0,0.5108695652173907,0.46913580246913966,0.9775280898876406,0.049676025917926525,0.32113821138211385,0.0,0.0,0.0,0.0,0.0
0.0,0.22826086956521152,0.3580246913580325,0.3328651685393258,0.5550755939524836,0.48780487804878053,0.0,0.0,0.0,0.0,0.0
0.5,0.8152173913043441,0.6419753086419746,0.7373595505617978,0.20950323974082075,0.17073170731707318,0.0,0.0,0.0,0.0,0.0
1.0,0.5652173913043441,0.5061728395061778,0.5224719101123594,0.40604751619870405,0.6747967479674798,0.0,0.0,0.0,0.0,0.0
1.0,0.5326086956521721,0.5061728395061778,0.7865168539325842,0.08639308855291572,0.07317073170731708,0.0,0.0,0.0,0.0,0.0
0.5,0.6195652173912976,0.7654320987654302,0.3806179775280898,0.4708423326133908,0.13414634146341464,0.0,0.0,0.0,0.0,0.0
0.5,0.44565217391303946,0.4320987654321016,0.6151685393258426,0.3110151187904967,0.1951219512195122,0.0,0.0,0.0,0.0,0.0
1.0,0.6956521739130395,0.5432098765432158,0.6474719101123594,0.3131749460043196,0.020325203252032523,0.0,0.0,0.0,0.0,0.0
0.5,0.35869565217391397,0.518518518518519,0.5238764044943822,0.39956803455723544,0.14634146341463417,0.0,0.0,0.0,0.0,0.0
1.0,0.5978260869565162,0.45679012345679126,0.223314606741573,0.9136069114470842,0.459349593495935,0.0,1.0,0.0,0.0,0.0
1.0,0.6304347826086953,0.6172839506172849,0.2584269662921348,0.5032397408207343,0.451219512195122,0.0,0.0,0.0,0.0,0.0
0.5,0.1630434782608674,0.2839506172839492,0.6783707865168538,0.20950323974082075,0.16666666666666669,0.0,0.0,0.0,0.0,0.0
1.0,0.8260869565217348,0.8395061728395063,0.5168539325842698,0.4298056155507559,0.0813008130081301,0.0,0.0,0.0,0.0,0.0
0.5,0.4130434782608674,0.5679012345679055,0.4058988764044942,0.5723542116630669,0.6382113821138212,0.0,0.0,0.0,0.0,0.0
0.5,0.891304347826086,0.8395061728395063,0.3848314606741574,0.5680345572354211,0.6829268292682927,0.0,0.0,0.0,0.0,0.0
0.5,0.6086956521739069,0.5802469135802468,0.342696629213483,0.5809935205183585,0.2642276422764228,0.0,0.0,0.0,0.0,0.0
1.0,0.30434782608695343,0.2716049382716008,0.2724719101123596,0.755939524838013,0.17073170731707318,0.0,0.0,0.0,0.0,0.0
1.0,0.5869565217391255,0.6049382716049436,0.3146067415730338,0.48164146868250535,0.8861788617886179,0.0,0.0,0.0,0.0,0.0
0.5,0.4239130434782581,0.5679012345679055,0.5997191011235954,0.28509719222462193,0.9471544715447155,0.0,0.0,0.0,0.0,0.0
0.5,0.5108695652173907,0.5925925925925952,0.5941011235955058,0.28941684665226775,0.5487804878048781,0.0,0.0,0.0,0.0,0.0
0.5,0.5978260869565162,0.6172839506172849,0.3904494382022474,0.49028077753779686,0.7032520325203253,0.0,0.0,0.0,0.0,0.0
1.0,0.5434782608695627,0.7530864197530889,0.574438202247191,0.25917926565874727,0.04471544715447155,0.0,0.0,0.0,0.0,0.0
0.5,0.28260869565216495,0.2592592592592595,0.300561797752809,0.5377969762419006,0.42276422764227645,0.0,0.0,0.0,0.0,0.0
0.5,0.3152173913043441,0.3950617283950635,0.7387640449438202,0.17278617710583155,0.32926829268292684,0.0,0.0,0.0,0.0,0.0
1.0,0.5217391304347814,0.5432098765432158,0.4466292134831462,0.41468682505399557,0.7926829268292683,0.0,0.0,0.0,0.0,0.0
0.5,0.7173913043478208,0.5802469135802468,0.5997191011235954,0.3174946004319653,0.2886178861788618,0.0,0.0,0.0,0.0,0.0
0.5,0.3260869565217348,0.2839506172839492,0.5547752808988766,0.3822894168466522,0.410569105691057,0.0,0.0,0.0,0.0,0.0
0.5,0.9239130434782581,0.8888888888888857,0.5477528089887642,0.3131749460043196,0.05691056910569106,0.0,0.0,0.0,0.0,0.0
0.0,0.8369565217391255,0.8395061728395063,0.455056179775281,0.3844492440604751,0.6626016260162603,0.0,0.0,0.0,0.0,0.0
0.0,0.4347826086956488,0.4074074074074119,0.3398876404494382,0.44276457883369325,0.5,0.0,0.0,0.0,0.0,0.0
0.5,0.03260869565217206,0.03703703703703809,0.5421348314606742,0.43844492440604743,0.7073170731707318,0.0,0.0,0.0,0.0,0.0
1.0,0.3260869565217348,0.46913580246913966,0.5294943820224718,0.36285097192224613,0.5325203252032521,0.0,0.0,0.0,0.0,0.0
0.5,0.21739130434782084,0.3703703703703738,0.5674157303370786,0.33909287257019427,0.6016260162601627,0.0,0.0,0.0,0.0,0.0
0.5,0.3260869565217348,0.44444444444444997,0.526685393258427,0.36933045356371497,0.2967479674796748,0.0,0.0,0.0,0.0,0.0
0.5,0.5652173913043441,0.5802469135802468,0.728932584269663,0.28077753779697623,0.2886178861788618,0.0,0.0,0.0,0.0,0.0
1.0,0.7608695652173907,0.7407407407407405,0.3637640449438202,0.4665226781857451,0.5162601626016261,0.0,0.0,0.0,0.0,0.0
0.5,0.7173913043478208,0.6913580246913611,0.4466292134831462,0.44708423326133895,0.23983739837398377,0.0,0.0,0.0,0.0,0.0
0.5,0.3260869565217348,0.3950617283950635,0.7191011235955058,0.22894168466522669,0.7073170731707318,0.0,0.0,0.0,0.0,0.0
0.5,0.28260869565216495,0.3580246913580325,0.7134831460674158,0.20518358531317493,0.47154471544715454,0.0,0.0,0.0,0.0,0.0
0.5,0.5652173913043441,0.49382716049382935,0.9887640449438202,0.09071274298056153,0.11382113821138212,0.0,0.0,0.0,0.0,0.0
0.5,0.7717391304347743,0.5555555555555571,0.5000000000000002,0.3801295896328294,0.11788617886178863,0.0,0.0,0.0,0.0,0.0
1.0,0.4239130434782581,0.6049382716049436,0.3651685393258426,0.6652267818574513,0.3455284552845529,0.0,0.0,0.0,0.0,0.0
0.5,0.5652173913043441,0.44444444444444997,0.2668539325842696,0.6198704103671706,0.8577235772357724,0.0,0.0,0.0,0.0,0.0
1.0,0.21739130434782084,0.3456790123456841,0.675561797752809,0.19006479481641458,0.7073170731707318,0.0,0.0,0.0,0.0,0.0
0.5,0.5434782608695627,0.7160493827160508,0.3974719101123594,0.5637149028077754,0.2520325203252033,0.0,0.0,0.0,0.0,0.0
0.5,0.7717391304347743,0.7530864197530889,0.4115168539325842,0.5723542116630669,0.4471544715447155,0.0,0.0,0.0,0.0,0.0
0.5,0.5434782608695627,0.4320987654321016,0.6558988764044942,0.32613390928725705,0.7967479674796749,0.0,0.0,0.0,0.0,0.0
0.5,0.7065217391304301,0.654320987654323,0.5941011235955058,0.28509719222462193,0.016260162601626018,0.0,0.0,0.0,0.0,0.0
1.0,0.5869565217391255,0.48148148148148806,0.2879213483146068,0.6695464362850971,0.6504065040650407,0.0,0.0,0.0,0.0,0.0
0.5,0.4239130434782581,0.3456790123456841,0.273876404494382,0.6544276457883369,0.894308943089431,0.0,0.0,0.0,1.0,0.0
1.0,0.3369565217391255,0.2839506172839492,0.327247191011236,0.3909287257019438,0.8048780487804879,1.0,0.0,0.0,0.0,0.0
0.0,0.11956521739129755,0.22222222222222143,0.580056179775281,0.32397408207343414,0.30487804878048785,0.0,0.0,0.0,0.0,0.0
0.0,0.28260869565216495,0.24691358024691112,0.6109550561797754,0.3412526997840172,0.3739837398373984,0.0,0.0,0.0,0.0,0.0
1.0,0.9239130434782581,0.864197530864196,0.4283707865168538,0.4578833693304535,0.7113821138211383,0.0,0.0,0.0,0.0,0.0
0.5,0.21739130434782084,0.2839506172839492,0.3707865168539326,0.6241900647948164,0.24796747967479676,0.0,0.0,0.0,0.0,0.0
0.5,0.9565217391304373,0.9382716049382722,0.377808988764045,0.5140388768898487,0.7398373983739838,0.0,0.0,0.0,0.0,0.0
1.0,0.9347826086956488,0.8888888888888857,0.3469101123595506,0.7213822894168467,0.7682926829268294,0.0,0.0,0.0,0.0,0.0
1.0,0.30434782608695343,0.3580246913580325,0.5168539325842698,0.49028077753779686,0.0,0.0,0.0,0.0,0.0,0.0
0.5,0.6847826086956488,0.5308641975308674,0.5379213483146066,0.22030237580993517,0.32113821138211385,0.0,0.0,0.0,0.0,0.0
0.5,0.8695652173913047,0.7407407407407405,0.5000000000000002,0.3974082073434124,0.8983739837398375,0.0,0.0,0.0,0.0,0.0
1.0,0.45652173913043015,0.4320987654321016,0.4410112359550562,0.44924406047516185,0.6869918699186992,0.0,0.0,0.0,0.0,0.0
0.5,0.29347826086956275,0.2962962962963047,0.3806179775280898,0.36717062634989195,0.14227642276422767,0.0,0.0,0.0,0.0,0.0
0.5,0.1630434782608674,0.23456790123456983,0.3019662921348314,0.5745140388768899,0.5853658536585367,0.0,0.0,0.0,0.0,0.0
0.5,0.22826086956521152,0.3703703703703738,0.4002808988764046,0.5723542116630669,0.3821138211382114,0.0,0.0,0.0,0.0,0.0
0.5,0.3152173913043441,0.2592592592592595,0.2879213483146068,0.6155507559395248,0.3089430894308943,0.0,0.0,0.0,0.0,0.0
0.0,0.11956521739129755,0.20987654320987303,0.5660112359550562,0.33261339092872566,0.0,0.0,0.0,0.0,0.0,0.0
0.5,0.6630434782608603,0.5802469135802468,0.5280898876404494,0.3434125269978401,0.7967479674796749,0.0,0.0,0.0,0.0,0.0
1.0,0.5108695652173907,0.6913580246913611,0.6264044943820226,0.25917926565874727,0.22357723577235775,0.0,0.0,0.0,0.0,0.0
0.5,0.7499999999999929,0.7037037037037024,0.4129213483146066,0.4665226781857451,0.06097560975609757,0.0,0.0,0.0,0.0,0.0
0.5,0.4347826086956488,0.4197530864197603,0.4353932584269662,0.386609071274298,0.6138211382113822,0.0,0.0,0.0,0.0,0.0
0.5,0.6521739130434767,0.5679012345679055,0.5294943820224718,0.3498920086393087,0.524390243902439,0.0,0.0,0.0,0.0,0.0
1.0,0.6304347826086953,0.6666666666666714,0.574438202247191,0.3369330453563715,0.7073170731707318,0.0,0.0,0.0,0.0,0.0
0.5,0.7608695652173907,0.6419753086419746,0.7542134831460674,0.17278617710583155,0.7235772357723578,0.0,0.0,0.0,0.0,0.0
0.5,0.8695652173913047,0.7160493827160508,0.5870786516853934,0.32613390928725705,0.04065040650406505,0.0,0.0,0.0,0.0,0.0
0.5,0.4782608695652115,0.4320987654321016,0.4143258426966294,0.40388768898488114,0.8089430894308944,0.0,0.0,0.0,0.0,0.0
1.0,0.7173913043478208,0.6049382716049436,0.1081460674157304,0.9892008639308856,0.11788617886178863,0.0,0.0,0.0,0.0,0.0
0.5,0.5978260869565162,0.5925925925925952,0.3525280898876406,0.5269978401727862,0.3617886178861789,0.0,0.0,0.0,0.0,0.0
0.0,0.28260869565216495,0.3333333333333357,0.6376404494382022,0.3110151187904967,0.7764227642276423,0.0,0.0,0.0,0.0,0.0
1.0,0.38043478260869534,0.5308641975308674,0.4859550561797754,0.3974082073434124,0.31300813008130085,0.0,0.0,0.0,0.0,0.0
0.0,0.19565217391303946,0.3209876543209944,0.4339887640449438,0.4622030237580993,0.5731707317073171,0.0,0.0,0.0,0.0,0.0
0.5,0.05434782608695343,0.09876543209876587,0.4929775280898878,0.3844492440604751,0.3577235772357724,0.0,0.0,0.0,0.0,0.0
0.0,0.6847826086956488,0.6172839506172849,0.324438202247191,0.6825053995680346,0.8008130081300814,0.0,0.0,0.0,0.0,0.0
0.5,0.2391304347826022,0.3703703703703738,0.3146067415730338,0.48380129589632825,0.5894308943089431,0.0,0.0,0.0,0.0,0.0
0.5,0.4347826086956488,0.3827160493827222,0.8272471910112358,0.11015118790496758,0.3617886178861789,0.0,0.0,0.0,0.0,0.0
0.5,0.2391304347826022,0.3827160493827222,0.4873595505617978,0.3822894168466522,0.6382113821138212,0.0,0.0,0.0,0.0,0.0
0.5,0.7391304347826093,0.7037037037037024,0.5140449438202246,0.5291576673866091,0.12601626016260165,0.0,0.0,0.0,0.0,0.0
0.5,0.5869565217391255,0.49382716049382935,0.455056179775281,0.6976241900647948,0.6626016260162603,0.0,0.0,0.0,0.0,0.0
0.5,0.6847826086956488,0.6049382716049436,0.4143258426966294,0.3563714902807775,0.8861788617886179,0.0,0.0,0.0,0.0,0.0
0.5,0.7391304347826093,0.6296296296296333,0.8469101123595506,0.12095032397408201,0.1910569105691057,0.0,0.0,0.0,0.0,0.0
0.0,0.29347826086956275,0.2962962962963047,0.3609550561797754,0.509719222462203,0.15040650406504066,0.0,0.0,0.0,0.0,0.0
0.5,0.7608695652173907,0.7407407407407405,0.6011235955056178,0.39956803455723544,0.5813008130081302,0.0,0.0,0.0,0.0,0.0
1.0,0.5217391304347814,0.4074074074074119,0.6025280898876406,0.2786177105831533,0.13821138211382114,0.0,0.0,0.0,0.0,0.0
0.5,0.3260869565217348,0.3333333333333357,0.205056179775281,0.6285097192224622,0.6747967479674798,0.0,0.0,0.0,0.0,0.0
0.5,0.4239130434782581,0.4197530864197603,0.592696629213483,0.3066954643628509,0.43495934959349597,0.0,0.0,0.0,0.0,0.0
0.5,0.35869565217391397,0.4074074074074119,0.383426966292135,0.5961123110151187,0.0,0.0,0.0,0.0,0.0,0.0
0.5,0.3260869565217348,0.45679012345679126,0.5098314606741574,0.3455723542116631,0.3821138211382114,0.0,0.0,0.0,0.0,0.0
0.5,0.5326086956521721,0.48148148148148806,0.247191011235955,0.6781857451403888,0.2682926829268293,0.0,0.0,0.0,0.0,0.0
0.5,0.22826086956521152,0.3333333333333357,0.4087078651685394,0.5075593952483801,0.016260162601626018,0.0,0.0,0.0,0.0,0.0
0.5,0.5869565217391255,0.7407407407407405,0.443820224719101,0.3952483801295895,0.8333333333333334,0.0,0.0,0.0,0.0,0.0
0.5,0.4130434782608674,0.5802469135802468,0.6657303370786518,0.2354211663066954,0.524390243902439,0.0,0.0,0.0,0.0,0.0
0.5,0.7608695652173907,0.7037037037037024,0.5435393258426966,0.36933045356371497,0.06097560975609757,0.0,0.0,0.0,0.0,0.0
0.5,0.7391304347826093,0.6790123456790127,0.3286516853932584,0.6025917926565874,0.052845528455284556,0.0,0.0,0.0,0.0,0.0
1.0,0.8260869565217348,0.8148148148148167,0.3412921348314606,0.531317494600432,0.6382113821138212,0.0,0.0,0.0,0.0,0.0
1.0,0.3260869565217348,0.4197530864197603,0.1587078651685394,0.8336933045356372,0.8170731707317074,0.0,0.0,0.0,0.0,0.0
1.0,0.010869565217383581,0.012345679012348398,0.4817415730337078,0.3909287257019438,0.7357723577235773,0.0,0.0,0.0,0.0,0.0
0.0,0.7391304347826093,0.7283950617283992,0.7275280898876406,0.13174946004319654,0.1869918699186992,0.0,0.0,0.0,0.0,0.0
0.5,0.7717391304347743,0.6666666666666714,0.473314606741573,0.47732181425485964,0.5813008130081302,0.0,0.0,0.0,0.0,0.0
0.0,0.5978260869565162,0.6049382716049436,0.396067415730337,0.5183585313174945,0.5528455284552846,0.0,0.0,0.0,0.0,0.0
0.5,0.29347826086956275,0.23456790123456983,0.3750000000000002,0.6177105831533478,0.5609756097560976,0.0,0.0,0.0,0.0,0.0
0.5,0.11956521739129755,0.20987654320987303,0.3089887640449438,0.611231101511879,0.28455284552845533,0.0,0.0,0.0,0.0,0.0
0.5,0.3260869565217348,0.2716049382716008,0.818820224719101,0.13822894168466515,0.5894308943089431,0.0,0.0,0.0,0.0,0.0
0.5,0.7282608695652115,0.5802469135802468,0.2148876404494382,0.8228941684665227,0.4471544715447155,0.0,1.0,0.0,0.0,0.0
0.5,0.7282608695652115,0.5432098765432158,0.25,0.5464362850971921,0.7073170731707318,0.0,1.0,0.0,0.0,0.0
0.5,0.38043478260869534,0.518518518518519,0.7808988764044942,0.2267818574514039,0.3373983739837399,0.0,0.0,0.0,0.0,0.0
0.5,0.9239130434782581,0.8888888888888857,0.2584269662921348,0.6436285097192225,0.7804878048780488,0.0,0.0,0.0,0.0,0.0
0.5,0.3913043478260789,0.5432098765432158,0.5533707865168538,0.4600431965442764,0.3252032520325204,0.0,0.0,0.0,0.0,0.0
1.0,0.9130434782608674,0.827160493827158,0.6292134831460674,0.18142548596112307,0.5365853658536586,0.0,0.0,0.0,0.0,0.0
0.5,0.3152173913043441,0.49382716049382935,0.5646067415730338,0.37365010799136056,0.47967479674796754,0.0,0.0,0.0,0.0,0.0
0.5,0.22826086956521152,0.3456790123456841,0.5421348314606742,0.3045356371490281,0.29268292682926833,0.0,0.0,0.0,0.0,0.0
1.0,0.3152173913043441,0.3827160493827222,0.383426966292135,0.4557235421166307,0.6097560975609757,0.0,0.0,0.0,0.0,0.0
1.0,0.7065217391304301,0.6419753086419746,0.2457865168539326,0.6954643628509718,0.22764227642276424,0.0,0.0,0.0,0.0,0.0
0.5,0.3152173913043441,0.4074074074074119,0.4325842696629214,0.3930885529157666,0.49186991869918706,0.0,0.0,0.0,0.0,0.0
0.5,0.6847826086956488,0.6172839506172849,0.276685393258427,0.6846652267818574,0.878048780487805,0.0,0.0,0.0,1.0,0.0
0.5,0.8043478260869534,0.8024691358024683,0.2148876404494382,0.5766738660907127,0.7276422764227644,0.0,0.0,0.0,0.0,0.0
1.0,0.4130434782608674,0.6049382716049436,0.300561797752809,0.6349892008639308,0.6707317073170732,0.0,0.0,0.0,0.0,0.0
1.0,0.3260869565217348,0.4074074074074119,0.4522471910112358,0.4578833693304535,0.37804878048780494,0.0,0.0,0.0,0.0,0.0
0.5,0.6195652173912976,0.8024691358024683,0.8328651685393258,0.1879049676025918,0.5609756097560976,0.0,0.0,0.0,0.0,0.0
0.5,0.5217391304347814,0.4320987654321016,0.491573033707865,0.36501079913606904,0.410569105691057,0.0,0.0,0.0,0.0,0.0
0.5,0.5108695652173907,0.49382716049382935,0.5042134831460674,0.5831533477321813,0.10162601626016261,0.0,0.0,0.0,0.0,0.0
0.0,0.38043478260869534,0.4320987654321016,0.172752808988764,0.7429805615550755,0.20325203252032523,0.0,0.0,0.0,0.0,0.0
0.5,0.6086956521739069,0.827160493827158,0.2654494382022472,0.6673866090712743,0.5772357723577236,0.0,0.0,0.0,0.0,0.0
1.0,0.4239130434782581,0.3703703703703738,0.3061797752808988,0.5809935205183585,0.8048780487804879,0.0,0.0,0.0,0.0,0.0
0.5,0.6521739130434767,0.6049382716049436,0.2865168539325842,0.7235421166306695,0.3821138211382114,0.0,0.0,0.0,0.0,0.0
1.0,0.6195652173912976,0.6666666666666714,0.3328651685393258,0.5896328293736499,0.6788617886178863,0.0,0.0,0.0,0.0,0.0
0.5,0.9130434782608674,0.827160493827158,0.4634831460674158,0.4319654427645788,0.5487804878048781,0.0,0.0,0.0,0.0,0.0
0.0,0.5543478260869534,0.5432098765432158,0.4227528089887642,0.386609071274298,0.8048780487804879,0.0,0.0,0.0,0.0,0.0
0.5,0.8152173913043441,0.6049382716049436,0.4030898876404494,0.4535637149028078,0.8333333333333334,0.0,0.0,0.0,0.0,0.0
0.5,0.4021739130434767,0.5802469135802468,0.4213483146067414,0.4622030237580993,0.3902439024390244,0.0,0.0,0.0,0.0,0.0
0.0,0.4782608695652115,0.4320987654321016,0.2415730337078652,0.5334773218142548,0.5162601626016261,0.0,0.0,0.0,0.0,0.0
0.5,0.5869565217391255,0.5308641975308674,0.6867977528089886,0.20734341252699784,0.7154471544715448,0.0,0.0,0.0,0.0,0.0
0.0,0.35869565217391397,0.5061728395061778,0.1348314606741574,0.773218142548596,0.6178861788617886,0.0,0.0,0.0,0.0,0.0
0.0,0.6086956521739069,0.46913580246913966,0.401685393258427,0.5032397408207343,0.5121951219512195,0.0,0.0,0.0,0.0,0.0
0.5,0.3913043478260789,0.3580246913580325,0.3047752808988764,0.6349892008639308,0.32113821138211385,0.0,0.0,0.0,0.0,0.0
0.5,0.5652173913043441,0.5061728395061778,0.1713483146067416,0.6825053995680346,0.821138211382114,0.0,0.0,0.0,0.0,0.0
0.5,0.17391304347825098,0.2716049382716008,0.2584269662921348,0.5831533477321813,0.8292682926829269,0.0,0.0,0.0,0.0,0.0
1.0,0.4782608695652115,0.4197530864197603,0.9382022471910114,0.09935205183585305,0.7682926829268294,0.0,0.0,0.0,0.0,0.0
0.5,0.4130434782608674,0.3333333333333357,0.7162921348314606,0.24838012958963285,0.2642276422764228,0.0,0.0,0.0,0.0,0.0
0.0,0.5760869565217348,0.5308641975308674,0.4213483146067414,0.5161987041036716,0.39430894308943093,0.0,0.0,0.0,0.0,0.0
0.0,0.28260869565216495,0.24691358024691112,0.3946629213483146,0.4989200863930886,0.39430894308943093,0.0,0.0,0.0,0.0,0.0
0.5,0.6847826086956488,0.6419753086419746,0.4985955056179774,0.43844492440604743,0.052845528455284556,0.0,0.0,0.0,0.0,0.0
0.5,0.4782608695652115,0.4197530864197603,0.407303370786517,0.4168466522678185,0.508130081300813,0.0,0.0,0.0,0.0,0.0
0.0,0.7499999999999929,0.6790123456790127,0.7148876404494382,0.17494600431965435,0.49593495934959353,0.0,0.0,0.0,0.0,0.0
1.0,0.6847826086956488,0.5555555555555571,0.3202247191011236,0.5399568034557235,0.21951219512195125,0.0,0.0,0.0,0.0,0.0
0.5,0.6086956521739069,0.5925925925925952,0.6081460674157302,0.28941684665226775,0.10162601626016261,0.0,0.0,0.0,0.0,0.0
0.0,0.9021739130434767,0.7654320987654302,0.5070224719101122,0.36717062634989195,0.3577235772357724,0.0,0.0,0.0,0.0,0.0
1.0,0.3478260869565162,0.3703703703703738,0.2303370786516854,0.6133909287257018,0.13414634146341464,0.0,0.0,0.0,0.0,0.0
0.5,0.6521739130434767,0.6049382716049436,0.5519662921348314,0.22246220302375808,0.3739837398373984,0.0,0.0,0.0,0.0,0.0
0.5,0.5543478260869534,0.44444444444444997,0.818820224719101,0.17494600431965435,0.8414634146341464,0.0,0.0,0.0,0.0,0.0
0.5,0.03260869565217206,0.03703703703703809,0.2626404494382022,0.6976241900647948,0.467479674796748,0.0,0.0,0.0,0.0,0.0
0.5,0.2391304347826022,0.3456790123456841,0.2205056179775282,0.8056155507559395,0.5813008130081302,0.0,0.0,0.0,0.0,0.0
1.0,0.22826086956521152,0.3580246913580325,0.401685393258427,0.48596112311015116,0.3252032520325204,0.0,0.0,0.0,0.0,0.0
0.5,0.5978260869565162,0.7037037037037024,0.4957865168539326,0.44924406047516185,0.0894308943089431,0.0,0.0,0.0,0.0,0.0
1.0,0.3152173913043441,0.4074074074074119,0.3230337078651686,0.6004319654427646,0.39430894308943093,0.0,0.0,0.0,0.0,0.0
0.5,0.9347826086956488,0.9012345679012341,0.3160112359550562,0.5917926565874729,0.3089430894308943,0.0,0.0,0.0,0.0,0.0
0.5,0.3478260869565162,0.5555555555555571,0.6924157303370786,0.2721382289416847,0.07317073170731708,0.0,0.0,0.0,0.0,0.0
0.5,0.4239130434782581,0.3580246913580325,0.2780898876404494,0.6457883369330453,0.7845528455284554,0.0,0.0,0.0,0.0,0.0
0.5,0.5108695652173907,0.6913580246913611,0.7303370786516854,0.22246220302375808,0.3455284552845529,0.0,0.0,0.0,0.0,0.0
1.0,0.5869565217391255,0.46913580246913966,0.359550561797753,0.5118790496760258,0.16666666666666669,0.0,0.0,0.0,0.0,0.0
1.0,0.2391304347826022,0.3456790123456841,0.3707865168539326,0.4643628509719222,0.47967479674796754,0.0,0.0,0.0,0.0,0.0
1.0,0.8043478260869534,0.7777777777777786,0.6587078651685394,0.2354211663066954,0.32926829268292684,0.0,0.0,0.0,0.0,0.0
0.5,0.8804347826086882,0.8024691358024683,0.6643258426966294,0.2721382289416847,0.7926829268292683,0.0,0.0,0.0,0.0,0.0
0.5,0.35869565217391397,0.49382716049382935,0.3455056179775282,0.5550755939524836,0.459349593495935,0.0,0.0,0.0,0.0,0.0
0.5,0.5652173913043441,0.518518518518519,0.3370786516853932,0.6004319654427646,0.4634146341463415,0.0,0.0,0.0,0.0,0.0
0.5,0.3913043478260789,0.3456790123456841,0.7851123595505618,0.3110151187904967,0.475609756097561,0.0,0.0,0.0,0.0,0.0
0.5,0.9456521739130395,0.9012345679012341,0.2345505617977528,0.8855291576673865,0.3577235772357724,0.0,0.0,0.0,0.0,0.0
1.0,0.8152173913043441,0.8024691358024683,0.401685393258427,0.36285097192224613,0.5813008130081302,0.0,0.0,0.0,0.0,0.0
1.0,0.3913043478260789,0.4074074074074119,0.883426966292135,0.12526997840172782,0.7073170731707318,0.0,0.0,0.0,0.0,0.0
0.5,0.5978260869565162,0.7530864197530889,0.3286516853932584,0.5032397408207343,0.9065040650406505,0.0,0.0,0.0,0.0,0.0
0.5,0.7608695652173907,0.654320987654323,0.598314606741573,0.2354211663066954,0.7723577235772359,0.0,0.0,0.0,0.0,0.0
1.0,0.4239130434782581,0.3950617283950635,0.3707865168539326,0.4211663066954643,0.0894308943089431,0.0,0.0,0.0,0.0,0.0
0.5,0.7826086956521721,0.6666666666666714,0.4353932584269662,0.40820734341252696,0.5569105691056911,0.0,0.0,0.0,0.0,0.0
0.5,0.6195652173912976,0.6419753086419746,0.8848314606741574,0.18142548596112307,0.8008130081300814,0.0,0.0,0.0,0.0,0.0
1.0,0.22826086956521152,0.3456790123456841,0.396067415730337,0.773218142548596,0.6219512195121952,0.0,0.0,0.0,0.0,0.0
0.5,0.22826086956521152,0.3209876543209944,0.321629213483146,0.4730021598272137,0.451219512195122,0.0,0.0,0.0,0.0,0.0
0.5,0.8369565217391255,0.6790123456790127,0.8033707865168538,0.22246220302375808,0.8333333333333334,0.0,0.0,0.0,0.0,0.0
0.0,0.30434782608695343,0.518518518518519,0.7064606741573034,0.1943844492440605,0.24390243902439027,0.0,0.0,0.0,0.0,0.0
0.5,0.5978260869565162,0.827160493827158,0.396067415730337,0.8423326133909286,0.3699186991869919,0.0,0.0,1.0,0.0,0.0
0.5,0.10869565217390686,0.17283950617284205,0.6615168539325842,0.20518358531317493,0.7642276422764228,0.0,0.0,0.0,0.0,0.0
0.5,0.5869565217391255,0.5555555555555571,0.8764044943820226,0.08855291576673863,0.31300813008130085,0.0,0.0,0.0,0.0,0.0
0.5,0.36956521739129755,0.518518518518519,0.6151685393258426,0.3023758099352052,0.5284552845528456,0.0,0.0,0.0,0.0,0.0
0.5,0.8152173913043441,0.8148148148148167,0.2851123595505618,0.8142548596112309,0.6991869918699187,0.0,0.0,0.0,0.0,0.0
0.5,0.36956521739129755,0.518518518518519,0.657303370786517,0.20302375809935203,0.17073170731707318,0.0,0.0,0.0,0.0,0.0
1.0,0.46739130434782794,0.4197530864197603,0.5294943820224718,0.36717062634989195,0.2967479674796748,0.0,0.0,0.0,0.0,0.0
0.5,0.30434782608695343,0.2716049382716008,0.5547752808988766,0.33477321814254857,0.22357723577235775,0.0,0.0,0.0,0.0,0.0
0.5,0.3369565217391255,0.3950617283950635,0.6250000000000002,0.3196544276457882,0.37804878048780494,0.0,0.0,0.0,0.0,0.0
0.5,0.2391304347826022,0.3827160493827222,0.1769662921348314,0.8034557235421165,0.0,0.0,0.0,0.0,0.0,0.0
0.0,0.6739130434782581,0.6172839506172849,0.8525280898876406,0.13174946004319654,0.032520325203252036,0.0,0.0,0.0,0.0,0.0
1.0,0.3260869565217348,0.46913580246913966,0.5056179775280898,0.6436285097192225,0.8089430894308944,0.0,0.0,0.0,0.0,0.0
0.5,0.6086956521739069,0.790123456790127,0.247191011235955,0.6825053995680346,0.5934959349593496,0.0,0.0,0.0,0.0,0.0
1.0,0.5760869565217348,0.5308641975308674,0.1671348314606742,0.9244060475161986,0.3536585365853659,0.0,0.0,0.0,0.0,0.0
1.0,0.4347826086956488,0.3827160493827222,0.3637640449438202,0.6241900647948164,0.6707317073170732,0.0,0.0,0.0,0.0,0.0
0.5,0.25,0.3580246913580325,0.5196629213483146,0.44060475161987034,0.5487804878048781,0.0,0.0,0.0,0.0,0.0
0.5,0.38043478260869534,0.3703703703703738,0.5730337078651686,0.2375809935205183,0.2764227642276423,0.0,0.0,0.0,0.0,0.0
0.5,0.5434782608695627,0.4320987654321016,0.5674157303370786,0.24406047516198692,0.17479674796747968,0.0,0.0,0.0,0.0,0.0
1.0,0.2391304347826022,0.3456790123456841,0.6025280898876406,0.21382289416846645,0.6626016260162603,0.0,0.0,0.0,0.0,0.0
0.5,0.5326086956521721,0.7407407407407405,0.5196629213483146,0.4578833693304535,0.1788617886178862,0.0,0.0,0.0,0.0,0.0
1.0,0.4130434782608674,0.308641975308646,0.353932584269663,0.5421166306695464,0.1829268292682927,0.0,0.0,0.0,0.0,0.0
0.5,0.3913043478260789,0.5679012345679055,0.2542134831460674,0.7321814254859611,0.38617886178861793,0.0,0.0,0.0,0.0,0.0
0.5,0.891304347826086,0.827160493827158,0.4185393258426966,0.509719222462203,0.0813008130081301,0.0,0.0,0.0,0.0,0.0
0.5,0.8804347826086882,0.8148148148148167,0.1460674157303372,0.7494600431965441,0.21951219512195125,0.0,0.0,0.0,0.0,0.0
0.5,0.6086956521739069,0.5925925925925952,0.5365168539325842,0.3412526997840172,0.32926829268292684,0.0,0.0,0.0,0.0,0.0
1.0,0.05434782608695343,0.09876543209876587,0.4648876404494382,0.3801295896328294,0.24390243902439027,0.0,0.0,0.0,0.0,0.0
1.0,0.7608695652173907,0.6913580246913611,0.6207865168539326,0.28077753779697623,0.5569105691056911,0.0,0.0,0.0,0.0,0.0
0.5,0.35869565217391397,0.308641975308646,0.2907303370786518,0.6760259179265657,0.6829268292682927,0.0,0.0,0.0,0.0,0.0
0.5,0.9239130434782581,0.8395061728395063,0.4775280898876406,0.5809935205183585,0.6178861788617886,0.0,0.0,0.0,0.0,0.0
1.0,0.5217391304347814,0.45679012345679126,0.2331460674157304,0.7796976241900648,0.5162601626016261,0.0,0.0,0.0,0.0,0.0
0.5,0.3913043478260789,0.3703703703703738,0.4508426966292134,0.4686825053995679,0.6707317073170732,0.0,0.0,0.0,0.0,0.0
0.5,0.3369565217391255,0.3950617283950635,0.734550561797753,0.20302375809935203,0.43495934959349597,0.0,0.0,0.0,0.0,0.0
0.0,0.8043478260869534,0.6666666666666714,0.330056179775281,0.5032397408207343,0.5284552845528456,0.0,0.0,0.0,0.0,0.0
0.5,0.5108695652173907,0.48148148148148806,0.7794943820224718,0.18574514038876888,0.20731707317073172,0.0,0.0,0.0,0.0,0.0
1.0,0.36956521739129755,0.48148148148148806,0.3820224719101122,0.5766738660907127,0.6585365853658537,0.0,0.0,0.0,0.0,0.0
1.0,0.021739130434781373,0.02469135802468969,0.4705056179775282,0.5183585313174945,0.7886178861788619,0.0,0.0,0.0,0.0,0.0
1.0,0.6195652173912976,0.6790123456790127,0.4747191011235954,0.33909287257019427,0.052845528455284556,0.0,0.0,0.0,0.0,0.0
1.0,0.5326086956521721,0.45679012345679126,0.7991573033707866,0.16630669546436283,0.8455284552845529,0.0,0.0,0.0,0.0,0.0
0.0,0.9239130434782581,0.8395061728395063,0.6629213483146066,0.17062634989200864,0.6910569105691058,0.0,0.0,0.0,0.0,0.0
0.5,0.3913043478260789,0.3209876543209944,0.5519662921348314,0.3563714902807775,0.02845528455284553,0.0,0.0,0.0,0.0,0.0
0.5,0.13043478260868824,0.23456790123456983,0.348314606741573,0.5421166306695464,0.3658536585365854,0.0,0.0,0.0,0.0,0.0
0.5,0.9891304347826022,0.9753086419753103,0.5407303370786518,0.41036717062634986,0.0,0.0,0.0,0.0,0.0,0.0
1.0,0.9130434782608674,0.8888888888888857,0.366573033707865,0.7041036717062634,0.1869918699186992,0.0,0.0,0.0,0.0,0.0
1.0,0.9021739130434767,0.7530864197530889,0.3342696629213484,0.5334773218142548,0.410569105691057,0.0,0.0,0.0,0.0,0.0
1.0,0.5543478260869534,0.5308641975308674,0.5294943820224718,0.47948164146868244,0.7560975609756099,0.0,0.0,0.0,0.0,0.0
0.5,0.3369565217391255,0.2962962962963047,0.2696629213483146,0.6630669546436283,0.3821138211382114,0.0,0.0,0.0,0.0,0.0
0.5,0.3478260869565162,0.4197530864197603,0.4087078651685394,0.4578833693304535,0.7682926829268294,0.0,0.0,0.0,0.0,0.0
0.5,0.5543478260869534,0.49382716049382935,0.3988764044943822,0.36285097192224613,0.5325203252032521,0.0,0.0,0.0,0.0,0.0
0.0,0.7065217391304301,0.6790123456790127,0.3764044943820226,0.4168466522678185,0.28455284552845533,0.0,0.0,0.0,0.0,0.0
1.0,0.6630434782608603,0.654320987654323,0.425561797752809,0.3542116630669546,0.3699186991869919,0.0,0.0,0.0,0.0,0.0
0.5,0.5869565217391255,0.46913580246913966,0.7148876404494382,0.22030237580993517,0.2601626016260163,0.0,0.0,0.0,0.0,0.0
0.5,0.5108695652173907,0.49382716049382935,0.2008426966292136,0.9028077753779697,0.3252032520325204,0.0,0.0,0.0,0.0,0.0
1.0,0.6956521739130395,0.518518518518519,0.3848314606741574,0.41252699784017277,0.7804878048780488,0.0,0.0,0.0,0.0,0.0
0.0,0.2717391304347814,0.45679012345679126,0.3679775280898878,0.6069114470842332,0.04065040650406505,0.0,0.0,0.0,0.0,0.0
0.5,0.7282608695652115,0.6172839506172849,0.723314606741573,0.17278617710583155,0.1585365853658537,0.0,0.0,0.0,0.0,0.0
0.5,0.3369565217391255,0.3580246913580325,0.3511235955056178,0.5831533477321813,0.410569105691057,0.0,0.0,0.0,0.0,0.0
1.0,0.9130434782608674,0.864197530864196,0.6825842696629214,0.25053995680345564,0.48780487804878053,0.0,0.0,0.0,0.0,0.0
0.5,0.38043478260869534,0.5061728395061778,0.3904494382022474,0.4168466522678185,0.5731707317073171,0.0,0.0,0.0,0.0,0.0
1.0,0.6195652173912976,0.6419753086419746,0.8174157303370786,0.08855291576673863,0.7276422764227644,0.0,0.0,0.0,0.0,0.0
1.0,0.3260869565217348,0.4197530864197603,0.4283707865168538,0.44276457883369325,0.7154471544715448,0.0,0.0,0.0,0.0,0.0
1.0,0.9456521739130395,0.9012345679012341,0.3806179775280898,0.5766738660907127,0.12195121951219513,0.0,0.0,0.0,0.0,0.0
0.5,0.21739130434782084,0.3703703703703738,0.5168539325842698,0.4298056155507559,0.508130081300813,0.0,0.0,0.0,0.0,0.0
0.5,0.6956521739130395,0.6913580246913611,0.7373595505617978,0.22462203023758098,0.31300813008130085,0.0,0.0,0.0,0.0,0.0
0.5,0.6195652173912976,0.6790123456790127,0.252808988764045,0.5658747300215982,0.2520325203252033,0.0,0.0,0.0,0.0,0.0
0.5,0.4021739130434767,0.4197530864197603,0.574438202247191,0.32181425485961124,0.8130081300813009,0.0,0.0,0.0,0.0,0.0
0.5,0.22826086956521152,0.3827160493827222,0.6418539325842698,0.3045356371490281,0.5772357723577236,0.0,0.0,0.0,0.0,0.0
0.0,0.4347826086956488,0.3580246913580325,0.4424157303370786,0.4190064794816414,0.1910569105691057,0.0,0.0,0.0,0.0,0.0
0.5,0.7282608695652115,0.5802469135802468,0.5730337078651686,0.20950323974082075,0.426829268292683,0.0,0.0,0.0,0.0,0.0
1.0,0.7826086956521721,0.7530864197530889,0.5379213483146066,0.3779697624190065,0.21951219512195125,0.0,0.0,0.0,0.0,0.0
1.0,0.3478260869565162,0.2839506172839492,0.7443820224719102,0.12311015118790491,0.6260162601626017,0.0,0.0,0.0,0.0,0.0
0.5,0.9021739130434767,0.7777777777777786,0.9044943820224718,0.06911447084233258,0.41869918699187,0.0,0.0,0.0,0.0,0.0
0.5,0.3913043478260789,0.5432098765432158,0.4775280898876406,0.41036717062634986,0.21544715447154475,0.0,0.0,0.0,0.0,0.0
0.5,0.4239130434782581,0.3456790123456841,0.9606741573033706,0.1490280777537797,0.5609756097560976,0.0,0.0,0.0,0.0,0.0
0.5,0.4021739130434767,0.5432098765432158,0.4030898876404494,0.4362850971922245,0.3373983739837399,0.0,0.0,0.0,0.0,0.0
1.0,0.35869565217391397,0.3209876543209944,0.7500000000000002,0.18574514038876888,0.11788617886178863,0.0,0.0,0.0,0.0,0.0
1.0,0.5326086956521721,0.5061728395061778,0.4269662921348314,0.41252699784017277,0.49593495934959353,0.0,0.0,0.0,0.0,0.0
1.0,0.6413043478260789,0.5802469135802468,0.7219101123595506,0.21382289416846645,0.48780487804878053,0.0,0.0,0.0,0.0,0.0
0.5,0.7282608695652115,0.5925925925925952,0.1123595505617978,0.8747300215982721,0.3658536585365854,0.0,1.0,0.0,0.0,0.0
0.0,0.03260869565217206,0.03703703703703809,0.2991573033707866,0.6976241900647948,0.0,0.0,0.0,0.0,0.0,0.0
0.5,0.6521739130434767,0.5802469135802468,0.324438202247191,0.6760259179265657,0.8089430894308944,0.0,0.0,0.0,0.0,0.0
0.5,0.7717391304347743,0.7530864197530889,0.327247191011236,0.5615550755939525,0.821138211382114,0.0,0.0,0.0,0.0,0.0
1.0,0.6086956521739069,0.7777777777777786,0.3075842696629214,0.6609071274298055,0.7520325203252033,0.0,0.0,0.0,0.0,0.0
0.5,0.7282608695652115,0.6419753086419746,0.5351123595505618,0.40820734341252696,0.06097560975609757,0.0,0.0,0.0,0.0,0.0
0.5,0.3369565217391255,0.2962962962963047,0.2584269662921348,0.8142548596112309,0.3739837398373984,0.0,0.0,0.0,0.0,0.0
1.0,0.7499999999999929,0.5432098765432158,0.3342696629213484,0.5464362850971921,0.03658536585365854,0.0,0.0,0.0,0.0,0.0
0.5,0.4021739130434767,0.5432098765432158,0.675561797752809,0.20734341252699784,0.3617886178861789,0.0,0.0,0.0,0.0,0.0
1.0,0.21739130434782084,0.3333333333333357,0.3735955056179774,0.5248380129589632,0.13821138211382114,0.0,0.0,0.0,0.0,0.0
1.0,0.8369565217391255,0.8518518518518547,0.2935393258426966,0.49244060475161977,0.3821138211382114,0.0,0.0,0.0,0.0,0.0
1.0,0.21739130434782084,0.4074074074074119,0.5238764044943822,0.4190064794816414,0.6829268292682927,0.0,0.0,0.0,0.0,0.0
1.0,0.25,0.3333333333333357,0.2921348314606742,0.6868250539956802,0.8861788617886179,0.0,0.0,0.0,0.0,0.0
0.5,0.7826086956521721,0.7530864197530889,0.2134831460674158,0.7041036717062634,0.5487804878048781,0.0,0.0,0.0,0.0,0.0
1.0,0.1521739130434696,0.20987654320987303,0.5014044943820226,0.40172786177105835,0.1829268292682927,0.0,0.0,0.0,0.0,0.0
1.0,0.30434782608695343,0.3456790123456841,0.279494382022472,0.7429805615550755,0.06910569105691057,0.0,0.0,0.0,0.0,0.0
0.5,0.38043478260869534,0.5432098765432158,0.5955056179775282,0.4190064794816414,0.426829268292683,0.0,0.0,0.0,0.0,0.0
0.5,0.6304347826086953,0.6296296296296333,0.4030898876404494,0.630669546436285,0.47154471544715454,0.0,0.0,0.0,0.0,0.0
0.5,0.5326086956521721,0.7160493827160508,0.2808988764044944,0.47516198704103674,0.24390243902439027,0.0,0.0,0.0,0.0,0.0
0.0,0.5760869565217348,0.7407407407407405,0.4943820224719102,0.28509719222462193,0.3739837398373984,0.0,0.0,0.0,0.0,0.0
0.5,0.9565217391304373,0.9135802469135825,0.5238764044943822,0.3498920086393087,0.34959349593495936,0.0,0.0,0.0,0.0,0.0
0.5,0.2391304347826022,0.3456790123456841,0.372191011235955,0.7386609071274297,0.3373983739837399,0.0,0.0,0.0,0.0,0.0
0.5,0.6956521739130395,0.654320987654323,0.7261235955056178,0.18574514038876888,0.07723577235772358,0.0,0.0,0.0,0.0,0.0
0.0,0.3152173913043441,0.3333333333333357,0.2837078651685394,0.47732181425485964,0.39837398373983746,0.0,0.0,0.0,0.0,0.0
1.0,0.28260869565216495,0.24691358024691112,0.4691011235955058,0.4190064794816414,0.2804878048780488,0.0,0.0,0.0,0.0,0.0
1.0,0.6304347826086953,0.6790123456790127,0.2823033707865168,0.6328293736501078,0.1951219512195122,0.0,0.0,0.0,0.0,0.0
0.5,0.19565217391303946,0.3333333333333357,0.1699438202247192,0.7213822894168467,0.6219512195121952,0.0,0.0,0.0,0.0,0.0
0.5,0.3369565217391255,0.308641975308646,0.5912921348314606,0.3196544276457882,0.04471544715447155,0.0,0.0,0.0,0.0,0.0
1.0,0.3478260869565162,0.2716049382716008,0.6418539325842698,0.28077753779697623,0.5934959349593496,0.0,0.0,0.0,0.0,0.0
0.5,0.6304347826086953,0.5802469135802468,0.9705056179775282,0.10151187904967596,0.1910569105691057,0.0,0.0,0.0,0.0,0.0
1.0,0.36956521739129755,0.518518518518519,0.3525280898876406,0.710583153347732,0.5853658536585367,0.0,0.0,0.0,0.0,0.0
0.5,0.3152173913043441,0.2592592592592595,0.4115168539325842,0.36069114470842323,0.5447154471544716,0.0,0.0,0.0,0.0,0.0
1.0,0.5652173913043441,0.7283950617283992,0.383426966292135,0.6695464362850971,0.7845528455284554,0.0,0.0,0.0,0.0,0.0
0.0,0.5869565217391255,0.7654320987654302,0.2893258426966292,0.5701943844492441,0.7560975609756099,0.0,0.0,0.0,0.0,0.0
0.5,0.021739130434781373,0.04938271604938649,0.5477528089887642,0.32397408207343414,0.524390243902439,0.0,0.0,0.0,0.0,0.0
1.0,0.36956521739129755,0.5555555555555571,0.5828651685393258,0.28509719222462193,0.14634146341463417,0.0,0.0,0.0,0.0,0.0
1.0,0.30434782608695343,0.3827160493827222,0.2963483146067416,0.6004319654427646,0.28455284552845533,0.0,0.0,0.0,0.0,0.0
1.0,0.5543478260869534,0.5061728395061778,0.3469101123595506,0.5032397408207343,0.8048780487804879,0.0,0.0,0.0,0.0,0.0
0.5,0.4891304347826093,0.45679012345679126,0.3890449438202246,0.37365010799136056,0.10162601626016261,0.0,0.0,0.0,0.0,0.0
0.5,0.4021739130434767,0.5679012345679055,0.348314606741573,0.427645788336933,0.6382113821138212,0.0,0.0,0.0,0.0,0.0
0.0,0.7391304347826093,0.6172839506172849,0.1558988764044944,0.9136069114470842,0.410569105691057,0.0,1.0,0.0,0.0,0.0
1.0,0.18478260869564878,0.2962962962963047,0.252808988764045,0.5442764578833692,0.7967479674796749,0.0,0.0,0.0,0.0,0.0
0.5,0.7717391304347743,0.6666666666666714,0.3693820224719102,0.49244060475161977,0.020325203252032523,0.0,0.0,0.0,0.0,0.0
1.0,0.4021739130434767,0.3703703703703738,0.4452247191011238,0.43412526997840173,0.12195121951219513,0.0,0.0,0.0,0.0,0.0
0.5,0.6195652173912976,0.654320987654323,0.5603932584269662,0.3758099352051836,0.7154471544715448,0.0,0.0,0.0,0.0,0.0
0.5,0.5869565217391255,0.827160493827158,0.4030898876404494,0.39956803455723544,0.22764227642276424,0.0,0.0,0.0,0.0,0.0
0.5,0.21739130434782084,0.3209876543209944,0.4508426966292134,0.3498920086393087,0.1829268292682927,0.0,0.0,0.0,0.0,0.0
0.0,0.6195652173912976,0.8024691358024683,0.4297752808988766,0.4362850971922245,0.475609756097561,0.0,0.0,0.0,0.0,0.0
1.0,0.7826086956521721,0.7654320987654302,0.2205056179775282,0.8488120950323974,0.24390243902439027,0.0,0.0,0.0,0.0,0.0
0.5,0.46739130434782794,0.5555555555555571,0.4002808988764046,0.6025917926565874,0.03658536585365854,0.0,0.0,0.0,0.0,0.0
0.5,0.38043478260869534,0.46913580246913966,0.2682584269662922,0.6047516198704104,0.6463414634146342,0.0,0.0,0.0,0.0,0.0
0.5,0.38043478260869534,0.49382716049382935,0.2148876404494382,0.6522678185745139,0.1788617886178862,0.0,0.0,0.0,0.0,0.0
0.5,0.6086956521739069,0.6296296296296333,0.7275280898876406,0.22246220302375808,0.22357723577235775,0.0,0.0,0.0,0.0,0.0
0.0,0.2608695652173836,0.19753086419753174,0.0926966292134832,0.9222462203023756,0.1910569105691057,0.0,0.0,0.0,0.0,0.0
0.5,0.6956521739130395,0.6049382716049436,0.425561797752809,0.3974082073434124,0.3170731707317074,0.0,0.0,0.0,0.0,0.0
0.5,0.8586956521739069,0.6790123456790127,0.3103932584269664,0.6652267818574513,0.12601626016260165,0.0,0.0,0.0,0.0,0.0
1.0,0.9130434782608674,0.8888888888888857,0.4901685393258426,0.4578833693304535,0.13008130081300814,0.0,0.0,0.0,0.0,0.0
1.0,0.3913043478260789,0.5679012345679055,0.5168539325842698,0.32613390928725705,0.20325203252032523,0.0,0.0,0.0,0.0,0.0
0.5,0.8043478260869534,0.6172839506172849,0.3511235955056178,0.509719222462203,0.052845528455284556,0.0,0.0,0.0,0.0,0.0
0.5,0.5978260869565162,0.8518518518518547,0.271067415730337,0.7235421166306695,0.48373983739837406,0.0,0.0,0.0,0.0,0.0
0.5,0.5217391304347814,0.6049382716049436,0.8792134831460674,0.09071274298056153,0.39430894308943093,0.0,0.0,0.0,0.0,0.0
1.0,0.38043478260869534,0.3580246913580325,0.425561797752809,0.4535637149028078,0.052845528455284556,0.0,0.0,0.0,0.0,0.0
1.0,0.30434782608695343,0.2592592592592595,0.2823033707865168,0.509719222462203,0.8130081300813009,0.0,0.0,0.0,0.0,0.0
0.5,0.4130434782608674,0.3827160493827222,0.3230337078651686,0.47516198704103674,0.34959349593495936,0.0,0.0,0.0,0.0,0.0
0.5,0.21739130434782084,0.3333333333333357,0.4325842696629214,0.5701943844492441,0.11788617886178863,0.0,0.0,0.0,0.0,0.0
1.0,0.25,0.3456790123456841,0.2485955056179776,0.6155507559395248,0.31300813008130085,0.0,0.0,0.0,0.0,0.0
1.0,0.6413043478260789,0.518518518518519,0.383426966292135,0.6630669546436283,0.06097560975609757,0.0,0.0,0.0,0.0,0.0
0.5,0.9565217391304373,0.9382716049382722,0.9831460674157302,0.09503239740820735,0.7723577235772359,0.0,0.0,0.0,0.0,0.0
0.5,0.3260869565217348,0.45679012345679126,0.273876404494382,0.6954643628509718,0.04878048780487805,0.0,0.0,0.0,0.0,0.0
0.5,0.6521739130434767,0.6790123456790127,0.6910112359550562,0.25917926565874727,0.04878048780487805,0.0,0.0,0.0,0.0,0.0
1.0,0.38043478260869534,0.49382716049382935,0.3792134831460674,0.5961123110151187,0.410569105691057,0.0,0.0,0.0,0.0,0.0
1.0,0.7391304347826093,0.654320987654323,0.2359550561797754,0.8682505399568032,0.8414634146341464,0.0,0.0,0.0,1.0,0.0
0.5,0.9130434782608674,0.9135802469135825,0.3370786516853932,0.4557235421166307,0.5040650406504066,0.0,0.0,0.0,0.0,0.0
1.0,0.5652173913043441,0.7530864197530889,0.5730337078651686,0.4730021598272137,0.7398373983739838,0.0,0.0,0.0,0.0,0.0
1.0,0.5760869565217348,0.5679012345679055,0.6053370786516854,0.2721382289416847,0.0,0.0,0.0,0.0,0.0,0.0
1.0,0.3913043478260789,0.308641975308646,0.2036516853932584,0.6285097192224622,0.04471544715447155,0.0,0.0,0.0,0.0,0.0
0.5,0.5217391304347814,0.5061728395061778,0.4901685393258426,0.42548596112311,0.467479674796748,0.0,0.0,0.0,0.0,0.0
0.5,0.3369565217391255,0.45679012345679126,0.2837078651685394,0.4989200863930886,0.48373983739837406,0.0,0.0,0.0,0.0,0.0
0.5,0.7717391304347743,0.654320987654323,0.5224719101123594,0.44276457883369325,0.8333333333333334,0.0,0.0,0.0,0.0,0.0
1.0,0.7173913043478208,0.6296296296296333,0.5337078651685394,0.41252699784017277,0.1585365853658537,0.0,0.0,0.0,0.0,0.0
0.5,0.7826086956521721,0.7654320987654302,0.2401685393258428,0.6328293736501078,0.475609756097561,0.0,0.0,0.0,0.0,0.0
0.5,0.22826086956521152,0.3456790123456841,0.303370786516854,0.8941684665226781,0.24796747967479676,0.0,0.0,1.0,0.0,0.0
1.0,0.5434782608695627,0.7654320987654302,0.3455056179775282,0.4643628509719222,0.7479674796747968,0.0,0.0,0.0,0.0,0.0
0.5,0.5434782608695627,0.5432098765432158,0.4213483146067414,0.427645788336933,0.7073170731707318,0.0,0.0,0.0,0.0,0.0
0.5,0.19565217391303946,0.3333333333333357,0.3356741573033708,0.47516198704103674,0.6016260162601627,0.0,0.0,0.0,0.0,0.0
0.5,0.8804347826086882,0.8148148148148167,0.4480337078651686,0.3434125269978401,0.2804878048780488,0.0,0.0,0.0,0.0,0.0
1.0,0.6739130434782581,0.6172839506172849,0.7879213483146066,0.17494600431965435,0.24796747967479676,0.0,0.0,0.0,0.0,0.0
0.5,0.4347826086956488,0.3580246913580325,0.419943820224719,0.3779697624190065,0.5365853658536586,0.0,0.0,0.0,0.0,0.0
1.0,0.22826086956521152,0.3209876543209944,0.3117977528089888,0.6825053995680346,0.4390243902439025,0.0,0.0,0.0,0.0,0.0
1.0,0.4021739130434767,0.4074074074074119,0.550561797752809,0.32829373650107985,0.1910569105691057,0.0,0.0,0.0,0.0,0.0
0.5,0.4891304347826093,0.44444444444444997,0.2851123595505618,0.6328293736501078,0.47154471544715454,0.0,0.0,0.0,0.0,0.0
0.5,0.5543478260869534,0.4320987654321016,0.7991573033707866,0.1922246220302375,0.21138211382113822,0.0,0.0,0.0,0.0,0.0
1.0,0.5326086956521721,0.4197530864197603,0.3132022471910112,0.47732181425485964,0.1626016260162602,0.0,0.0,0.0,0.0,0.0
0.0,0.3913043478260789,0.4320987654321016,0.2752808988764046,0.6609071274298055,0.4308943089430895,0.0,0.0,0.0,0.0,0.0
1.0,0.6956521739130395,0.654320987654323,0.4522471910112358,0.5161987041036716,0.7601626016260163,0.0,0.0,0.0,0.0,0.0
0.5,0.38043478260869534,0.5308641975308674,0.2893258426966292,0.6371490280777536,0.6056910569105691,0.0,0.0,0.0,0.0,0.0
0.5,0.5760869565217348,0.45679012345679126,0.4087078651685394,0.44492440604751615,0.3536585365853659,0.0,0.0,0.0,0.0,0.0
0.5,0.5217391304347814,0.49382716049382935,0.4241573033707866,0.5572354211663066,0.40650406504065045,0.0,0.0,0.0,0.0,0.0
0.5,0.10869565217390686,0.20987654320987303,0.4058988764044942,0.427645788336933,0.20731707317073172,0.0,0.0,0.0,0.0,0.0
0.5,0.4130434782608674,0.5432098765432158,0.2668539325842696,0.7667386609071274,0.4390243902439025,0.0,0.0,0.0,0.0,0.0
0.5,0.14130434782608603,0.20987654320987303,0.4508426966292134,0.5550755939524836,0.23577235772357727,0.0,0.0,0.0,0.0,0.0
0.5,0.8478260869565233,0.6913580246913611,0.3089887640449438,0.7667386609071274,0.6097560975609757,0.0,0.0,0.0,0.0,0.0
0.5,0.5760869565217348,0.5925925925925952,0.5435393258426966,0.3930885529157666,0.05691056910569106,0.0,0.0,0.0,0.0,0.0
0.5,0.7391304347826093,0.6790123456790127,0.3806179775280898,0.5766738660907127,0.0,0.0,0.0,0.0,0.0,0.0
1.0,0.5434782608695627,0.6666666666666714,0.2345505617977528,0.8336933045356372,0.5284552845528456,0.0,0.0,0.0,0.0,0.0
0.5,0.2608695652173836,0.3950617283950635,0.919943820224719,0.1555075593952484,0.4024390243902439,0.0,0.0,0.0,0.0,0.0
0.5,0.7934782608695627,0.5925925925925952,0.460674157303371,0.36933045356371497,0.8008130081300814,0.0,0.0,0.0,0.0,0.0
1.0,0.5434782608695627,0.7037037037037024,0.2851123595505618,0.6047516198704104,0.48373983739837406,0.0,0.0,0.0,0.0,0.0
1.0,0.5652173913043441,0.44444444444444997,0.9803370786516854,0.1166306695464363,0.39837398373983746,0.0,0.0,0.0,0.0,0.0
0.5,0.3369565217391255,0.2962962962963047,0.1348314606741574,0.712742980561555,0.03658536585365854,0.0,0.0,0.0,0.0,0.0
0.5,0.5434782608695627,0.4320987654321016,0.5463483146067414,0.25701943844492436,0.7032520325203253,0.0,0.0,0.0,0.0,0.0
0.5,0.5869565217391255,0.7530864197530889,0.5351123595505618,0.36069114470842323,0.04471544715447155,0.0,0.0,0.0,0.0,0.0
0.5,0.46739130434782794,0.6419753086419746,0.4058988764044942,0.44924406047516185,0.5569105691056911,0.0,0.0,0.0,0.0,0.0
0.5,0.4782608695652115,0.4320987654321016,0.3202247191011236,0.5615550755939525,0.7032520325203253,0.0,0.0,0.0,0.0,0.0
0.5,0.3913043478260789,0.5432098765432158,0.4382022471910114,0.49244060475161977,0.7113821138211383,0.0,0.0,0.0,0.0,0.0
1.0,0.3260869565217348,0.4320987654321016,0.842696629213483,0.17710583153347725,0.5284552845528456,0.0,0.0,0.0,0.0,0.0
0.5,0.4891304347826093,0.5061728395061778,0.5042134831460674,0.4168466522678185,0.6300813008130082,0.0,0.0,0.0,0.0,0.0
0.5,0.7826086956521721,0.7777777777777786,0.4382022471910114,0.40388768898488114,0.7560975609756099,0.0,0.0,0.0,0.0,0.0
1.0,0.3369565217391255,0.45679012345679126,0.3455056179775282,0.4686825053995679,0.8252032520325204,0.0,0.0,0.0,0.0,0.0
0.0,0.4021739130434767,0.5432098765432158,0.3497191011235954,0.6457883369330453,0.1829268292682927,0.0,0.0,0.0,0.0,0.0
0.5,0.6086956521739069,0.790123456790127,0.3918539325842698,0.5593952483801296,0.6747967479674798,0.0,0.0,0.0,0.0,0.0
0.5,0.6304347826086953,0.6049382716049436,0.3286516853932584,0.593952483801296,0.04065040650406505,0.0,0.0,0.0,0.0,0.0
0.0,0.10869565217390686,0.18518518518518334,0.3384831460674158,0.4730021598272137,0.7967479674796749,0.0,0.0,0.0,0.0,0.0
1.0,0.6521739130434767,0.6296296296296333,0.330056179775281,0.5464362850971921,0.23983739837398377,0.0,0.0,0.0,0.0,0.0
0.5,0.2391304347826022,0.3950617283950635,0.7794943820224718,0.08423326133909281,0.7926829268292683,0.0,0.0,0.0,0.0,0.0
0.0,0.5217391304347814,0.7283950617283992,0.5702247191011238,0.3844492440604751,0.15040650406504066,0.0,0.0,0.0,0.0,0.0
0.0,0.38043478260869534,0.5308641975308674,0.4873595505617978,0.3930885529157666,0.21544715447154475,0.0,0.0,0.0,0.0,0.0
0.5,0.3152173913043441,0.23456790123456983,0.2612359550561798,0.7429805615550755,0.33333333333333337,0.0,0.0,0.0,0.0,0.0
0.5,0.021739130434781373,0.06172839506172778,0.372191011235955,0.6220302375809934,0.2642276422764228,0.0,0.0,0.0,0.0,0.0
0.5,0.6195652173912976,0.8024691358024683,0.5870786516853934,0.2786177105831533,0.44308943089430897,0.0,0.0,0.0,0.0,0.0
0.5,0.4999999999999929,0.45679012345679126,0.9480337078651686,0.05183585313174943,0.0894308943089431,0.0,0.0,0.0,0.0,0.0
0.5,0.2717391304347814,0.3333333333333357,0.6025280898876406,0.25917926565874727,0.7439024390243903,0.0,0.0,0.0,0.0,0.0
0.5,0.36956521739129755,0.5061728395061778,0.7191011235955058,0.1922246220302375,0.5894308943089431,0.0,0.0,0.0,0.0,0.0
1.0,0.7608695652173907,0.6419753086419746,0.2485955056179776,0.5161987041036716,0.2723577235772358,0.0,1.0,0.0,0.0,0.0
0.5,0.17391304347825098,0.3209876543209944,0.5224719101123594,0.3909287257019438,0.7113821138211383,0.0,0.0,0.0,0.0,0.0
1.0,0.30434782608695343,0.2592592592592595,0.5421348314606742,0.23974082073434122,0.5325203252032521,0.0,0.0,0.0,0.0,0.0
0.5,0.44565217391303946,0.4320987654321016,0.5182584269662922,0.37365010799136056,0.15040650406504066,0.0,0.0,0.0,0.0,0.0
1.0,0.28260869565216495,0.20987654320987303,0.3089887640449438,0.7062634989200862,0.0,0.0,0.0,0.0,0.0,0.0
0.5,0.7499999999999929,0.7160493827160508,0.342696629213483,0.5118790496760258,0.3577235772357724,0.0,0.0,0.0,0.0,0.0
1.0,0.8152173913043441,0.8024691358024683,0.6067415730337078,0.2764578833693304,0.6463414634146342,0.0,0.0,0.0,0.0,0.0
0.5,0.28260869565216495,0.3456790123456841,0.4719101123595506,0.3066954643628509,0.24796747967479676,0.0,0.0,0.0,0.0,0.0
1.0,0.4347826086956488,0.4074074074074119,0.3328651685393258,0.4643628509719222,0.6300813008130082,0.0,0.0,0.0,0.0,0.0
0.5,0.3152173913043441,0.308641975308646,0.3553370786516854,0.6501079913606911,0.17479674796747968,0.0,0.0,0.0,0.0,0.0
0.5,0.5652173913043441,0.48148148148148806,0.396067415730337,0.4643628509719222,0.8821138211382115,0.0,0.0,0.0,0.0,0.0
1.0,0.25,0.3703703703703738,0.4101123595505618,0.5723542116630669,0.21951219512195125,0.0,0.0,0.0,0.0,0.0
1.0,0.45652173913043015,0.4320987654321016,0.1839887640449438,0.9006479481641467,0.1829268292682927,0.0,0.0,0.0,0.0,0.0
1.0,0.36956521739129755,0.5432098765432158,0.6474719101123594,0.3023758099352052,0.1869918699186992,0.0,0.0,0.0,0.0,0.0
0.5,0.6521739130434767,0.5802469135802468,0.4985955056179774,0.3952483801295895,0.7926829268292683,0.0,0.0,0.0,0.0,0.0
1.0,0.5869565217391255,0.7407407407407405,0.4901685393258426,0.4298056155507559,0.0,0.0,0.0,0.0,0.0,0.0
1.0,0.6739130434782581,0.6666666666666714,0.455056179775281,0.39956803455723544,0.6056910569105691,0.0,0.0,0.0,0.0,0.0
0.5,0.9021739130434767,0.8888888888888857,0.9691011235955058,0.07343412526997839,0.02845528455284553,0.0,0.0,0.0,0.0,0.0
1.0,0.5760869565217348,0.6172839506172849,0.3848314606741574,0.35853131749460043,0.7845528455284554,0.0,0.0,0.0,0.0,0.0
1.0,0.5978260869565162,0.827160493827158,0.396067415730337,0.509719222462203,0.5650406504065041,0.0,0.0,0.0,0.0,0.0
0.5,0.1521739130434696,0.2839506172839492,0.4943820224719102,0.36069114470842323,0.853658536585366,0.0,0.0,0.0,0.0,0.0
1.0,0.30434782608695343,0.2716049382716008,0.8089887640449438,0.18358531317494597,0.7154471544715448,0.0,0.0,0.0,0.0,0.0
0.5,0.3152173913043441,0.2962962962963047,0.3918539325842698,0.6436285097192225,0.2804878048780488,0.0,0.0,0.0,0.0,0.0
1.0,0.5434782608695627,0.48148148148148806,0.3314606741573034,0.48380129589632825,0.5569105691056911,0.0,0.0,0.0,0.0,0.0
0.5,0.6847826086956488,0.518518518518519,0.300561797752809,0.509719222462203,0.41463414634146345,0.0,0.0,0.0,0.0,0.0
0.5,0.8695652173913047,0.7407407407407405,0.4564606741573034,0.33261339092872566,0.8821138211382115,0.0,0.0,0.0,0.0,0.0
0.5,0.891304347826086,0.8765432098765444,0.9747191011235954,0.047516198704103674,0.3902439024390244,0.0,0.0,0.0,0.0,0.0
1.0,0.6847826086956488,0.6296296296296333,0.1502808988764046,0.9762419006479479,0.25609756097560976,0.0,0.0,0.0,0.0,0.0
1.0,0.35869565217391397,0.45679012345679126,0.3890449438202246,0.5118790496760258,0.5609756097560976,0.0,0.0,0.0,0.0,0.0
0.5,0.25,0.3456790123456841,0.4101123595505618,0.48164146868250535,0.0975609756097561,0.0,0.0,0.0,0.0,0.0
0.5,0.8043478260869534,0.7777777777777786,0.9058988764044942,0.08423326133909281,0.25609756097560976,0.0,0.0,0.0,0.0,0.0
0.5,0.21739130434782084,0.2962962962963047,0.6067415730337078,0.33045356371490275,0.8821138211382115,1.0,0.0,0.0,0.0,0.0
0.5,0.28260869565216495,0.2839506172839492,0.431179775280899,0.5637149028077754,0.024390243902439025,0.0,0.0,0.0,0.0,0.0
0.5,0.3152173913043441,0.308641975308646,0.3974719101123594,0.48164146868250535,0.6666666666666667,0.0,0.0,0.0,0.0,0.0
1.0,0.9021739130434767,0.8765432098765444,0.7106741573033706,0.28077753779697623,0.06504065040650407,0.0,0.0,0.0,0.0,0.0
0.5,0.5326086956521721,0.518518518518519,0.5379213483146066,0.3520518358531317,0.6910569105691058,0.0,0.0,0.0,0.0,0.0
0.5,0.38043478260869534,0.3703703703703738,0.6348314606741574,0.32613390928725705,0.1910569105691057,0.0,0.0,0.0,0.0,0.0
0.0,0.1630434782608674,0.2962962962963047,0.4339887640449438,0.509719222462203,0.902439024390244,0.0,0.0,0.0,0.0,0.0
0.5,0.35869565217391397,0.44444444444444997,0.728932584269663,0.16198704103671702,0.5813008130081302,0.0,0.0,0.0,0.0,0.0
0.5,0.7065217391304301,0.654320987654323,0.4859550561797754,0.4643628509719222,0.04878048780487805,0.0,0.0,0.0,0.0,0.0
1.0,0.30434782608695343,0.2839506172839492,0.2682584269662922,0.6198704103671706,0.6341463414634148,0.0,0.0,0.0,0.0,0.0
1.0,0.7608695652173907,0.7407407407407405,0.3370786516853932,0.5291576673866091,0.37804878048780494,0.0,0.0,0.0,0.0,0.0
0.0,0.6847826086956488,0.6049382716049436,0.3047752808988764,0.6349892008639308,0.8577235772357724,0.0,0.0,0.0,0.0,0.0
0.5,0.3913043478260789,0.5308641975308674,0.7162921348314606,0.1879049676025918,0.22764227642276424,0.0,0.0,0.0,0.0,0.0
0.0,0.5108695652173907,0.6790123456790127,0.2949438202247192,0.4967602591792656,0.1829268292682927,0.0,0.0,0.0,0.0,0.0
0.5,0.7826086956521721,0.7037037037037024,0.3174157303370786,0.712742980561555,0.5121951219512195,0.0,0.0,0.0,0.0,0.0
0.5,0.6086956521739069,0.6296296296296333,0.544943820224719,0.427645788336933,0.20731707317073172,0.0,0.0,0.0,0.0,0.0
0.5,0.4021739130434767,0.5802469135802468,0.4620786516853934,0.40388768898488114,0.44308943089430897,0.0,0.0,0.0,0.0,0.0
1.0,0.25,0.3580246913580325,0.2893258426966292,0.6241900647948164,0.13821138211382114,0.0,0.0,0.0,0.0,0.0
0.5,0.5108695652173907,0.7160493827160508,0.6783707865168538,0.25701943844492436,0.5203252032520326,0.0,0.0,0.0,0.0,0.0
0.5,0.28260869565216495,0.20987654320987303,0.5941011235955058,0.33261339092872566,0.05691056910569106,0.0,0.0,0.0,0.0,0.0
0.5,0.5434782608695627,0.48148148148148806,0.5407303370786518,0.4211663066954643,0.3455284552845529,0.0,0.0,0.0,0.0,0.0
0.5,0.7608695652173907,0.7407407407407405,0.324438202247191,0.5809935205183585,0.04471544715447155,0.0,0.0,0.0,0.0,0.0
1.0,0.6847826086956488,0.5802469135802468,0.377808988764045,0.5529157667386609,0.6666666666666667,0.0,0.0,0.0,0.0,0.0
0.5,0.4021739130434767,0.5802469135802468,0.2191011235955056,0.6371490280777536,0.3821138211382114,0.0,0.0,0.0,0.0,0.0
1.0,0.4130434782608674,0.46913580246913966,0.2191011235955056,0.6069114470842332,0.34959349593495936,0.0,0.0,0.0,0.0,0.0
1.0,0.7173913043478208,0.6419753086419746,0.3623595505617978,0.509719222462203,0.0,0.0,0.0,0.0,0.0,0.0
0.5,0.5326086956521721,0.7407407407407405,0.6418539325842698,0.2311015118790497,0.7764227642276423,0.0,0.0,0.0,0.0,0.0
0.5,0.30434782608695343,0.23456790123456983,0.2401685393258428,0.5010799136069113,0.6300813008130082,0.0,0.0,0.0,0.0,0.0
1.0,0.30434782608695343,0.3703703703703738,0.2514044943820224,0.6371490280777536,0.6422764227642277,0.0,0.0,0.0,0.0,0.0
0.5,0.7934782608695627,0.654320987654323,0.6137640449438202,0.347732181425486,0.5650406504065041,0.0,0.0,0.0,0.0,0.0
1.0,0.22826086956521152,0.3456790123456841,0.321629213483146,0.548596112311015,0.19918699186991873,0.0,0.0,0.0,0.0,0.0
0.5,0.6195652173912976,0.8148148148148167,0.4283707865168538,0.48596112311015116,0.43495934959349597,0.0,0.0,0.0,0.0,0.0
0.5,0.5217391304347814,0.4320987654321016,0.5842696629213482,0.21598272138228936,0.878048780487805,0.0,0.0,0.0,0.0,0.0
0.5,0.5326086956521721,0.7283950617283992,0.4452247191011238,0.40820734341252696,0.7073170731707318,0.0,0.0,0.0,0.0,0.0
1.0,0.4239130434782581,0.3333333333333357,0.4115168539325842,0.2721382289416847,0.410569105691057,0.0,0.0,0.0,0.0,0.0
0.5,0.2391304347826022,0.3703703703703738,0.2640449438202248,0.5701943844492441,0.49186991869918706,0.0,0.0,0.0,0.0,0.0
0.0,0.5434782608695627,0.49382716049382935,0.5603932584269662,0.2311015118790497,0.5853658536585367,0.0,0.0,0.0,0.0,0.0
0.5,0.36956521739129755,0.518518518518519,0.4213483146067414,0.2742980561555075,0.5772357723577236,0.0,0.0,0.0,0.0,0.0
0.5,0.18478260869564878,0.2592592592592595,0.5617977528089886,0.36933045356371497,0.7682926829268294,0.0,0.0,0.0,0.0,0.0
1.0,0.21739130434782084,0.3209876543209944,0.5070224719101122,0.4665226781857451,0.024390243902439025,0.0,0.0,0.0,0.0,0.0
0.5,0.5978260869565162,0.6913580246913611,0.4424157303370786,0.43412526997840173,0.2967479674796748,0.0,0.0,0.0,0.0,0.0
0.5,0.2391304347826022,0.3827160493827222,0.2485955056179776,0.6609071274298055,0.7723577235772359,0.0,0.0,0.0,0.0,0.0
1.0,0.3478260869565162,0.3827160493827222,0.5196629213483146,0.3196544276457882,0.07317073170731708,0.0,0.0,0.0,0.0,0.0
0.5,0.3478260869565162,0.308641975308646,0.3764044943820226,0.5917926565874729,0.07317073170731708,0.0,0.0,0.0,0.0,0.0
0.5,0.17391304347825098,0.2839506172839492,0.5098314606741574,0.2375809935205183,0.04471544715447155,0.0,0.0,0.0,0.0,0.0
1.0,0.30434782608695343,0.2839506172839492,0.7064606741573034,0.1987041036717062,0.14227642276422767,0.0,0.0,0.0,0.0,0.0
0.5,0.6521739130434767,0.6666666666666714,0.3230337078651686,0.4730021598272137,0.8983739837398375,0.0,0.0,0.0,0.0,0.0
0.0,0.8043478260869534,0.7777777777777786,0.4227528089887642,0.4622030237580993,0.2642276422764228,0.0,0.0,0.0,0.0,0.0
1.0,0.3260869565217348,0.2592592592592595,0.3848314606741574,0.6997840172786176,0.39837398373983746,0.0,0.0,0.0,0.0,0.0
1.0,0.2608695652173836,0.48148148148148806,0.580056179775281,0.32613390928725705,0.7032520325203253,0.0,0.0,0.0,0.0,0.0
1.0,0.2717391304347814,0.4197530864197603,0.3384831460674158,0.548596112311015,0.008130081300813009,0.0,0.0,0.0,0.0,0.0
0.5,0.5869565217391255,0.6913580246913611,0.4761235955056178,0.32613390928725705,0.1951219512195122,0.0,0.0,0.0,0.0,0.0
0.5,0.3260869565217348,0.24691358024691112,0.396067415730337,0.6328293736501078,0.44308943089430897,0.0,0.0,0.0,0.0,0.0
0.5,0.10869565217390686,0.17283950617284205,0.3314606741573034,0.6155507559395248,0.5772357723577236,0.0,0.0,0.0,0.0,0.0
1.0,0.6956521739130395,0.5925925925925952,0.7598314606741574,0.2786177105831533,0.6951219512195123,0.0,0.0,0.0,0.0,0.0
0.5,0.5652173913043441,0.6913580246913611,0.4101123595505618,0.5658747300215982,0.19918699186991873,0.0,0.0,0.0,0.0,0.0
1.0,0.30434782608695343,0.2592592592592595,0.1867977528089888,0.8012958963282937,0.7764227642276423,0.0,0.0,0.0,0.0,0.0
0.0,0.30434782608695343,0.3950617283950635,0.2879213483146068,0.7213822894168467,0.3373983739837399,0.0,0.0,0.0,0.0,0.0
0.5,0.5869565217391255,0.5555555555555571,0.1446629213483146,0.9676025917926567,0.6504065040650407,0.0,0.0,0.0,0.0,0.0
1.0,0.2391304347826022,0.308641975308646,0.6193820224719102,0.2332613390928725,0.7560975609756099,0.0,0.0,0.0,0.0,0.0
0.5,0.6413043478260789,0.7407407407407405,0.3511235955056178,0.630669546436285,0.83739837398374,0.0,0.0,0.0,0.0,0.0
0.0,0.3152173913043441,0.3827160493827222,0.9185393258426966,0.17926565874730016,0.13821138211382114,0.0,0.0,0.0,0.0,0.0
0.5,0.2717391304347814,0.3827160493827222,0.5126404494382022,0.36285097192224613,0.2601626016260163,0.0,0.0,0.0,0.0,0.0
1.0,0.4239130434782581,0.6296296296296333,0.4480337078651686,0.42548596112311,0.7195121951219513,0.0,0.0,0.0,0.0,0.0
0.0,0.8260869565217348,0.8395061728395063,0.2443820224719102,0.75377969762419,0.04878048780487805,0.0,0.0,0.0,0.0,1.0
1.0,0.46739130434782794,0.5432098765432158,0.2443820224719102,0.6177105831533478,0.3902439024390244,0.0,0.0,0.0,0.0,0.0
1.0,0.9891304347826022,0.9753086419753103,0.4592696629213482,0.40604751619870405,0.8089430894308944,0.0,0.0,0.0,0.0,0.0
1.0,0.25,0.3950617283950635,0.4157303370786518,0.3887688984881209,0.7398373983739838,0.0,0.0,0.0,0.0,0.0
0.5,0.5543478260869534,0.5925925925925952,0.5547752808988766,0.2742980561555075,0.10569105691056911,0.0,0.0,0.0,0.0,0.0
0.0,0.4130434782608674,0.5432098765432158,0.3342696629213484,0.4557235421166307,0.6056910569105691,0.0,0.0,0.0,0.0,0.0
0.0,0.2391304347826022,0.3456790123456841,0.6853932584269662,0.17062634989200864,0.6422764227642277,0.0,0.0,0.0,0.0,0.0
1.0,0.38043478260869534,0.49382716049382935,0.4171348314606742,0.3887688984881209,0.6382113821138212,0.0,0.0,0.0,0.0,0.0
1.0,0.5652173913043441,0.5061728395061778,0.3188202247191012,0.5248380129589632,0.451219512195122,0.0,0.0,0.0,0.0,0.0
0.5,0.6413043478260789,0.6790123456790127,0.526685393258427,0.3023758099352052,0.8292682926829269,0.0,0.0,0.0,0.0,0.0
1.0,0.5760869565217348,0.46913580246913966,0.4873595505617978,0.43412526997840173,0.37804878048780494,0.0,0.0,0.0,0.0,0.0
0.0,0.8804347826086882,0.7654320987654302,0.3075842696629214,0.6457883369330453,0.21951219512195125,0.0,0.0,0.0,0.0,0.0
0.0,0.4782608695652115,0.4320987654321016,0.521067415730337,0.4643628509719222,0.2520325203252033,0.0,0.0,0.0,0.0,0.0
0.5,0.22826086956521152,0.3580246913580325,0.4901685393258426,0.40172786177105835,0.5528455284552846,0.0,0.0,0.0,0.0,0.0
0.5,0.2391304347826022,0.3456790123456841,0.2668539325842696,0.427645788336933,0.4471544715447155,0.0,0.0,0.0,0.0,0.0
1.0,0.29347826086956275,0.22222222222222143,0.478932584269663,0.3498920086393087,0.39837398373983746,0.0,0.0,0.0,0.0,0.0
1.0,0.17391304347825098,0.22222222222222143,0.5238764044943822,0.23974082073434122,0.47154471544715454,0.0,0.0,0.0,0.0,0.0
0.5,0.5760869565217348,0.7407407407407405,0.7738764044943822,0.21166306695464354,0.29268292682926833,0.0,0.0,0.0,0.0,0.0
0.5,0.9673913043478208,0.9753086419753103,0.401685393258427,0.4298056155507559,0.6260162601626017,0.0,0.0,0.0,0.0,0.0
0.0,0.7065217391304301,0.6296296296296333,0.4030898876404494,0.3779697624190065,0.8292682926829269,0.0,0.0,0.0,0.0,0.0
0.5,0.4347826086956488,0.3703703703703738,0.3160112359550562,0.6177105831533478,0.3455284552845529,0.0,0.0,0.0,0.0,0.0
0.5,0.5217391304347814,0.46913580246913966,0.2387640449438202,0.6652267818574513,0.13821138211382114,0.0,0.0,0.0,0.0,0.0
0.0,0.8152173913043441,0.8395061728395063,0.3356741573033708,0.5615550755939525,0.016260162601626018,0.0,0.0,0.0,0.0,0.0
0.5,0.29347826086956275,0.3580246913580325,0.4185393258426966,0.48380129589632825,0.21951219512195125,0.0,0.0,0.0,0.0,0.0
0.5,0.9130434782608674,0.8395061728395063,0.3511235955056178,0.7235421166306695,0.7520325203252033,0.0,0.0,0.0,0.0,0.0
0.5,0.6847826086956488,0.5802469135802468,0.5308988764044942,0.32829373650107985,0.6341463414634148,0.0,0.0,0.0,0.0,0.0
0.5,0.5760869565217348,0.6172839506172849,0.3581460674157302,0.6133909287257018,0.3170731707317074,0.0,0.0,0.0,0.0,0.0
0.5,0.5217391304347814,0.4320987654321016,0.2008426966292136,0.773218142548596,0.22357723577235775,0.0,0.0,0.0,0.0,0.0
1.0,0.5543478260869534,0.7283950617283992,0.4705056179775282,0.3520518358531317,0.21544715447154475,0.0,0.0,0.0,0.0,0.0
0.5,0.5978260869565162,0.6419753086419746,0.3792134831460674,0.5140388768898487,0.34146341463414637,0.0,0.0,0.0,0.0,0.0
0.5,0.7499999999999929,0.6296296296296333,0.2205056179775282,0.5982721382289415,0.21951219512195125,0.0,0.0,0.0,0.0,0.0
0.5,0.891304347826086,0.8888888888888857,0.1292134831460674,0.9568034557235421,0.459349593495935,0.0,0.0,0.0,0.0,0.0
0.5,0.3260869565217348,0.44444444444444997,0.3061797752808988,0.6868250539956802,0.05691056910569106,0.0,0.0,0.0,0.0,0.0
1.0,0.5326086956521721,0.518518518518519,0.5421348314606742,0.23974082073434122,0.7154471544715448,0.0,0.0,0.0,0.0,0.0
0.5,0.9239130434782581,0.8888888888888857,0.5702247191011238,0.36933045356371497,0.8252032520325204,0.0,0.0,0.0,0.0,0.0
0.5,0.8586956521739069,0.7037037037037024,0.5997191011235954,0.33261339092872566,0.25609756097560976,0.0,0.0,0.0,0.0,0.0
0.5,0.3152173913043441,0.4074074074074119,0.5997191011235954,0.25053995680345564,0.6300813008130082,0.0,0.0,0.0,0.0,0.0
0.5,0.6413043478260789,0.6049382716049436,0.8820224719101122,0.08423326133909281,0.34146341463414637,0.0,0.0,0.0,0.0,0.0
0.0,0.5326086956521721,0.44444444444444997,0.223314606741573,0.6177105831533478,0.2764227642276423,0.0,0.0,0.0,0.0,0.0
0.5,0.3913043478260789,0.3703703703703738,0.3511235955056178,0.531317494600432,0.4390243902439025,0.0,0.0,0.0,0.0,0.0
0.5,0.7499999999999929,0.6666666666666714,0.330056179775281,0.5809935205183585,0.24796747967479676,0.0,0.0,0.0,0.0,0.0
1.0,0.3913043478260789,0.308641975308646,0.2654494382022472,0.9395248380129588,0.12195121951219513,0.0,0.0,1.0,0.0,0.0
1.0,0.6413043478260789,0.6172839506172849,0.3412921348314606,0.5615550755939525,0.2723577235772358,0.0,0.0,0.0,0.0,0.0
0.5,0.03260869565217206,0.06172839506172778,0.3412921348314606,0.6155507559395248,0.5040650406504066,0.0,0.0,0.0,0.0,0.0
0.0,0.6086956521739069,0.6172839506172849,0.598314606741573,0.18574514038876888,0.1585365853658537,0.0,0.0,0.0,0.0,0.0
1.0,0.6195652173912976,0.654320987654323,0.4564606741573034,0.5788336933045355,0.459349593495935,0.0,0.0,0.0,0.0,0.0
0.5,0.5978260869565162,0.5679012345679055,0.497191011235955,0.28509719222462193,0.21138211382113822,0.0,0.0,0.0,0.0,0.0
0.0,0.5760869565217348,0.45679012345679126,0.276685393258427,0.593952483801296,1.0,1.0,0.0,0.0,0.0,0.0
1.0,0.5217391304347814,0.7037037037037024,0.223314606741573,0.6133909287257018,0.8252032520325204,0.0,0.0,0.0,0.0,0.0
0.5,0.35869565217391397,0.48148148148148806,0.3370786516853932,0.48812095032397407,0.33333333333333337,0.0,0.0,0.0,0.0,0.0
0.5,0.46739130434782794,0.4320987654321016,0.5014044943820226,0.35853131749460043,0.8983739837398375,0.0,0.0,0.0,0.0,0.0
0.5,0.043478260869562746,0.06172839506172778,0.3946629213483146,0.5637149028077754,0.3739837398373984,0.0,0.0,0.0,0.0,0.0
0.5,0.5217391304347814,0.7037037037037024,0.2429775280898876,0.5529157667386609,0.6056910569105691,0.0,0.0,0.0,0.0,0.0
1.0,0.5434782608695627,0.5555555555555571,0.3455056179775282,0.531317494600432,0.8252032520325204,0.0,0.0,0.0,0.0,0.0
1.0,0.38043478260869534,0.4074074074074119,0.6713483146067414,0.20302375809935203,0.6585365853658537,0.0,0.0,0.0,0.0,0.0
1.0,0.30434782608695343,0.4320987654321016,0.3890449438202246,0.5550755939524836,0.3252032520325204,0.0,0.0,0.0,0.0,0.0
1.0,0.5326086956521721,0.5432098765432158,0.4087078651685394,0.5161987041036716,0.8048780487804879,0.0,0.0,0.0,0.0,0.0
0.5,0.28260869565216495,0.3333333333333357,0.6502808988764046,0.44276457883369325,0.7113821138211383,0.0,0.0,0.0,0.0,0.0
1.0,0.2391304347826022,0.46913580246913966,0.372191011235955,0.509719222462203,0.1869918699186992,0.0,0.0,0.0,0.0,0.0
0.5,0.6630434782608603,0.6172839506172849,0.734550561797753,0.16846652267818563,0.6910569105691058,0.0,0.0,0.0,0.0,0.0
0.5,0.3260869565217348,0.2839506172839492,0.425561797752809,0.47948164146868244,0.34959349593495936,0.0,0.0,0.0,0.0,0.0
0.5,0.5652173913043441,0.49382716049382935,0.6081460674157302,0.3110151187904967,0.6300813008130082,0.0,0.0,0.0,0.0,0.0
0.5,0.19565217391303946,0.2592592592592595,0.3132022471910112,0.8704103671706263,0.5406504065040652,0.0,0.0,0.0,0.0,0.0
0.5,0.4891304347826093,0.46913580246913966,0.5716292134831462,0.18142548596112307,0.0934959349593496,0.0,0.0,0.0,0.0,0.0
0.5,0.30434782608695343,0.3703703703703738,0.6853932584269662,0.1879049676025918,0.16666666666666669,0.0,0.0,0.0,0.0,0.0
0.5,0.9673913043478208,0.9506172839506135,0.7752808988764046,0.19006479481641458,0.7804878048780488,0.0,0.0,0.0,0.0,0.0
0.5,0.6086956521739069,0.6913580246913611,0.603932584269663,0.2721382289416847,0.6910569105691058,0.0,0.0,0.0,0.0,0.0
0.5,0.17391304347825098,0.2592592592592595,0.1432584269662922,0.6911447084233262,0.40650406504065045,0.0,0.0,0.0,0.0,0.0
0.5,0.38043478260869534,0.44444444444444997,0.2443820224719102,0.5831533477321813,0.7154471544715448,0.0,0.0,0.0,0.0,0.0
0.5,0.5869565217391255,0.7654320987654302,0.303370786516854,0.6501079913606911,0.902439024390244,0.0,0.0,0.0,1.0,0.0
1.0,0.10869565217390686,0.19753086419753174,0.4424157303370786,0.4643628509719222,0.06097560975609757,0.0,0.0,0.0,0.0,0.0
0.0,0.7499999999999929,0.7283950617283992,0.4929775280898878,0.36933045356371497,0.16666666666666669,0.0,0.0,0.0,0.0,0.0
0.5,0.5217391304347814,0.5308641975308674,0.460674157303371,0.4665226781857451,0.7560975609756099,0.0,0.0,0.0,0.0,0.0
0.5,0.3260869565217348,0.2962962962963047,0.6867977528089886,0.4578833693304535,0.0,0.0,0.0,0.0,0.0,0.0
0.5,0.7499999999999929,0.7160493827160508,0.7879213483146066,0.23974082073434122,0.6991869918699187,0.0,0.0,0.0,0.0,0.0
1.0,0.9130434782608674,0.8518518518518547,0.6853932584269662,0.22462203023758098,0.6626016260162603,0.0,0.0,0.0,0.0,0.0
0.5,0.3260869565217348,0.5308641975308674,0.3890449438202246,0.593952483801296,0.410569105691057,0.0,0.0,0.0,0.0,0.0
0.0,0.25,0.4074074074074119,0.2401685393258428,0.7667386609071274,0.1869918699186992,0.0,0.0,0.0,0.0,0.0
1.0,0.20652173913043015,0.3703703703703738,0.3019662921348314,0.3887688984881209,0.3577235772357724,0.0,0.0,0.0,0.0,0.0
1.0,0.6521739130434767,0.5432098765432158,0.4803370786516854,0.3822894168466522,0.8089430894308944,0.0,0.0,0.0,0.0,0.0
1.0,0.7282608695652115,0.6419753086419746,0.2373595505617978,0.7645788336933044,0.23983739837398377,0.0,0.0,0.0,0.0,0.0
0.5,0.5652173913043441,0.7160493827160508,0.443820224719101,0.3779697624190065,0.2967479674796748,0.0,0.0,0.0,0.0,0.0
1.0,0.6304347826086953,0.6049382716049436,0.4157303370786518,0.4535637149028078,0.29268292682926833,0.0,0.0,0.0,0.0,0.0
0.5,0.6521739130434767,0.6913580246913611,0.3525280898876406,0.6414686825053995,0.06504065040650407,0.0,0.0,0.0,0.0,0.0
0.5,0.5760869565217348,0.8024691358024683,0.175561797752809,0.7473002159827213,0.21138211382113822,0.0,0.0,0.0,0.0,0.0
0.5,0.5108695652173907,0.5555555555555571,0.6910112359550562,0.20734341252699784,0.2601626016260163,0.0,0.0,0.0,0.0,0.0
0.5,0.7499999999999929,0.7160493827160508,0.5056179775280898,0.3974082073434124,0.15040650406504066,0.0,0.0,0.0,0.0,0.0
0.5,0.21739130434782084,0.3456790123456841,0.8160112359550562,0.2311015118790497,0.6016260162601627,0.0,0.0,0.0,0.0,0.0
0.0,0.5869565217391255,0.8148148148148167,0.3693820224719102,0.5464362850971921,0.34959349593495936,0.0,0.0,0.0,0.0,0.0
0.5,0.3152173913043441,0.3950617283950635,0.1334269662921348,0.7321814254859611,0.07317073170731708,0.0,0.0,0.0,0.0,0.0
0.5,0.5869565217391255,0.8024691358024683,0.5716292134831462,0.3974082073434124,0.6016260162601627,0.0,0.0,0.0,0.0,0.0
0.0,0.03260869565217206,0.04938271604938649,0.1025280898876404,0.9114470842332612,0.5772357723577236,0.0,0.0,0.0,0.0,0.0
1.0,0.7173913043478208,0.6419753086419746,0.5421348314606742,0.2678185745140388,0.7642276422764228,0.0,0.0,0.0,0.0,0.0
0.0,0.6521739130434767,0.5308641975308674,0.4901685393258426,0.3498920086393087,0.008130081300813009,0.0,0.0,0.0,0.0,0.0
0.5,0.22826086956521152,0.3827160493827222,0.4985955056179774,0.4557235421166307,0.5121951219512195,0.0,0.0,0.0,0.0,0.0
1.0,0.10869565217390686,0.18518518518518334,0.1446629213483146,0.6695464362850971,0.7195121951219513,0.0,0.0,0.0,0.0,0.0
0.5,0.35869565217391397,0.48148148148148806,0.747191011235955,0.17926565874730016,0.3658536585365854,0.0,0.0,0.0,0.0,0.0
0.5,0.22826086956521152,0.3827160493827222,0.3707865168539326,0.8207343412526997,0.524390243902439,0.0,0.0,0.0,0.0,0.0
0.5,0.9456521739130395,0.9259259259259238,0.327247191011236,0.5593952483801296,0.5203252032520326,0.0,0.0,0.0,0.0,0.0
1.0,0.5760869565217348,0.6172839506172849,0.2879213483146068,0.49244060475161977,0.7723577235772359,0.0,0.0,0.0,0.0,0.0
0.5,0.5978260869565162,0.6049382716049436,0.3075842696629214,0.7257019438444925,0.37804878048780494,0.0,0.0,0.0,0.0,0.0
0.5,0.20652173913043015,0.3456790123456841,0.4634831460674158,0.49244060475161977,0.861788617886179,0.0,0.0,0.0,0.0,0.0
1.0,0.5326086956521721,0.45679012345679126,0.205056179775281,0.7235421166306695,0.7560975609756099,0.0,0.0,0.0,0.0,0.0
0.5,0.5869565217391255,0.6296296296296333,0.6123595505617978,0.3196544276457882,0.23170731707317074,0.0,0.0,0.0,0.0,0.0
0.5,0.7282608695652115,0.49382716049382935,0.5168539325842698,0.3174946004319653,0.8414634146341464,0.0,0.0,0.0,0.0,0.0
1.0,0.38043478260869534,0.5679012345679055,0.2570224719101124,0.8401727861771058,0.3821138211382114,0.0,0.0,0.0,0.0,0.0
0.5,0.28260869565216495,0.2592592592592595,0.4522471910112358,0.37149028077753765,0.40650406504065045,0.0,0.0,0.0,0.0,0.0
1.0,0.29347826086956275,0.308641975308646,0.3974719101123594,0.48596112311015116,0.008130081300813009,0.0,0.0,0.0,0.0,0.0
1.0,0.4891304347826093,0.4197530864197603,0.383426966292135,0.4168466522678185,0.8495934959349595,0.0,0.0,0.0,0.0,0.0
0.5,0.28260869565216495,0.45679012345679126,0.526685393258427,0.3369330453563715,0.1585365853658537,0.0,0.0,0.0,0.0,0.0
0.0,0.9130434782608674,0.8518518518518547,0.741573033707865,0.16198704103671702,0.6910569105691058,0.0,0.0,0.0,0.0,0.0
0.5,0.7717391304347743,0.5555555555555571,0.5547752808988766,0.23974082073434122,0.5650406504065041,0.0,0.0,0.0,0.0,0.0
0.0,0.2608695652173836,0.18518518518518334,0.3455056179775282,0.5183585313174945,0.10569105691056911,0.0,0.0,0.0,0.0,0.0
0.5,0.35869565217391397,0.5308641975308674,0.2120786516853932,0.6025917926565874,0.17073170731707318,0.0,0.0,0.0,0.0,0.0
0.5,0.3152173913043441,0.4074074074074119,0.8384831460674158,0.1987041036717062,0.3699186991869919,0.0,0.0,0.0,0.0,0.0
1.0,0.35869565217391397,0.4320987654321016,0.1797752808988764,0.5723542116630669,0.1788617886178862,0.0,0.0,0.0,0.0,0.0
0.5,0.8804347826086882,0.7530864197530889,0.3581460674157302,0.8380129589632828,0.0894308943089431,0.0,0.0,0.0,0.0,0.0
1.0,0.8804347826086882,0.7407407407407405,0.4662921348314606,0.5205183585313174,0.6829268292682927,0.0,0.0,0.0,0.0,0.0
0.0,0.6739130434782581,0.6419753086419746,0.478932584269663,0.43844492440604743,0.5040650406504066,0.0,0.0,0.0,0.0,0.0
1.0,0.7934782608695627,0.7777777777777786,0.252808988764045,0.5529157667386609,0.3699186991869919,0.0,0.0,0.0,0.0,0.0
1.0,0.5326086956521721,0.5679012345679055,0.4143258426966294,0.3887688984881209,0.1829268292682927,0.0,0.0,0.0,0.0,0.0
1.0,0.5760869565217348,0.7283950617283992,0.6825842696629214,0.1965442764578833,0.8130081300813009,0.0,0.0,0.0,0.0,0.0
0.5,0.4021739130434767,0.3703703703703738,0.3735955056179774,0.40604751619870405,0.07317073170731708,0.0,0.0,0.0,0.0,0.0
0.5,0.11956521739129755,0.18518518518518334,0.7935393258426966,0.11231101511879049,0.5853658536585367,0.0,0.0,0.0,0.0,0.0
1.0,0.5869565217391255,0.6049382716049436,0.4522471910112358,0.33477321814254857,0.426829268292683,0.0,0.0,0.0,0.0,0.0
1.0,0.7608695652173907,0.7037037037037024,0.4157303370786518,0.550755939524838,0.23983739837398377,0.0,0.0,0.0,0.0,0.0
0.0,0.25,0.3209876543209944,0.3047752808988764,0.5226781857451402,0.17479674796747968,0.0,0.0,0.0,0.0,0.0
1.0,0.7173913043478208,0.5925925925925952,0.5716292134831462,0.4362850971922245,0.5284552845528456,0.0,0.0,0.0,0.0,0.0
0.5,0.3152173913043441,0.3950617283950635,0.2092696629213484,0.5248380129589632,0.40650406504065045,0.0,0.0,0.0,0.0,0.0
1.0,0.5869565217391255,0.8148148148148167,0.3469101123595506,0.5853131749460043,0.5325203252032521,0.0,0.0,0.0,0.0,0.0
0.5,0.5326086956521721,0.7283950617283992,0.2696629213483146,0.7948164146868248,0.6300813008130082,0.0,0.0,0.0,0.0,0.0
0.5,0.4239130434782581,0.3333333333333357,0.3679775280898878,0.5053995680345572,0.910569105691057,0.0,0.0,0.0,0.0,0.0
0.0,0.6304347826086953,0.6296296296296333,0.8553370786516854,0.12311015118790491,0.49186991869918706,0.0,0.0,0.0,0.0,0.0
0.5,0.7608695652173907,0.6913580246913611,0.3848314606741574,0.5269978401727862,0.3373983739837399,0.0,0.0,0.0,0.0,0.0
0.0,0.8043478260869534,0.790123456790127,0.5898876404494382,0.2678185745140388,0.6016260162601627,0.0,0.0,0.0,0.0,0.0
1.0,0.22826086956521152,0.3950617283950635,0.2317415730337078,0.8423326133909286,0.8170731707317074,0.0,0.0,0.0,0.0,0.0
0.5,0.29347826086956275,0.3827160493827222,0.4396067415730338,0.5356371490280777,0.7276422764227644,0.0,0.0,0.0,0.0,0.0
1.0,0.36956521739129755,0.4197530864197603,0.3370786516853932,0.6349892008639308,0.8130081300813009,0.0,0.0,0.0,0.0,0.0
0.5,0.4782608695652115,0.44444444444444997,0.5491573033707866,0.33909287257019427,0.024390243902439025,0.0,0.0,0.0,0.0,0.0
1.0,0.891304347826086,0.8888888888888857,0.3581460674157302,0.49028077753779686,0.4308943089430895,0.0,0.0,0.0,0.0,0.0
1.0,0.8695652173913047,0.8518518518518547,0.300561797752809,0.5831533477321813,0.5569105691056911,0.0,0.0,0.0,0.0,0.0
0.5,0.5326086956521721,0.46913580246913966,0.2429775280898876,0.6695464362850971,0.5406504065040652,0.0,0.0,0.0,0.0,0.0
0.5,0.6195652173912976,0.654320987654323,0.633426966292135,0.23974082073434122,0.7398373983739838,0.0,0.0,0.0,0.0,0.0
0.5,0.6086956521739069,0.654320987654323,0.443820224719101,0.386609071274298,0.451219512195122,0.0,0.0,0.0,0.0,0.0
1.0,0.22826086956521152,0.3333333333333357,0.8511235955056178,0.10583153347732177,0.853658536585366,0.0,0.0,0.0,0.0,0.0
1.0,0.6521739130434767,0.654320987654323,0.4382022471910114,0.44708423326133895,0.6016260162601627,0.0,0.0,0.0,0.0,0.0
0.5,0.5217391304347814,0.5432098765432158,0.276685393258427,0.7019438444924406,0.23983739837398377,0.0,0.0,0.0,0.0,0.0
0.0,0.9673913043478208,0.9012345679012341,0.3637640449438202,0.44924406047516185,0.0934959349593496,0.0,0.0,0.0,0.0,0.0
0.5,0.4239130434782581,0.3456790123456841,0.5070224719101122,0.4643628509719222,0.5934959349593496,0.0,0.0,0.0,0.0,0.0
0.5,0.6413043478260789,0.6296296296296333,0.2935393258426966,0.7019438444924406,0.0934959349593496,0.0,0.0,0.0,0.0,0.0
0.5,0.7608695652173907,0.7530864197530889,0.1376404494382022,0.6825053995680346,0.24796747967479676,0.0,0.0,0.0,0.0,0.0
1.0,0.4130434782608674,0.5432098765432158,0.5435393258426966,0.2332613390928725,0.91869918699187,0.0,0.0,0.0,0.0,0.0
0.5,0.7934782608695627,0.827160493827158,0.3019662921348314,0.4643628509719222,0.1626016260162602,0.0,0.0,0.0,0.0,0.0
0.5,0.4999999999999929,0.4320987654321016,0.5294943820224718,0.40604751619870405,0.7317073170731708,0.0,0.0,0.0,0.0,0.0
0.5,0.8804347826086882,0.864197530864196,0.5702247191011238,0.3002159827213823,0.47154471544715454,0.0,0.0,0.0,0.0,0.0
1.0,0.5543478260869534,0.518518518518519,0.3258426966292136,0.25269978401727855,0.7804878048780488,0.0,0.0,0.0,0.0,0.0
1.0,0.5434782608695627,0.518518518518519,0.6011235955056178,0.1922246220302375,0.7195121951219513,0.0,0.0,0.0,0.0,0.0
0.5,0.6086956521739069,0.6172839506172849,0.5477528089887642,0.23974082073434122,0.008130081300813009,0.0,0.0,0.0,0.0,0.0
1.0,0.4021739130434767,0.5679012345679055,0.6727528089887642,0.29157667386609065,0.2723577235772358,0.0,0.0,0.0,0.0,0.0
0.5,0.19565217391303946,0.308641975308646,0.303370786516854,0.48596112311015116,0.7886178861788619,0.0,0.0,0.0,0.0,0.0
0.5,0.05434782608695343,0.08641975308641747,0.303370786516854,0.593952483801296,0.34146341463414637,0.0,0.0,0.0,0.0,0.0
0.0,0.6304347826086953,0.7283950617283992,0.3286516853932584,0.7192224622030237,0.0,0.0,0.0,0.0,0.0,0.0
0.5,0.7173913043478208,0.6296296296296333,0.7752808988764046,0.24622030237580994,0.2682926829268293,0.0,0.0,0.0,0.0,0.0
0.5,0.4239130434782581,0.3333333333333357,0.2949438202247192,0.611231101511879,0.14227642276422767,0.0,0.0,0.0,0.0,0.0
0.5,0.2608695652173836,0.3703703703703738,0.717696629213483,0.1943844492440605,0.41463414634146345,0.0,0.0,0.0,0.0,0.0
1.0,0.5869565217391255,0.6666666666666714,0.3581460674157302,0.5723542116630669,0.41869918699187,0.0,0.0,0.0,0.0,0.0
0.5,0.20652173913043015,0.3456790123456841,0.3707865168539326,0.6004319654427646,0.7642276422764228,0.0,0.0,0.0,0.0,0.0
0.0,0.5543478260869534,0.45679012345679126,0.4269662921348314,0.40604751619870405,0.7520325203252033,0.0,0.0,0.0,0.0,0.0
0.0,0.7608695652173907,0.7407407407407405,0.383426966292135,0.5464362850971921,0.5284552845528456,0.0,0.0,0.0,0.0,0.0
0.5,0.4891304347826093,0.48148148148148806,0.3707865168539326,0.4967602591792656,0.04878048780487805,0.0,0.0,0.0,0.0,0.0
0.5,0.5869565217391255,0.7407407407407405,0.297752808988764,0.509719222462203,0.8739837398373985,0.0,0.0,0.0,0.0,0.0
0.5,0.6304347826086953,0.6790123456790127,0.5224719101123594,0.32829373650107985,0.6991869918699187,0.0,0.0,0.0,0.0,0.0
0.5,0.5978260869565162,0.6790123456790127,0.271067415730337,0.6047516198704104,0.6991869918699187,0.0,0.0,0.0,0.0,0.0
0.5,0.5652173913043441,0.7777777777777786,0.3792134831460674,0.5399568034557235,0.6138211382113822,0.0,0.0,0.0,0.0,0.0
1.0,0.7499999999999929,0.6419753086419746,0.396067415730337,0.5053995680345572,0.5691056910569107,0.0,0.0,0.0,0.0,0.0
0.5,0.4021739130434767,0.518518518518519,0.627808988764045,0.3002159827213823,0.3739837398373984,0.0,0.0,0.0,0.0,0.0
1.0,0.6956521739130395,0.6296296296296333,0.467696629213483,0.43844492440604743,0.1951219512195122,0.0,0.0,0.0,0.0,0.0
1.0,0.22826086956521152,0.3333333333333357,0.4691011235955058,0.4514038876889849,0.07317073170731708,0.0,0.0,0.0,0.0,0.0
0.5,0.45652173913043015,0.3580246913580325,0.6867977528089886,0.22462203023758098,0.7195121951219513,0.0,0.0,0.0,0.0,0.0
0.5,0.5434782608695627,0.48148148148148806,0.497191011235955,0.36717062634989195,0.7601626016260163,0.0,0.0,0.0,0.0,0.0
1.0,0.7065217391304301,0.5555555555555571,0.598314606741573,0.3045356371490281,0.8821138211382115,0.0,0.0,0.0,0.0,0.0
0.5,0.38043478260869534,0.5061728395061778,0.633426966292135,0.29157667386609065,0.10975609756097562,0.0,0.0,0.0,0.0,0.0
1.0,0.21739130434782084,0.2962962962963047,0.7696629213483146,0.16414686825053992,0.17073170731707318,0.0,0.0,0.0,0.0,0.0
1.0,0.2391304347826022,0.3703703703703738,0.252808988764045,0.7235421166306695,0.7886178861788619,0.0,0.0,0.0,0.0,0.0
1.0,0.7173913043478208,0.48148148148148806,0.2837078651685394,0.5550755939524836,0.8821138211382115,0.0,0.0,0.0,0.0,0.0
1.0,0.7499999999999929,0.7407407407407405,0.3974719101123594,0.6241900647948164,0.2682926829268293,0.0,0.0,0.0,0.0,0.0
0.5,0.6086956521739069,0.6172839506172849,0.782303370786517,0.11231101511879049,0.6666666666666667,0.0,0.0,0.0,0.0,0.0
0.5,0.6630434782608603,0.6172839506172849,0.4269662921348314,0.5291576673866091,0.3577235772357724,0.0,0.0,0.0,0.0,0.0
0.5,0.28260869565216495,0.3456790123456841,0.1713483146067416,0.5853131749460043,0.6300813008130082,0.0,0.0,0.0,0.0,0.0
0.5,0.7282608695652115,0.6049382716049436,0.199438202247191,0.7602591792656586,0.7804878048780488,0.0,0.0,0.0,0.0,0.0
0.5,0.21739130434782084,0.3209876543209944,0.5716292134831462,0.33261339092872566,0.23983739837398377,0.0,0.0,0.0,0.0,0.0
0.5,0.21739130434782084,0.2962962962963047,0.5407303370786518,0.3088552915766738,0.7886178861788619,0.0,0.0,0.0,0.0,0.0
0.5,0.36956521739129755,0.518518518518519,0.3103932584269664,0.5831533477321813,0.2601626016260163,0.0,0.0,0.0,0.0,0.0
1.0,0.28260869565216495,0.48148148148148806,0.4662921348314606,0.40388768898488114,0.5040650406504066,0.0,0.0,0.0,0.0,0.0
0.5,0.5978260869565162,0.7777777777777786,0.2682584269662922,0.6501079913606911,0.6260162601626017,0.0,0.0,0.0,0.0,0.0
0.0,0.8804347826086882,0.7530864197530889,0.7162921348314606,0.17710583153347725,0.7113821138211383,0.0,0.0,0.0,0.0,0.0
1.0,0.9673913043478208,0.9629629629629619,0.4901685393258426,0.4578833693304535,0.6544715447154472,0.0,0.0,0.0,0.0,0.0
0.5,0.22826086956521152,0.3580246913580325,0.3202247191011236,0.5658747300215982,0.5609756097560976,0.0,0.0,0.0,0.0,0.0
0.5,0.4999999999999929,0.6913580246913611,0.3455056179775282,0.8228941684665227,0.41869918699187,0.0,0.0,0.0,0.0,0.0
0.5,0.6630434782608603,0.6172839506172849,0.6910112359550562,0.22894168466522669,0.3739837398373984,0.0,0.0,0.0,0.0,0.0
0.5,0.3913043478260789,0.5555555555555571,0.4325842696629214,0.5399568034557235,0.410569105691057,0.0,0.0,0.0,0.0,0.0
0.5,0.5978260869565162,0.7654320987654302,0.324438202247191,0.4535637149028078,0.6951219512195123,0.0,0.0,0.0,0.0,0.0
1.0,0.30434782608695343,0.24691358024691112,0.3314606741573034,0.5896328293736499,0.5772357723577236,0.0,0.0,0.0,0.0,0.0
0.5,0.4130434782608674,0.4074074074074119,0.3750000000000002,0.4946004319654427,0.1626016260162602,0.0,0.0,0.0,0.0,0.0
1.0,0.29347826086956275,0.4320987654321016,0.526685393258427,0.4665226781857451,0.14227642276422767,0.0,0.0,0.0,0.0,0.0
0.0,0.7499999999999929,0.7160493827160508,0.419943820224719,0.48596112311015116,0.06504065040650407,0.0,0.0,0.0,0.0,0.0
0.5,0.3260869565217348,0.45679012345679126,0.4002808988764046,0.5637149028077754,0.04065040650406505,0.0,0.0,0.0,0.0,0.0
1.0,0.45652173913043015,0.4074074074074119,0.7275280898876406,0.18358531317494597,0.39837398373983746,0.0,0.0,0.0,0.0,0.0
0.5,0.5108695652173907,0.48148148148148806,0.544943820224719,0.28077753779697623,0.2642276422764228,0.0,0.0,0.0,0.0,0.0
0.5,0.021739130434781373,0.04938271604938649,0.4283707865168538,0.44492440604751615,0.12601626016260165,0.0,0.0,0.0,0.0,0.0
0.5,0.7065217391304301,0.6296296296296333,0.2808988764044944,0.5680345572354211,0.15040650406504066,0.0,0.0,0.0,0.0,0.0
0.5,0.7391304347826093,0.6913580246913611,0.8075842696629214,0.09287257019438444,0.8130081300813009,0.0,0.0,0.0,0.0,0.0
0.0,0.4999999999999929,0.4320987654321016,0.4803370786516854,0.28293736501079914,0.0,0.0,0.0,0.0,0.0,0.0
1.0,0.5434782608695627,0.48148148148148806,0.478932584269663,0.3952483801295895,0.21951219512195125,0.0,0.0,0.0,0.0,0.0
0.5,0.28260869565216495,0.23456790123456983,0.7078651685393258,0.1943844492440605,0.7154471544715448,0.0,0.0,0.0,0.0,0.0
0.5,0.3369565217391255,0.4197530864197603,0.3988764044943822,0.48380129589632825,0.5650406504065041,0.0,0.0,0.0,0.0,0.0
0.5,0.3152173913043441,0.3703703703703738,0.3441011235955058,0.7516198704103672,0.1829268292682927,0.0,0.0,0.0,0.0,0.0
0.5,0.5869565217391255,0.7654320987654302,0.425561797752809,0.33909287257019427,0.13008130081300814,0.0,0.0,0.0,0.0,0.0
0.5,0.5217391304347814,0.7037037037037024,0.3469101123595506,0.44924406047516185,0.37804878048780494,0.0,0.0,0.0,0.0,0.0
0.0,0.1521739130434696,0.2716049382716008,0.3384831460674158,0.7278617710583153,0.5406504065040652,0.0,0.0,0.0,0.0,0.0
0.5,0.3913043478260789,0.5432098765432158,0.3637640449438202,0.6025917926565874,0.7357723577235773,0.0,0.0,0.0,0.0,0.0
0.5,0.5434782608695627,0.5679012345679055,0.2275280898876404,0.5658747300215982,0.20325203252032523,0.0,0.0,0.0,0.0,0.0
1.0,0.5652173913043441,0.6913580246913611,0.455056179775281,0.5032397408207343,0.16666666666666669,0.0,0.0,0.0,0.0,0.0
0.5,0.4239130434782581,0.5555555555555571,0.3862359550561798,0.5809935205183585,0.7439024390243903,0.0,0.0,0.0,0.0,0.0
0.5,0.30434782608695343,0.4074074074074119,0.4410112359550562,0.44060475161987034,0.23577235772357727,0.0,0.0,0.0,0.0,0.0
0.5,0.4891304347826093,0.6666666666666714,0.1643258426966292,0.9524838012958963,0.6707317073170732,0.0,0.0,0.0,0.0,0.0
1.0,0.08695652173912549,0.17283950617284205,0.3511235955056178,0.3974082073434124,0.05691056910569106,0.0,0.0,0.0,0.0,0.0
1.0,0.29347826086956275,0.3703703703703738,0.3553370786516854,0.6069114470842332,0.8170731707317074,0.0,0.0,0.0,0.0,0.0
0.5,0.22826086956521152,0.3580246913580325,0.359550561797753,0.6868250539956802,0.7642276422764228,0.0,0.0,0.0,0.0,0.0
0.5,0.3369565217391255,0.46913580246913966,0.300561797752809,0.6522678185745139,0.4471544715447155,0.0,0.0,0.0,0.0,0.0
0.5,0.5108695652173907,0.44444444444444997,0.407303370786517,0.5593952483801296,0.14227642276422767,0.0,0.0,0.0,0.0,0.0
1.0,0.2391304347826022,0.3580246913580325,0.925561797752809,0.1490280777537797,0.5406504065040652,0.0,0.0,0.0,0.0,0.0
1.0,0.9239130434782581,0.864197530864196,0.2682584269662922,0.7235421166306695,0.5528455284552846,0.0,0.0,0.0,0.0,0.0
0.5,0.28260869565216495,0.518518518518519,0.5042134831460674,0.29589632829373635,0.13414634146341464,0.0,0.0,0.0,0.0,0.0
0.5,0.5652173913043441,0.6049382716049436,0.443820224719101,0.5421166306695464,0.032520325203252036,0.0,0.0,0.0,0.0,0.0
0.5,0.3152173913043441,0.2962962962963047,0.2752808988764046,0.9114470842332612,0.6056910569105691,0.0,0.0,0.0,0.0,0.0
0.5,0.25,0.3209876543209944,0.4480337078651686,0.4989200863930886,0.5650406504065041,0.0,0.0,0.0,0.0,0.0
0.5,0.5217391304347814,0.46913580246913966,0.669943820224719,0.2721382289416847,0.23170731707317074,0.0,0.0,0.0,0.0,0.0
0.5,0.9673913043478208,0.9506172839506135,0.5407303370786518,0.3779697624190065,0.10162601626016261,0.0,0.0,0.0,0.0,0.0
0.5,0.22826086956521152,0.3209876543209944,0.2148876404494382,0.7257019438444925,0.24796747967479676,0.0,0.0,0.0,0.0,0.0
0.5,0.5869565217391255,0.46913580246913966,0.502808988764045,0.36933045356371497,0.1951219512195122,0.0,0.0,0.0,0.0,0.0
0.5,0.7934782608695627,0.8148148148148167,0.669943820224719,0.22030237580993517,0.14634146341463417,0.0,0.0,0.0,0.0,0.0
1.0,0.4891304347826093,0.6790123456790127,0.734550561797753,0.1965442764578833,0.6016260162601627,0.0,0.0,0.0,0.0,0.0
1.0,0.4130434782608674,0.3580246913580325,0.443820224719101,0.5399568034557235,0.7520325203252033,0.0,0.0,0.0,0.0,0.0
0.5,0.6413043478260789,0.6172839506172849,0.5168539325842698,0.4557235421166307,0.33333333333333337,0.0,0.0,0.0,0.0,0.0
1.0,0.3152173913043441,0.3950617283950635,0.3160112359550562,0.40388768898488114,0.0813008130081301,0.0,0.0,0.0,0.0,0.0
0.5,0.4782608695652115,0.4197530864197603,0.747191011235955,0.16630669546436283,0.7804878048780488,0.0,0.0,0.0,0.0,0.0
0.5,0.7391304347826093,0.5432098765432158,0.3707865168539326,0.5723542116630669,0.6869918699186992,0.0,0.0,0.0,0.0,0.0
0.5,0.7282608695652115,0.6419753086419746,0.6741573033707866,0.24622030237580994,0.32926829268292684,0.0,0.0,0.0,0.0,0.0
0.5,0.043478260869562746,0.06172839506172778,0.3862359550561798,0.44276457883369325,0.41869918699187,0.0,0.0,0.0,0.0,0.0
0.5,0.4347826086956488,0.6172839506172849,0.4382022471910114,0.41252699784017277,0.5853658536585367,0.0,0.0,0.0,0.0,0.0
0.5,0.5108695652173907,0.7037037037037024,0.5912921348314606,0.40172786177105835,0.7520325203252033,0.0,0.0,0.0,0.0,0.0
0.5,0.29347826086956275,0.3456790123456841,0.3904494382022474,0.6025917926565874,0.2764227642276423,0.0,0.0,0.0,0.0,0.0
0.5,0.36956521739129755,0.48148148148148806,0.467696629213483,0.3974082073434124,0.24796747967479676,0.0,0.0,0.0,0.0,0.0
1.0,0.4999999999999929,0.4320987654321016,0.2893258426966292,0.6717062634989202,0.7520325203252033,0.0,0.0,0.0,0.0,0.0
1.0,0.5760869565217348,0.6172839506172849,0.6615168539325842,0.25701943844492436,0.7317073170731708,0.0,0.0,0.0,0.0,0.0
0.0,0.6956521739130395,0.6790123456790127,0.6404494382022474,0.21382289416846645,0.6544715447154472,0.0,0.0,0.0,0.0,0.0
0.5,0.7282608695652115,0.5061728395061778,0.383426966292135,0.8207343412526997,0.5894308943089431,0.0,0.0,0.0,0.0,0.0
0.5,0.4130434782608674,0.2962962962963047,0.4157303370786518,0.44492440604751615,0.04065040650406505,0.0,0.0,0.0,0.0,0.0
0.5,0.1630434782608674,0.2839506172839492,0.6910112359550562,0.20734341252699784,0.1869918699186992,0.0,0.0,0.0,0.0,0.0
0.5,0.5543478260869534,0.49382716049382935,0.6966292134831462,0.21598272138228936,0.5528455284552846,0.0,0.0,0.0,0.0,0.0
0.0,0.4239130434782581,0.6296296296296333,0.8117977528089886,0.22246220302375808,0.7317073170731708,0.0,0.0,0.0,0.0,0.0
1.0,0.38043478260869534,0.5061728395061778,0.3230337078651686,0.548596112311015,0.2601626016260163,0.0,0.0,0.0,0.0,0.0
0.5,0.44565217391303946,0.3827160493827222,0.6235955056179774,0.2699784017278618,0.5040650406504066,0.0,0.0,0.0,0.0,0.0
0.5,0.7499999999999929,0.7407407407407405,0.4044943820224718,0.550755939524838,0.5691056910569107,0.0,0.0,0.0,0.0,0.0
1.0,0.6304347826086953,0.6172839506172849,0.6151685393258426,0.2354211663066954,0.4390243902439025,0.0,0.0,0.0,0.0,0.0
0.5,0.22826086956521152,0.44444444444444997,0.8089887640449438,0.10151187904967596,0.32926829268292684,0.0,0.0,0.0,0.0,0.0
0.5,0.38043478260869534,0.6049382716049436,0.5884831460674158,0.41036717062634986,0.8577235772357724,0.0,0.0,0.0,0.0,0.0
1.0,0.38043478260869534,0.4074074074074119,0.574438202247191,0.3909287257019438,0.6869918699186992,0.0,0.0,0.0,0.0,0.0
0.5,0.891304347826086,0.9012345679012341,0.1952247191011236,0.8509719222462202,0.2886178861788618,0.0,0.0,0.0,0.0,0.0
0.0,0.5434782608695627,0.7407407407407405,0.3497191011235954,0.5961123110151187,0.24796747967479676,0.0,0.0,0.0,0.0,0.0
1.0,0.7608695652173907,0.6296296296296333,0.6011235955056178,0.25269978401727855,0.6869918699186992,0.0,0.0,0.0,0.0,0.0
0.0,0.6413043478260789,0.6049382716049436,0.2373595505617978,0.6889848812095032,0.2804878048780488,0.0,0.0,0.0,0.0,0.0
0.5,0.5760869565217348,0.46913580246913966,0.9606741573033706,0.06263498920086391,0.9837398373983741,0.0,0.0,0.0,0.0,0.0
0.5,0.4782608695652115,0.45679012345679126,0.6558988764044942,0.20950323974082075,0.37804878048780494,0.0,0.0,0.0,0.0,0.0
0.5,0.5326086956521721,0.7037037037037024,0.9943820224719102,0.05399568034557234,0.34959349593495936,0.0,0.0,0.0,0.0,0.0
1.0,0.25,0.44444444444444997,0.3946629213483146,0.5637149028077754,0.8861788617886179,0.0,0.0,0.0,0.0,0.0
0.5,0.5434782608695627,0.7530864197530889,0.2485955056179776,0.6025917926565874,0.48373983739837406,0.0,0.0,0.0,0.0,0.0
0.5,0.7282608695652115,0.6790123456790127,0.3525280898876406,0.5356371490280777,0.06097560975609757,0.0,0.0,0.0,0.0,0.0
0.5,0.25,0.3580246913580325,0.2415730337078652,0.5680345572354211,0.052845528455284556,0.0,0.0,0.0,0.0,0.0
0.5,0.3913043478260789,0.3580246913580325,0.5000000000000002,0.5464362850971921,0.016260162601626018,0.0,0.0,0.0,0.0,0.0
0.0,0.38043478260869534,0.5061728395061778,0.3567415730337078,0.6069114470842332,0.6666666666666667,0.0,0.0,0.0,0.0,0.0
1.0,0.5869565217391255,0.5925925925925952,0.5772471910112358,0.2354211663066954,0.7967479674796749,0.0,0.0,0.0,0.0,0.0
0.5,0.7065217391304301,0.6913580246913611,0.5168539325842698,0.33909287257019427,0.24796747967479676,0.0,0.0,0.0,0.0,0.0
0.0,0.2608695652173836,0.3827160493827222,0.401685393258427,0.509719222462203,0.3902439024390244,0.0,0.0,0.0,0.0,0.0
0.5,0.3260869565217348,0.2839506172839492,0.252808988764045,0.6479481641468683,0.3902439024390244,0.0,0.0,0.0,0.0,0.0
0.5,0.8260869565217348,0.827160493827158,0.5308988764044942,0.3174946004319653,0.6097560975609757,0.0,0.0,0.0,0.0,0.0
0.5,0.3913043478260789,0.5432098765432158,0.5674157303370786,0.21814254859611226,0.6585365853658537,0.0,0.0,0.0,0.0,0.0
0.5,0.3913043478260789,0.3209876543209944,0.943820224719101,0.07991360691144711,0.13414634146341464,0.0,0.0,0.0,0.0,0.0
0.5,0.5652173913043441,0.5925925925925952,0.2668539325842696,0.5896328293736499,0.22764227642276424,0.0,0.0,0.0,0.0,0.0
0.5,0.5869565217391255,0.6296296296296333,0.4396067415730338,0.5680345572354211,0.3658536585365854,0.0,0.0,0.0,0.0,0.0
0.0,0.6521739130434767,0.5432098765432158,0.3820224719101122,0.5183585313174945,0.7642276422764228,0.0,0.0,0.0,0.0,0.0
0.5,0.6521739130434767,0.6049382716049436,0.4747191011235954,0.3498920086393087,0.6747967479674798,0.0,0.0,0.0,0.0,0.0
0.5,0.3260869565217348,0.3827160493827222,0.6488764044943822,0.22246220302375808,0.13414634146341464,0.0,0.0,0.0,0.0,0.0
0.5,0.5760869565217348,0.7654320987654302,0.4058988764044942,0.5205183585313174,0.5121951219512195,0.0,0.0,0.0,0.0,0.0
0.5,0.8369565217391255,0.6913580246913611,0.25561797752809,0.7796976241900648,0.5934959349593496,0.0,1.0,0.0,0.0,0.0
0.5,0.3152173913043441,0.2592592592592595,0.4662921348314606,0.5745140388768899,0.3008130081300813,0.0,0.0,0.0,0.0,0.0
1.0,0.5434782608695627,0.5061728395061778,0.609550561797753,0.44708423326133895,0.6422764227642277,0.0,0.0,0.0,0.0,0.0
1.0,0.3478260869565162,0.45679012345679126,0.4747191011235954,0.3758099352051836,0.3821138211382114,0.0,0.0,0.0,0.0,0.0
0.0,0.6086956521739069,0.654320987654323,0.9410112359550562,0.0755939524838013,0.49593495934959353,0.0,0.0,0.0,0.0,0.0
1.0,0.35869565217391397,0.45679012345679126,0.3146067415730338,0.5399568034557235,0.7154471544715448,0.0,0.0,0.0,0.0,0.0
1.0,0.7065217391304301,0.7160493827160508,0.327247191011236,0.6241900647948164,0.5528455284552846,0.0,0.0,0.0,0.0,0.0
0.5,0.021739130434781373,0.03703703703703809,0.5814606741573034,0.36933045356371497,0.06504065040650407,0.0,0.0,0.0,0.0,0.0
0.5,0.45652173913043015,0.3703703703703738,0.3693820224719102,0.5529157667386609,0.7032520325203253,0.0,0.0,0.0,0.0,0.0
0.5,0.6847826086956488,0.518518518518519,0.3609550561797754,0.5032397408207343,0.40650406504065045,0.0,0.0,0.0,0.0,0.0
1.0,0.3260869565217348,0.3209876543209944,0.2752808988764046,0.6025917926565874,0.7357723577235773,0.0,0.0,0.0,0.0,0.0
0.5,0.6739130434782581,0.6666666666666714,0.3876404494382022,0.5399568034557235,0.39430894308943093,0.0,0.0,0.0,0.0,0.0
0.5,0.5543478260869534,0.6666666666666714,0.5702247191011238,0.33261339092872566,0.7764227642276423,0.0,0.0,0.0,0.0,0.0
0.5,0.36956521739129755,0.4320987654321016,0.2991573033707866,0.5334773218142548,0.7235772357723578,0.0,0.0,0.0,0.0,0.0
0.5,0.29347826086956275,0.308641975308646,0.3876404494382022,0.47516198704103674,0.5934959349593496,0.0,0.0,0.0,0.0,0.0
0.5,0.8043478260869534,0.827160493827158,0.3511235955056178,0.5205183585313174,0.06910569105691057,0.0,0.0,0.0,0.0,0.0
1.0,0.44565217391303946,0.5308641975308674,0.4620786516853934,0.4989200863930886,0.1910569105691057,0.0,0.0,0.0,0.0,0.0
0.5,0.4782608695652115,0.4197530864197603,0.7443820224719102,0.28941684665226775,0.5731707317073171,0.0,0.0,0.0,0.0,0.0
0.5,0.19565217391303946,0.308641975308646,0.342696629213483,0.5421166306695464,0.5528455284552846,0.0,0.0,0.0,0.0,0.0
1.0,0.5543478260869534,0.7037037037037024,0.2415730337078652,0.7796976241900648,0.49593495934959353,0.0,0.0,0.0,0.0,0.0
0.5,0.5543478260869534,0.6790123456790127,0.7331460674157302,0.18574514038876888,0.0813008130081301,0.0,0.0,0.0,0.0,0.0
1.0,0.8695652173913047,0.7530864197530889,0.4297752808988766,0.6328293736501078,0.2601626016260163,0.0,0.0,0.0,0.0,0.0
1.0,0.8369565217391255,0.6666666666666714,0.3441011235955058,0.42548596112311,0.7357723577235773,0.0,0.0,0.0,0.0,0.0
0.5,0.29347826086956275,0.24691358024691112,0.3469101123595506,0.5874730021598271,0.19918699186991873,0.0,0.0,0.0,0.0,0.0
1.0,0.3478260869565162,0.2839506172839492,0.252808988764045,0.6285097192224622,0.6056910569105691,0.0,0.0,0.0,0.0,0.0
1.0,0.5869565217391255,0.6913580246913611,0.4269662921348314,0.42548596112311,0.20325203252032523,0.0,0.0,0.0,0.0,0.0
1.0,0.5217391304347814,0.49382716049382935,0.2317415730337078,0.8034557235421165,0.1951219512195122,0.0,0.0,0.0,0.0,0.0
1.0,0.5217391304347814,0.6913580246913611,0.4775280898876406,0.3023758099352052,0.5487804878048781,0.0,0.0,0.0,0.0,0.0
0.5,0.5326086956521721,0.7283950617283992,0.9044943820224718,0.1490280777537797,0.0894308943089431,0.0,0.0,0.0,0.0,0.0
1.0,0.25,0.3456790123456841,0.431179775280899,0.5032397408207343,0.6260162601626017,0.0,0.0,0.0,0.0,0.0
0.0,0.7717391304347743,0.6790123456790127,0.4536516853932586,0.44708423326133895,0.8292682926829269,0.0,0.0,0.0,0.0,0.0
0.5,0.6086956521739069,0.7777777777777786,0.4353932584269662,0.40172786177105835,0.8821138211382115,0.0,0.0,0.0,0.0,0.0
0.5,0.35869565217391397,0.45679012345679126,0.6797752808988766,0.33477321814254857,0.7520325203252033,0.0,0.0,0.0,0.0,0.0
0.5,0.5978260869565162,0.6049382716049436,0.327247191011236,0.47732181425485964,0.9146341463414636,0.0,0.0,0.0,0.0,0.0
0.5,0.5652173913043441,0.5061728395061778,0.455056179775281,0.48380129589632825,0.475609756097561,0.0,0.0,0.0,0.0,0.0
1.0,0.7499999999999929,0.6790123456790127,0.6235955056179774,0.28293736501079914,0.3008130081300813,0.0,0.0,0.0,0.0,0.0
1.0,0.3260869565217348,0.4197530864197603,0.6306179775280898,0.2721382289416847,0.0,0.0,0.0,0.0,0.0,0.0
0.5,0.7499999999999929,0.6419753086419746,0.4887640449438202,0.3758099352051836,0.24390243902439027,0.0,0.0,0.0,0.0,0.0
1.0,0.9347826086956488,0.9135802469135825,0.2247191011235956,0.8920086393088551,0.05691056910569106,0.0,0.0,0.0,0.0,0.0
0.5,0.4021739130434767,0.2962962962963047,0.0828651685393258,0.8812095032397407,0.475609756097561,0.0,0.0,0.0,0.0,0.0
0.5,0.9130434782608674,0.8148148148148167,0.5941011235955058,0.37365010799136056,0.41869918699187,0.0,0.0,0.0,0.0,0.0
0.5,0.35869565217391397,0.5061728395061778,0.7317415730337078,0.17710583153347725,0.2601626016260163,0.0,0.0,0.0,0.0,0.0
0.5,0.4021739130434767,0.5432098765432158,0.5617977528089886,0.33909287257019427,0.5772357723577236,0.0,0.0,0.0,0.0,0.0
1.0,0.7499999999999929,0.6666666666666714,0.6418539325842698,0.2742980561555075,0.31300813008130085,0.0,0.0,0.0,0.0,0.0
0.0,0.35869565217391397,0.46913580246913966,0.5632022471910114,0.25269978401727855,0.10975609756097562,0.0,0.0,0.0,0.0,0.0
0.0,0.2391304347826022,0.3333333333333357,0.431179775280899,0.4233261339092873,0.13821138211382114,0.0,0.0,0.0,0.0,0.0
0.5,0.8804347826086882,0.8148148148148167,0.5014044943820226,0.40172786177105835,0.3902439024390244,0.0,0.0,0.0,0.0,0.0
1.0,0.4782608695652115,0.6666666666666714,0.6544943820224718,0.2721382289416847,0.7520325203252033,0.0,0.0,0.0,0.0,0.0
1.0,0.4021739130434767,0.4074074074074119,0.872191011235955,0.14470842332613387,0.06910569105691057,0.0,0.0,0.0,0.0,0.0
0.5,0.29347826086956275,0.3703703703703738,0.622191011235955,0.35853131749460043,0.853658536585366,0.0,0.0,0.0,0.0,0.0
0.0,0.2391304347826022,0.44444444444444997,0.5337078651685394,0.3455723542116631,0.40650406504065045,0.0,0.0,0.0,0.0,0.0
1.0,0.22826086956521152,0.3703703703703738,0.279494382022472,0.6436285097192225,0.6138211382113822,0.0,0.0,0.0,0.0,0.0
1.0,0.8043478260869534,0.8024691358024683,0.2345505617977528,0.8315334773218142,0.008130081300813009,0.0,0.0,0.0,0.0,0.0
0.5,0.44565217391303946,0.3703703703703738,0.2780898876404494,0.7904967602591793,0.41463414634146345,0.0,0.0,0.0,0.0,0.0
0.5,0.3913043478260789,0.5432098765432158,0.2219101123595506,0.7429805615550755,0.20731707317073172,0.0,0.0,0.0,0.0,0.0
1.0,0.30434782608695343,0.3950617283950635,0.872191011235955,0.10799136069114468,0.47967479674796754,0.0,0.0,0.0,0.0,0.0
0.5,0.17391304347825098,0.24691358024691112,0.5154494382022474,0.4233261339092873,0.5040650406504066,0.0,0.0,0.0,0.0,0.0
0.5,0.6086956521739069,0.5802469135802468,0.5308988764044942,0.2721382289416847,0.2723577235772358,0.0,0.0,0.0,0.0,0.0
0.5,0.6521739130434767,0.6172839506172849,0.4508426966292134,0.5853131749460043,0.3008130081300813,0.0,0.0,0.0,0.0,0.0
0.5,0.5760869565217348,0.6296296296296333,0.273876404494382,0.6717062634989202,0.48373983739837406,0.0,0.0,0.0,0.0,0.0
0.5,0.6521739130434767,0.6666666666666714,0.651685393258427,0.17494600431965435,0.5691056910569107,0.0,0.0,0.0,0.0,0.0
0.5,0.8695652173913047,0.7037037037037024,0.460674157303371,0.5032397408207343,0.2642276422764228,0.0,0.0,0.0,0.0,0.0
0.5,0.5543478260869534,0.7530864197530889,0.1924157303370786,0.8164146868250539,0.6829268292682927,0.0,0.0,0.0,0.0,0.0
1.0,0.8804347826086882,0.7530864197530889,0.2921348314606742,0.48812095032397407,0.8008130081300814,0.0,0.0,0.0,0.0,0.0
0.5,0.20652173913043015,0.3827160493827222,0.3764044943820226,0.4967602591792656,0.2764227642276423,0.0,0.0,0.0,0.0,0.0
0.5,0.3478260869565162,0.2962962962963047,0.5351123595505618,0.2375809935205183,0.13821138211382114,0.0,0.0,0.0,0.0,0.0
0.5,0.2608695652173836,0.45679012345679126,0.2935393258426966,0.5183585313174945,0.5691056910569107,0.0,0.0,0.0,0.0,0.0
1.0,0.9021739130434767,0.8765432098765444,0.3047752808988764,0.4989200863930886,0.0934959349593496,0.0,0.0,0.0,0.0,0.0
0.5,0.3260869565217348,0.4197530864197603,0.497191011235955,0.4946004319654427,0.5,0.0,0.0,0.0,0.0,0.0
0.5,0.4239130434782581,0.3950617283950635,0.2598314606741574,0.5853131749460043,0.7113821138211383,0.0,0.0,0.0,0.0,0.0
0.5,0.3478260869565162,0.308641975308646,0.366573033707865,0.44060475161987034,0.6910569105691058,0.0,0.0,0.0,0.0,0.0
0.5,0.7173913043478208,0.6049382716049436,0.3988764044943822,0.41468682505399557,0.13008130081300814,0.0,0.0,0.0,0.0,0.0
0.5,0.9565217391304373,0.9259259259259238,0.377808988764045,0.6025917926565874,0.5121951219512195,0.0,0.0,0.0,0.0,0.0
0.5,0.8804347826086882,0.8765432098765444,0.3735955056179774,0.5140388768898487,0.3821138211382114,0.0,0.0,0.0,0.0,0.0
0.5,0.6086956521739069,0.6172839506172849,0.321629213483146,0.8077753779697623,0.06504065040650407,0.0,0.0,0.0,0.0,1.0
0.5,0.3260869565217348,0.3950617283950635,0.7373595505617978,0.1555075593952484,0.6910569105691058,0.0,0.0,0.0,0.0,0.0
0.5,0.3152173913043441,0.3333333333333357,0.178370786516854,0.8833693304535637,0.7682926829268294,0.0,0.0,0.0,1.0,0.0
1.0,0.5326086956521721,0.5679012345679055,0.7317415730337078,0.1965442764578833,0.17073170731707318,0.0,0.0,0.0,0.0,0.0
1.0,0.25,0.3580246913580325,0.2907303370786518,0.7192224622030237,0.7113821138211383,0.0,0.0,0.0,0.0,0.0
0.5,0.4130434782608674,0.3580246913580325,0.1081460674157304,0.8142548596112309,0.6178861788617886,0.0,0.0,0.0,0.0,0.0
1.0,0.30434782608695343,0.48148148148148806,0.5140449438202246,0.40172786177105835,0.17479674796747968,0.0,0.0,0.0,0.0,0.0
0.5,0.5978260869565162,0.6419753086419746,0.7935393258426966,0.21166306695464354,0.5691056910569107,0.0,0.0,0.0,0.0,0.0
0.5,0.9239130434782581,0.9135802469135825,0.9634831460674158,0.12311015118790491,0.8577235772357724,0.0,0.0,0.0,0.0,0.0
0.5,0.5760869565217348,0.5432098765432158,0.6643258426966294,0.2721382289416847,0.1788617886178862,0.0,0.0,0.0,0.0,0.0
0.5,0.5434782608695627,0.7530864197530889,0.5393258426966294,0.3801295896328294,0.7317073170731708,0.0,0.0,0.0,0.0,0.0
1.0,0.7499999999999929,0.6666666666666714,0.467696629213483,0.29373650107991367,0.6422764227642277,0.0,0.0,0.0,0.0,0.0
0.5,0.6956521739130395,0.6790123456790127,0.5702247191011238,0.3844492440604751,0.30487804878048785,0.0,0.0,0.0,0.0,0.0
0.5,0.18478260869564878,0.2962962962963047,0.2415730337078652,0.509719222462203,0.8821138211382115,0.0,0.0,0.0,0.0,0.0
0.5,0.6195652173912976,0.790123456790127,0.5646067415730338,0.263498920086393,0.20325203252032523,0.0,0.0,0.0,0.0,0.0
1.0,0.25,0.48148148148148806,0.574438202247191,0.33909287257019427,0.23170731707317074,0.0,0.0,0.0,0.0,0.0
0.5,0.891304347826086,0.8395061728395063,0.276685393258427,0.5615550755939525,0.6747967479674798,0.0,0.0,0.0,0.0,0.0
0.5,0.7282608695652115,0.5308641975308674,0.675561797752809,0.18358531317494597,0.7723577235772359,0.0,0.0,0.0,0.0,0.0
0.0,0.5543478260869534,0.46913580246913966,0.5112359550561798,0.6609071274298055,0.5325203252032521,0.0,0.0,0.0,0.0,0.0
0.0,0.7282608695652115,0.5925925925925952,0.9241573033707866,0.0755939524838013,0.48373983739837406,0.0,0.0,0.0,0.0,0.0
1.0,0.5543478260869534,0.7530864197530889,0.7359550561797754,0.21382289416846645,0.6707317073170732,0.0,0.0,0.0,0.0,0.0
0.0,0.7934782608695627,0.5555555555555571,0.9691011235955058,0.025917926565874716,0.3536585365853659,0.0,0.0,0.0,0.0,0.0
0.0,0.4021739130434767,0.5308641975308674,0.5421348314606742,0.3066954643628509,0.5365853658536586,0.0,0.0,0.0,0.0,0.0
0.0,0.6086956521739069,0.6790123456790127,0.4705056179775282,0.32181425485961124,0.3658536585365854,0.0,0.0,0.0,0.0,0.0
1.0,0.7499999999999929,0.5432098765432158,0.5463483146067414,0.3131749460043196,0.06910569105691057,0.0,0.0,0.0,0.0,0.0
0.5,0.38043478260869534,0.518518518518519,0.6264044943820226,0.25485961123110146,0.19918699186991873,0.0,0.0,0.0,0.0,0.0
0.5,0.5108695652173907,0.5925925925925952,0.4691011235955058,0.47732181425485964,0.7560975609756099,0.0,0.0,0.0,0.0,0.0
0.5,0.5543478260869534,0.46913580246913966,0.2331460674157304,0.6544276457883369,0.12195121951219513,0.0,0.0,0.0,0.0,0.0
0.5,0.5543478260869534,0.518518518518519,0.699438202247191,0.18358531317494597,0.83739837398374,0.0,0.0,0.0,0.0,0.0
0.5,0.6521739130434767,0.6913580246913611,0.4578651685393258,0.48380129589632825,0.8658536585365855,0.0,0.0,0.0,0.0,0.0
0.5,0.7499999999999929,0.6296296296296333,0.2345505617977528,0.7883369330453562,0.3089430894308943,0.0,0.0,0.0,0.0,0.0
0.5,0.9347826086956488,0.8518518518518547,0.6446629213483146,0.263498920086393,0.5162601626016261,0.0,0.0,0.0,0.0,0.0
0.5,0.8152173913043441,0.6666666666666714,0.383426966292135,0.3455723542116631,0.3617886178861789,0.0,0.0,0.0,0.0,0.0
1.0,0.2391304347826022,0.2839506172839492,0.3455056179775282,0.5550755939524836,0.6016260162601627,0.0,0.0,0.0,0.0,0.0
0.5,0.8695652173913047,0.7037037037037024,0.4592696629213482,0.37149028077753765,0.14634146341463417,0.0,0.0,0.0,0.0,0.0
0.0,0.6413043478260789,0.827160493827158,0.297752808988764,0.5982721382289415,0.3658536585365854,0.0,0.0,0.0,0.0,0.0
0.0,0.5543478260869534,0.44444444444444997,0.2991573033707866,0.6717062634989202,0.21951219512195125,0.0,0.0,0.0,0.0,0.0
0.5,0.7608695652173907,0.6419753086419746,0.9943820224719102,0.05615550755939519,0.5487804878048781,0.0,0.0,0.0,0.0,0.0
1.0,0.45652173913043015,0.654320987654323,0.3764044943820226,0.5010799136069113,0.5528455284552846,0.0,0.0,0.0,0.0,0.0
1.0,0.44565217391303946,0.45679012345679126,0.2008426966292136,0.5917926565874729,0.14227642276422767,0.0,0.0,0.0,0.0,0.0
1.0,0.6195652173912976,0.6419753086419746,0.550561797752809,0.3131749460043196,0.6097560975609757,0.0,0.0,0.0,0.0,0.0
0.5,0.9130434782608674,0.827160493827158,0.3103932584269664,0.5723542116630669,0.48373983739837406,0.0,0.0,0.0,0.0,0.0
0.5,0.891304347826086,0.8518518518518547,0.5884831460674158,0.3045356371490281,0.4390243902439025,0.0,0.0,0.0,0.0,0.0
0.5,0.25,0.3580246913580325,0.2359550561797754,0.6673866090712743,0.15040650406504066,0.0,0.0,0.0,0.0,0.0
0.5,0.21739130434782084,0.3209876543209944,0.4044943820224718,0.3909287257019438,0.15040650406504066,0.0,0.0,0.0,0.0,0.0
1.0,0.7608695652173907,0.654320987654323,0.4747191011235954,0.3174946004319653,0.29268292682926833,0.0,0.0,0.0,0.0,0.0
0.5,0.22826086956521152,0.3950617283950635,0.7373595505617978,0.1879049676025918,0.7073170731707318,0.0,0.0,0.0,0.0,0.0
1.0,0.3913043478260789,0.48148148148148806,0.4058988764044942,0.5593952483801296,0.8089430894308944,0.0,0.0,0.0,0.0,0.0
0.5,0.2717391304347814,0.20987654320987303,0.4620786516853934,0.44708423326133895,0.5569105691056911,0.0,0.0,0.0,0.0,0.0
0.5,0.2391304347826022,0.3827160493827222,0.3286516853932584,0.6414686825053995,0.7195121951219513,0.0,0.0,0.0,0.0,0.0
1.0,0.8804347826086882,0.7407407407407405,0.7120786516853934,0.3196544276457882,0.7682926829268294,0.0,0.0,0.0,0.0,0.0
0.5,0.3152173913043441,0.4197530864197603,0.5407303370786518,0.3498920086393087,0.6747967479674798,0.0,0.0,0.0,0.0,0.0
0.5,0.6739130434782581,0.5925925925925952,0.2359550561797754,0.7084233261339092,0.47154471544715454,0.0,0.0,0.0,0.0,0.0
1.0,0.8369565217391255,0.6666666666666714,0.4817415730337078,0.37149028077753765,0.7154471544715448,0.0,0.0,0.0,0.0,0.0
0.0,0.7499999999999929,0.6419753086419746,0.4761235955056178,0.3412526997840172,0.24796747967479676,0.0,0.0,0.0,0.0,0.0
0.0,0.7282608695652115,0.518518518518519,0.5941011235955058,0.3110151187904967,0.6341463414634148,0.0,0.0,0.0,0.0,0.0
0.5,0.8369565217391255,0.8395061728395063,0.3904494382022474,0.43412526997840173,0.5162601626016261,0.0,0.0,0.0,0.0,0.0
0.5,0.8043478260869534,0.6666666666666714,0.3609550561797754,0.4190064794816414,0.5934959349593496,0.0,0.0,0.0,0.0,0.0
0.5,0.17391304347825098,0.3333333333333357,0.2907303370786518,0.4686825053995679,0.7479674796747968,0.0,0.0,0.0,0.0,0.0
0.5,0.4891304347826093,0.6666666666666714,0.3974719101123594,0.5615550755939525,0.23577235772357727,0.0,0.0,0.0,0.0,0.0
0.0,0.5760869565217348,0.790123456790127,0.2401685393258428,0.5788336933045355,0.5609756097560976,0.0,0.0,0.0,0.0,0.0
0.5,0.28260869565216495,0.518518518518519,0.4058988764044942,0.5377969762419006,0.7439024390243903,0.0,0.0,0.0,0.0,0.0
0.5,0.29347826086956275,0.4320987654321016,0.3862359550561798,0.42548596112311,0.3536585365853659,0.0,0.0,0.0,0.0,0.0
0.5,0.30434782608695343,0.3703703703703738,0.6446629213483146,0.22030237580993517,0.012195121951219513,0.0,0.0,0.0,0.0,0.0
0.5,0.25,0.3333333333333357,0.622191011235955,0.2656587473002159,0.5284552845528456,0.0,0.0,0.0,0.0,0.0
0.5,0.3369565217391255,0.4320987654321016,0.2134831460674158,0.7213822894168467,0.6829268292682927,0.0,0.0,0.0,0.0,0.0
0.5,0.4999999999999929,0.5432098765432158,0.699438202247191,0.1943844492440605,0.8008130081300814,0.0,0.0,0.0,0.0,0.0
0.5,0.4021739130434767,0.3580246913580325,0.5674157303370786,0.39956803455723544,0.5040650406504066,0.0,0.0,0.0,0.0,0.0
1.0,0.22826086956521152,0.3950617283950635,0.4452247191011238,0.5658747300215982,0.5569105691056911,0.0,0.0,0.0,0.0,0.0
1.0,0.8043478260869534,0.7407407407407405,0.8441011235955058,0.10799136069114468,0.7195121951219513,0.0,0.0,0.0,0.0,0.0
1.0,0.6413043478260789,0.5308641975308674,0.6207865168539326,0.24838012958963285,0.7032520325203253,0.0,0.0,0.0,0.0,0.0
0.5,0.5760869565217348,0.5308641975308674,0.460674157303371,0.36285097192224613,0.426829268292683,0.0,0.0,0.0,0.0,0.0
0.5,0.22826086956521152,0.3950617283950635,0.8792134831460674,0.07991360691144711,0.5325203252032521,0.0,0.0,0.0,0.0,0.0
0.5,0.5978260869565162,0.48148148148148806,0.4424157303370786,0.5550755939524836,0.1910569105691057,0.0,0.0,0.0,0.0,0.0
0.5,0.28260869565216495,0.24691358024691112,0.5716292134831462,0.3131749460043196,0.23170731707317074,0.0,0.0,0.0,0.0,0.0
0.5,0.3369565217391255,0.3580246913580325,0.1699438202247192,0.5377969762419006,0.6422764227642277,0.0,0.0,0.0,0.0,0.0
0.5,0.5217391304347814,0.5061728395061778,0.4536516853932586,0.32613390928725705,0.08536585365853659,0.0,0.0,0.0,0.0,0.0
0.0,0.2717391304347814,0.2592592592592595,0.6727528089887642,0.22894168466522669,0.1951219512195122,0.0,0.0,0.0,0.0,0.0
1.0,0.19565217391303946,0.3333333333333357,0.568820224719101,0.28725701943844484,0.8292682926829269,0.0,0.0,0.0,0.0,0.0
0.5,0.29347826086956275,0.2962962962963047,0.9747191011235954,0.09071274298056153,0.0,0.0,0.0,0.0,0.0,0.0
0.5,0.03260869565217206,0.06172839506172778,0.1123595505617978,0.9006479481641467,0.10975609756097562,0.0,0.0,0.0,0.0,0.0
0.0,0.5543478260869534,0.7160493827160508,0.6727528089887642,0.1922246220302375,0.5569105691056911,0.0,0.0,0.0,0.0,0.0
0.5,0.36956521739129755,0.5555555555555571,0.7500000000000002,0.1555075593952484,0.10569105691056911,0.0,0.0,0.0,0.0,0.0
0.0,0.5652173913043441,0.45679012345679126,0.4480337078651686,0.3066954643628509,0.1626016260162602,0.0,0.0,0.0,0.0,0.0
1.0,0.4239130434782581,0.3333333333333357,0.2780898876404494,0.48380129589632825,0.21951219512195125,0.0,0.0,0.0,0.0,0.0
1.0,0.5869565217391255,0.7283950617283992,0.2317415730337078,0.915766738660907,0.14634146341463417,0.0,0.0,0.0,0.0,0.0
0.5,0.1521739130434696,0.2592592592592595,0.4002808988764046,0.41252699784017277,0.14227642276422767,0.0,0.0,0.0,0.0,0.0
0.0,0.29347826086956275,0.4320987654321016,0.473314606741573,0.3844492440604751,0.3617886178861789,0.0,0.0,0.0,0.0,0.0
0.5,0.3478260869565162,0.518518518518519,0.419943820224719,0.47516198704103674,0.06097560975609757,0.0,0.0,0.0,0.0,0.0
0.0,0.3152173913043441,0.23456790123456983,0.3890449438202246,0.6155507559395248,0.8292682926829269,0.0,0.0,0.0,0.0,0.0
0.5,0.46739130434782794,0.45679012345679126,0.2078651685393258,0.5680345572354211,0.06504065040650407,0.0,0.0,0.0,0.0,0.0
0.5,0.6521739130434767,0.5802469135802468,0.3876404494382022,0.531317494600432,0.3739837398373984,0.0,0.0,0.0,0.0,0.0
0.5,0.03260869565217206,0.06172839506172778,0.1460674157303372,0.7494600431965441,0.19918699186991873,0.0,0.0,0.0,0.0,0.0
0.5,0.30434782608695343,0.2592592592592595,0.8117977528089886,0.17494600431965435,0.3089430894308943,0.0,0.0,0.0,0.0,0.0
0.5,0.2391304347826022,0.3209876543209944,0.353932584269663,0.4362850971922245,0.8008130081300814,0.0,0.0,0.0,0.0,0.0
1.0,0.3913043478260789,0.5432098765432158,0.3637640449438202,0.49244060475161977,0.6219512195121952,0.0,0.0,0.0,0.0,0.0
0.5,0.8804347826086882,0.7530864197530889,0.172752808988764,0.8833693304535637,0.8739837398373985,0.0,1.0,0.0,1.0,0.0
0.5,0.3478260869565162,0.46913580246913966,0.5112359550561798,0.28077753779697623,0.2764227642276423,0.0,0.0,0.0,0.0,0.0
0.5,0.21739130434782084,0.4074074074074119,0.5126404494382022,0.37365010799136056,0.6951219512195123,0.0,0.0,0.0,0.0,0.0
1.0,0.7934782608695627,0.5802469135802468,0.5070224719101122,0.32397408207343414,0.10162601626016261,0.0,0.0,0.0,0.0,0.0
0.0,0.4021739130434767,0.518518518518519,0.984550561797753,0.11879049676025921,0.40650406504065045,0.0,0.0,0.0,0.0,0.0
0.5,0.5108695652173907,0.6913580246913611,0.4227528089887642,0.7149028077753781,0.6422764227642277,0.0,0.0,0.0,0.0,0.0
0.5,0.2391304347826022,0.3209876543209944,0.3567415730337078,0.47948164146868244,0.11788617886178863,0.0,0.0,0.0,0.0,0.0
1.0,0.2391304347826022,0.3333333333333357,0.2345505617977528,0.693304535637149,0.6382113821138212,0.0,0.0,0.0,0.0,0.0
1.0,0.4891304347826093,0.48148148148148806,0.2078651685393258,0.6501079913606911,0.39837398373983746,0.0,0.0,0.0,0.0,0.0
0.5,0.2608695652173836,0.3703703703703738,0.4087078651685394,0.5766738660907127,0.7642276422764228,0.0,0.0,0.0,0.0,0.0
1.0,0.2717391304347814,0.20987654320987303,0.3581460674157302,0.5075593952483801,0.5731707317073171,0.0,0.0,0.0,0.0,0.0
0.0,0.7608695652173907,0.6666666666666714,0.3820224719101122,0.4362850971922245,0.5894308943089431,0.0,0.0,0.0,0.0,0.0
1.0,0.6847826086956488,0.6172839506172849,0.853932584269663,0.07991360691144711,0.32926829268292684,0.0,0.0,0.0,0.0,0.0
1.0,0.20652173913043015,0.3209876543209944,0.2008426966292136,0.8012958963282937,0.40650406504065045,0.0,0.0,0.0,0.0,0.0
1.0,0.5217391304347814,0.7037037037037024,0.550561797752809,0.20950323974082075,0.853658536585366,0.0,0.0,0.0,0.0,0.0
0.5,0.8152173913043441,0.6666666666666714,0.5154494382022474,0.263498920086393,0.3089430894308943,0.0,0.0,0.0,0.0,0.0
0.5,0.4347826086956488,0.3456790123456841,0.4241573033707866,0.531317494600432,0.3170731707317074,0.0,0.0,0.0,0.0,0.0
1.0,0.5978260869565162,0.49382716049382935,0.6980337078651686,0.17494600431965435,0.7682926829268294,0.0,0.0,0.0,0.0,0.0
0.5,0.25,0.3209876543209944,0.6179775280898878,0.36285097192224613,0.24796747967479676,0.0,0.0,0.0,0.0,0.0
0.5,0.7717391304347743,0.6666666666666714,0.633426966292135,0.3045356371490281,0.7479674796747968,0.0,0.0,0.0,0.0,0.0
0.5,0.20652173913043015,0.3456790123456841,0.3693820224719102,0.509719222462203,0.6951219512195123,0.0,0.0,0.0,0.0,0.0
1.0,0.6195652173912976,0.6172839506172849,0.4353932584269662,0.6047516198704104,0.5894308943089431,0.0,0.0,0.0,0.0,0.0
0.5,0.8043478260869534,0.6172839506172849,0.3019662921348314,0.8120950323974081,0.07723577235772358,0.0,0.0,0.0,0.0,0.0
1.0,0.6413043478260789,0.827160493827158,0.3441011235955058,0.3563714902807775,0.4024390243902439,0.0,0.0,0.0,0.0,0.0
0.5,0.18478260869564878,0.2716049382716008,0.3820224719101122,0.6241900647948164,0.8292682926829269,0.0,0.0,0.0,0.0,0.0
0.5,0.6413043478260789,0.5679012345679055,0.3764044943820226,0.4233261339092873,0.5,0.0,0.0,0.0,0.0,0.0
0.0,0.1630434782608674,0.22222222222222143,0.7191011235955058,0.21382289416846645,0.13414634146341464,0.0,0.0,0.0,0.0,0.0
0.5,0.5543478260869534,0.6296296296296333,0.2991573033707866,0.630669546436285,0.5772357723577236,0.0,0.0,0.0,0.0,0.0
1.0,0.6739130434782581,0.5802469135802468,0.273876404494382,0.7602591792656586,0.44308943089430897,0.0,0.0,0.0,0.0,0.0
0.5,0.4239130434782581,0.3827160493827222,0.3117977528089888,0.6760259179265657,0.7439024390243903,0.0,0.0,0.0,0.0,0.0
1.0,0.2391304347826022,0.3827160493827222,0.3820224719101122,0.5615550755939525,0.5975609756097562,0.0,0.0,0.0,0.0,0.0
1.0,0.5326086956521721,0.49382716049382935,0.0,0.8920086393088551,0.6910569105691058,0.0,0.0,0.0,0.0,0.0
0.0,0.25,0.48148148148148806,0.3314606741573034,0.6069114470842332,0.8739837398373985,0.0,0.0,0.0,0.0,0.0
1.0,0.7499999999999929,0.6049382716049436,0.5435393258426966,0.3131749460043196,0.6626016260162603,0.0,0.0,0.0,0.0,0.0
1.0,0.28260869565216495,0.5061728395061778,0.7162921348314606,0.21166306695464354,0.14227642276422767,0.0,0.0,0.0,0.0,0.0
1.0,0.5978260869565162,0.6049382716049436,0.508426966292135,0.3758099352051836,0.6300813008130082,0.0,0.0,0.0,0.0,0.0
1.0,0.45652173913043015,0.3703703703703738,0.1938202247191012,0.6868250539956802,0.4634146341463415,0.0,0.0,0.0,0.0,0.0
0.5,0.1521739130434696,0.24691358024691112,0.4480337078651686,0.5140388768898487,0.34146341463414637,0.0,0.0,0.0,0.0,0.0
0.0,0.7826086956521721,0.7654320987654302,0.5786516853932586,0.3131749460043196,0.4552845528455285,0.0,0.0,0.0,0.0,0.0
0.0,0.5869565217391255,0.7407407407407405,0.9564606741573034,0.0755939524838013,0.1910569105691057,0.0,0.0,0.0,0.0,0.0
0.5,0.5326086956521721,0.7283950617283992,0.5941011235955058,0.2354211663066954,0.8089430894308944,0.0,0.0,0.0,0.0,0.0
0.0,0.8478260869565233,0.8765432098765444,0.353932584269663,0.4708423326133908,0.467479674796748,0.0,0.0,0.0,0.0,0.0
1.0,0.25,0.3209876543209944,0.4985955056179774,0.43412526997840173,0.0,0.0,0.0,0.0,0.0,0.0
0.0,0.6195652173912976,0.6913580246913611,0.5814606741573034,0.41252699784017277,0.2682926829268293,0.0,0.0,0.0,0.0,0.0
0.5,0.4130434782608674,0.5432098765432158,0.425561797752809,0.44492440604751615,0.1585365853658537,0.0,0.0,0.0,0.0,0.0
0.5,0.9239130434782581,0.8518518518518547,0.5365168539325842,0.3434125269978401,0.7276422764227644,0.0,0.0,0.0,0.0,0.0
0.5,0.5108695652173907,0.7037037037037024,0.4227528089887642,0.36501079913606904,0.7439024390243903,0.0,0.0,0.0,0.0,0.0
0.5,0.2608695652173836,0.3950617283950635,0.747191011235955,0.1533477321814254,0.7845528455284554,0.0,0.0,0.0,0.0,0.0
0.5,0.5652173913043441,0.7777777777777786,0.3258426966292136,0.5291576673866091,0.0934959349593496,0.0,0.0,0.0,0.0,0.0
0.5,0.06521739130434412,0.12345679012345556,0.5112359550561798,0.44924406047516185,0.43495934959349597,0.0,0.0,0.0,0.0,0.0
0.5,0.4891304347826093,0.49382716049382935,0.3455056179775282,0.48596112311015116,0.5162601626016261,0.0,0.0,0.0,0.0,0.0
0.5,0.10869565217390686,0.19753086419753174,0.3019662921348314,0.7041036717062634,0.12601626016260165,0.0,0.0,0.0,0.0,0.0
1.0,0.2608695652173836,0.3950617283950635,0.5477528089887642,0.32397408207343414,0.03658536585365854,0.0,0.0,0.0,0.0,0.0
1.0,0.6630434782608603,0.5925925925925952,0.047752808988763995,0.8747300215982721,0.41869918699187,0.0,0.0,0.0,0.0,0.0
0.5,0.7826086956521721,0.7160493827160508,0.4747191011235954,0.5183585313174945,0.15040650406504066,0.0,0.0,0.0,0.0,0.0
1.0,0.5652173913043441,0.5308641975308674,0.3258426966292136,0.5053995680345572,0.39837398373983746,0.0,0.0,0.0,0.0,0.0
0.0,0.8043478260869534,0.6296296296296333,0.1292134831460674,0.75377969762419,0.10162601626016261,0.0,1.0,0.0,0.0,0.0
1.0,0.4891304347826093,0.5925925925925952,0.2696629213483146,0.7300215982721381,0.4471544715447155,0.0,0.0,0.0,0.0,0.0
1.0,0.9239130434782581,0.827160493827158,0.5814606741573034,0.28725701943844484,0.8252032520325204,0.0,0.0,0.0,0.0,0.0
0.5,0.35869565217391397,0.45679012345679126,0.1853932584269664,0.7645788336933044,0.11382113821138212,0.0,0.0,0.0,0.0,0.0
0.0,0.29347826086956275,0.45679012345679126,0.431179775280899,0.44060475161987034,0.21544715447154475,0.0,0.0,0.0,0.0,0.0
0.0,0.5434782608695627,0.7283950617283992,0.8679775280898878,0.0755939524838013,0.39430894308943093,0.0,0.0,0.0,0.0,0.0
0.0,0.44565217391303946,0.3950617283950635,0.8132022471910114,0.1987041036717062,0.3699186991869919,0.0,0.0,0.0,0.0,0.0
0.5,0.3369565217391255,0.3580246913580325,0.5421348314606742,0.3088552915766738,0.6504065040650407,0.0,0.0,0.0,0.0,0.0
0.0,0.4130434782608674,0.45679012345679126,0.8820224719101122,0.09719222462203025,0.31300813008130085,0.0,0.0,0.0,0.0,0.0
1.0,0.2717391304347814,0.20987654320987303,0.7991573033707866,0.12958963282937364,0.21138211382113822,0.0,0.0,0.0,0.0,0.0
0.5,0.29347826086956275,0.3333333333333357,0.3497191011235954,0.5637149028077754,0.04471544715447155,0.0,0.0,0.0,0.0,0.0
1.0,0.4130434782608674,0.3580246913580325,0.4325842696629214,0.3974082073434124,0.6747967479674798,0.0,0.0,0.0,0.0,0.0
0.5,0.21739130434782084,0.2839506172839492,0.3328651685393258,0.5701943844492441,0.2967479674796748,0.0,0.0,0.0,0.0,0.0
0.5,0.5869565217391255,0.6296296296296333,0.5814606741573034,0.22462203023758098,0.15447154471544716,0.0,0.0,0.0,0.0,0.0
0.0,0.7282608695652115,0.6049382716049436,0.228932584269663,0.7473002159827213,0.7967479674796749,0.0,0.0,0.0,0.0,0.0
0.5,0.5760869565217348,0.46913580246913966,0.467696629213483,0.40820734341252696,0.5772357723577236,0.0,0.0,0.0,0.0,0.0
1.0,0.14130434782608603,0.22222222222222143,0.7738764044943822,0.1490280777537797,0.20325203252032523,0.0,0.0,0.0,0.0,0.0
0.5,0.35869565217391397,0.5432098765432158,0.7556179775280898,0.1533477321814254,0.020325203252032523,0.0,0.0,0.0,0.0,0.0
1.0,0.9239130434782581,0.8518518518518547,0.7036516853932586,0.1987041036717062,0.6788617886178863,0.0,0.0,0.0,0.0,0.0
1.0,0.5326086956521721,0.5679012345679055,0.372191011235955,0.4319654427645788,0.8495934959349595,0.0,0.0,0.0,0.0,0.0
0.0,0.3152173913043441,0.4074074074074119,0.478932584269663,0.41036717062634986,0.40650406504065045,0.0,0.0,0.0,0.0,0.0
1.0,0.2608695652173836,0.4320987654321016,0.7261235955056178,0.1576673866090712,0.7154471544715448,0.0,0.0,0.0,0.0,0.0
1.0,0.891304347826086,0.827160493827158,0.1896067415730338,0.7365010799136069,0.7195121951219513,0.0,0.0,0.0,0.0,0.0
1.0,0.17391304347825098,0.2592592592592595,0.5070224719101122,0.3779697624190065,0.44308943089430897,0.0,0.0,0.0,0.0,0.0
0.5,0.5434782608695627,0.7407407407407405,0.25561797752809,0.7170626349892006,0.459349593495935,0.0,0.0,0.0,0.0,0.0
1.0,0.4891304347826093,0.45679012345679126,0.3370786516853932,0.49244060475161977,0.5040650406504066,0.0,0.0,0.0,0.0,0.0
1.0,0.5652173913043441,0.7654320987654302,0.460674157303371,0.5269978401727862,0.12195121951219513,0.0,0.0,0.0,0.0,0.0
0.5,0.7282608695652115,0.6172839506172849,0.6657303370786518,0.25485961123110146,0.15040650406504066,0.0,0.0,0.0,0.0,0.0
0.5,0.4239130434782581,0.5925925925925952,0.2823033707865168,0.6177105831533478,0.37804878048780494,0.0,0.0,0.0,0.0,0.0
0.5,0.22826086956521152,0.4074074074074119,0.5617977528089886,0.25701943844492436,0.6747967479674798,0.0,0.0,0.0,0.0,0.0
0.0,0.3152173913043441,0.2716049382716008,0.4325842696629214,0.4233261339092873,0.7357723577235773,0.0,0.0,0.0,0.0,0.0
0.5,0.6413043478260789,0.6419753086419746,0.3988764044943822,0.36717062634989195,0.6219512195121952,0.0,0.0,0.0,0.0,0.0
0.5,0.21739130434782084,0.3333333333333357,0.4634831460674158,0.44060475161987034,0.10162601626016261,0.0,0.0,0.0,0.0,0.0
0.5,0.5652173913043441,0.44444444444444997,0.4030898876404494,0.44708423326133895,0.8902439024390245,0.0,0.0,0.0,0.0,0.0
0.5,0.09782608695651618,0.18518518518518334,0.279494382022472,0.6889848812095032,0.8170731707317074,0.0,0.0,0.0,0.0,0.0
0.5,0.7499999999999929,0.7283950617283992,0.6671348314606742,0.24406047516198692,0.3617886178861789,0.0,0.0,0.0,0.0,0.0
0.5,0.5108695652173907,0.518518518518519,0.455056179775281,0.4600431965442764,0.3008130081300813,0.0,0.0,0.0,0.0,0.0
0.5,0.5108695652173907,0.6913580246913611,0.4353932584269662,0.4600431965442764,0.11382113821138212,0.0,0.0,0.0,0.0,0.0
0.5,0.9130434782608674,0.9135802469135825,0.7022471910112358,0.17926565874730016,0.1869918699186992,0.0,0.0,0.0,0.0,0.0
0.5,0.18478260869564878,0.2592592592592595,0.2837078651685394,0.7840172786177104,0.821138211382114,0.0,0.0,0.0,1.0,0.0
0.5,0.9456521739130395,0.9135802469135825,0.396067415730337,0.4514038876889849,0.2804878048780488,0.0,0.0,0.0,0.0,0.0
0.0,0.5217391304347814,0.7037037037037024,0.4705056179775282,0.5788336933045355,0.3536585365853659,0.0,0.0,0.0,0.0,0.0
0.5,0.2717391304347814,0.4320987654321016,0.3047752808988764,0.7948164146868248,0.13821138211382114,0.0,0.0,0.0,0.0,0.0
1.0,0.6956521739130395,0.6790123456790127,0.5337078651685394,0.3110151187904967,0.5650406504065041,0.0,0.0,0.0,0.0,0.0
0.5,0.36956521739129755,0.3456790123456841,0.401685393258427,0.427645788336933,0.2723577235772358,0.0,0.0,0.0,0.0,0.0
0.5,0.6521739130434767,0.5308641975308674,0.5154494382022474,0.4622030237580993,0.8008130081300814,0.0,0.0,0.0,0.0,0.0
0.5,0.5543478260869534,0.7407407407407405,0.1839887640449438,0.8509719222462202,0.6504065040650407,0.0,0.0,0.0,0.0,0.0
0.5,0.3152173913043441,0.3703703703703738,0.3553370786516854,0.6263498920086392,0.10569105691056911,0.0,0.0,0.0,0.0,0.0
1.0,0.4999999999999929,0.6913580246913611,0.3679775280898878,0.4557235421166307,0.6869918699186992,0.0,0.0,0.0,0.0,0.0
0.5,0.7717391304347743,0.5432098765432158,0.3412921348314606,0.5766738660907127,0.38617886178861793,0.0,0.0,0.0,0.0,0.0
1.0,0.5978260869565162,0.8024691358024683,0.675561797752809,0.12095032397408201,0.6097560975609757,0.0,0.0,0.0,0.0,0.0
0.0,0.3913043478260789,0.3580246913580325,0.6179775280898878,0.2354211663066954,0.7317073170731708,0.0,0.0,0.0,0.0,0.0
1.0,0.7499999999999929,0.654320987654323,0.4115168539325842,0.5896328293736499,0.6544715447154472,0.0,0.0,0.0,0.0,0.0
0.5,0.17391304347825098,0.2962962962963047,0.353932584269663,0.5442764578833692,0.2520325203252033,0.0,0.0,0.0,0.0,0.0
1.0,0.14130434782608603,0.22222222222222143,0.419943820224719,0.427645788336933,0.6219512195121952,0.0,0.0,0.0,0.0,0.0
1.0,0.2717391304347814,0.22222222222222143,0.3117977528089888,0.5788336933045355,0.459349593495935,0.0,0.0,0.0,0.0,0.0
0.5,0.5543478260869534,0.6913580246913611,0.5969101123595506,0.32397408207343414,0.4634146341463415,0.0,0.0,0.0,0.0,0.0
1.0,0.8804347826086882,0.7654320987654302,0.4592696629213482,0.47732181425485964,0.14634146341463417,0.0,0.0,0.0,0.0,0.0
1.0,0.2717391304347814,0.20987654320987303,0.2064606741573034,0.6825053995680346,0.7439024390243903,0.0,0.0,0.0,0.0,0.0
0.5,0.6739130434782581,0.6296296296296333,0.3286516853932584,0.6393088552915767,0.020325203252032523,0.0,0.0,0.0,0.0,0.0
1.0,0.2391304347826022,0.3580246913580325,0.4058988764044942,0.5356371490280777,0.8048780487804879,0.0,0.0,0.0,0.0,0.0
1.0,0.30434782608695343,0.3703703703703738,0.1853932584269664,0.792656587473002,0.23983739837398377,0.0,0.0,0.0,0.0,0.0
0.5,0.2717391304347814,0.2592592592592595,0.8117977528089886,0.19006479481641458,0.5203252032520326,0.0,0.0,0.0,0.0,0.0
1.0,0.4130434782608674,0.5802469135802468,0.3356741573033708,0.630669546436285,0.2804878048780488,0.0,0.0,0.0,0.0,0.0
1.0,0.9565217391304373,0.9382716049382722,0.6980337078651686,0.1987041036717062,0.6422764227642277,0.0,0.0,0.0,0.0,0.0
0.5,0.7499999999999929,0.6296296296296333,0.3581460674157302,0.4600431965442764,0.2682926829268293,0.0,0.0,0.0,0.0,0.0
1.0,0.5869565217391255,0.46913580246913966,0.3679775280898878,0.5680345572354211,0.0975609756097561,0.0,0.0,0.0,0.0,0.0
0.0,0.17391304347825098,0.22222222222222143,0.300561797752809,0.609071274298056,0.0894308943089431,0.0,0.0,0.0,0.0,0.0
0.5,0.3913043478260789,0.3950617283950635,0.3356741573033708,0.593952483801296,0.06097560975609757,0.0,0.0,0.0,0.0,0.0
0.5,0.22826086956521152,0.308641975308646,0.491573033707865,0.37365010799136056,0.467479674796748,0.0,0.0,0.0,0.0,0.0
1.0,0.38043478260869534,0.5061728395061778,0.431179775280899,0.39956803455723544,0.5162601626016261,0.0,0.0,0.0,0.0,0.0
1.0,0.8260869565217348,0.827160493827158,0.3342696629213484,0.5593952483801296,0.83739837398374,0.0,0.0,0.0,0.0,0.0
0.5,0.891304347826086,0.7283950617283992,0.396067415730337,0.6177105831533478,0.24390243902439027,0.0,0.0,0.0,0.0,0.0
0.5,0.28260869565216495,0.19753086419753174,0.4480337078651686,0.35853131749460043,0.04878048780487805,0.0,0.0,0.0,0.0,0.0
0.5,0.36956521739129755,0.46913580246913966,0.6882022471910114,0.2311015118790497,0.5731707317073171,0.0,0.0,0.0,0.0,0.0
0.5,0.45652173913043015,0.45679012345679126,0.5884831460674158,0.24622030237580994,0.7845528455284554,0.0,0.0,0.0,0.0,0.0
0.5,0.6195652173912976,0.7037037037037024,0.4185393258426966,0.3758099352051836,0.7845528455284554,0.0,0.0,0.0,0.0,0.0
0.5,0.5543478260869534,0.7654320987654302,0.4115168539325842,0.6177105831533478,0.7682926829268294,0.0,0.0,0.0,0.0,0.0
1.0,0.17391304347825098,0.2592592592592595,0.2935393258426966,0.5140388768898487,0.0,0.0,0.0,0.0,0.0,0.0
1.0,0.3260869565217348,0.2716049382716008,0.4241573033707866,0.4730021598272137,0.475609756097561,0.0,0.0,0.0,0.0,0.0
0.5,0.7173913043478208,0.6172839506172849,0.7500000000000002,0.14470842332613387,0.10975609756097562,0.0,0.0,0.0,0.0,0.0
1.0,0.2717391304347814,0.2592592592592595,0.178370786516854,0.8164146868250539,0.28455284552845533,0.0,0.0,0.0,0.0,0.0
0.5,0.6195652173912976,0.654320987654323,0.3075842696629214,0.7602591792656586,0.39837398373983746,0.0,0.0,0.0,0.0,0.0
0.5,0.5326086956521721,0.5802469135802468,0.877808988764045,0.12311015118790491,0.14227642276422767,0.0,0.0,0.0,0.0,0.0
1.0,0.3152173913043441,0.3950617283950635,0.324438202247191,0.5226781857451402,0.2764227642276423,0.0,0.0,0.0,0.0,0.0
0.5,0.5869565217391255,0.654320987654323,0.2724719101123596,0.6436285097192225,0.5040650406504066,0.0,0.0,0.0,0.0,0.0
0.5,0.3913043478260789,0.5308641975308674,0.419943820224719,0.4535637149028078,0.33333333333333337,0.0,0.0,0.0,0.0,0.0
1.0,0.4999999999999929,0.5802469135802468,0.2584269662921348,0.7170626349892006,0.8170731707317074,0.0,0.0,0.0,0.0,0.0
0.5,0.7282608695652115,0.654320987654323,0.5154494382022474,0.32613390928725705,0.7479674796747968,0.0,0.0,0.0,0.0,0.0
0.5,0.4891304347826093,0.6296296296296333,0.3174157303370786,0.6868250539956802,0.6260162601626017,0.0,0.0,0.0,0.0,0.0
1.0,0.44565217391303946,0.3703703703703738,0.4269662921348314,0.7019438444924406,0.8333333333333334,0.0,0.0,0.0,0.0,0.0
0.5,0.5543478260869534,0.7654320987654302,0.9620786516853934,0.025917926565874716,0.3739837398373984,0.0,0.0,0.0,0.0,0.0
1.0,0.21739130434782084,0.3209876543209944,0.6657303370786518,0.2375809935205183,0.032520325203252036,0.0,0.0,0.0,0.0,0.0
0.5,0.6195652173912976,0.654320987654323,0.5196629213483146,0.33909287257019427,0.10569105691056911,0.0,0.0,0.0,0.0,0.0
0.5,0.38043478260869534,0.3580246913580325,0.5842696629213482,0.2786177105831533,0.410569105691057,0.0,0.0,0.0,0.0,0.0
0.5,0.38043478260869534,0.5432098765432158,0.6601123595505618,0.22030237580993517,0.48373983739837406,0.0,0.0,0.0,0.0,0.0
0.0,0.22826086956521152,0.3703703703703738,0.196629213483146,0.6695464362850971,0.5284552845528456,0.0,0.0,0.0,0.0,0.0
0.0,0.7826086956521721,0.7160493827160508,0.622191011235955,0.3434125269978401,0.1788617886178862,0.0,0.0,0.0,0.0,0.0
1.0,0.5869565217391255,0.7407407407407405,0.443820224719101,0.40604751619870405,0.012195121951219513,0.0,0.0,0.0,0.0,0.0
0.5,0.44565217391303946,0.3703703703703738,0.4620786516853934,0.36933045356371497,0.5121951219512195,0.0,0.0,0.0,0.0,0.0
0.5,0.22826086956521152,0.3580246913580325,0.6348314606741574,0.22462203023758098,0.6463414634146342,0.0,0.0,0.0,0.0,0.0
0.5,0.29347826086956275,0.308641975308646,0.4297752808988766,0.43844492440604743,0.04471544715447155,0.0,0.0,0.0,0.0,0.0
0.5,0.5760869565217348,0.5308641975308674,0.4522471910112358,0.3412526997840172,0.38617886178861793,0.0,0.0,0.0,0.0,0.0
0.5,0.9239130434782581,0.8395061728395063,0.2598314606741574,0.7019438444924406,0.5,0.0,0.0,0.0,0.0,0.0
1.0,0.22826086956521152,0.3456790123456841,0.5379213483146066,0.24406047516198692,0.3089430894308943,0.0,0.0,0.0,0.0,0.0
0.5,0.891304347826086,0.827160493827158,0.2907303370786518,0.5874730021598271,0.6666666666666667,0.0,0.0,0.0,0.0,0.0
0.5,0.4130434782608674,0.5802469135802468,0.4719101123595506,0.5442764578833692,0.3739837398373984,0.0,0.0,0.0,0.0,0.0
1.0,0.7391304347826093,0.5308641975308674,0.4887640449438202,0.386609071274298,0.6544715447154472,0.0,0.0,0.0,0.0,0.0
0.5,0.36956521739129755,0.3456790123456841,0.2696629213483146,0.5680345572354211,0.1951219512195122,0.0,0.0,0.0,0.0,0.0
1.0,0.7934782608695627,0.5925925925925952,0.478932584269663,0.29373650107991367,0.8292682926829269,0.0,0.0,0.0,0.0,0.0
0.5,0.5760869565217348,0.7160493827160508,0.3876404494382022,0.5809935205183585,0.25609756097560976,0.0,0.0,0.0,0.0,0.0
1.0,0.2391304347826022,0.3703703703703738,0.7219101123595506,0.17278617710583155,0.43495934959349597,0.0,0.0,0.0,0.0,0.0
1.0,0.6413043478260789,0.6172839506172849,0.5056179775280898,0.2764578833693304,0.1626016260162602,0.0,0.0,0.0,0.0,0.0
1.0,0.2608695652173836,0.49382716049382935,0.6980337078651686,0.21814254859611226,0.6829268292682927,0.0,0.0,0.0,0.0,0.0
0.5,0.45652173913043015,0.45679012345679126,0.2907303370786518,0.83585313174946,0.7926829268292683,0.0,0.0,0.0,1.0,0.0
0.5,0.3260869565217348,0.3827160493827222,0.8202247191011238,0.1555075593952484,0.6829268292682927,0.0,0.0,0.0,0.0,0.0
0.5,0.7391304347826093,0.654320987654323,0.2542134831460674,0.6457883369330453,0.8333333333333334,0.0,0.0,0.0,0.0,0.0
0.5,0.5760869565217348,0.6049382716049436,0.4648876404494382,0.4190064794816414,0.3536585365853659,0.0,0.0,0.0,0.0,0.0
0.5,0.3260869565217348,0.3580246913580325,0.5632022471910114,0.1987041036717062,0.6585365853658537,0.0,0.0,0.0,0.0,0.0
0.5,0.7934782608695627,0.654320987654323,0.497191011235955,0.33261339092872566,0.3699186991869919,0.0,0.0,0.0,0.0,0.0
0.5,0.6630434782608603,0.5679012345679055,0.2682584269662922,0.593952483801296,0.7154471544715448,0.0,0.0,0.0,0.0,0.0
1.0,0.28260869565216495,0.3456790123456841,0.1643258426966292,0.710583153347732,0.6991869918699187,0.0,0.0,0.0,0.0,0.0
0.0,0.28260869565216495,0.3703703703703738,0.508426966292135,0.3412526997840172,0.48780487804878053,0.0,0.0,0.0,0.0,0.0
0.5,0.6304347826086953,0.6913580246913611,0.4424157303370786,0.3779697624190065,0.04471544715447155,0.0,0.0,0.0,0.0,0.0
1.0,0.6956521739130395,0.518518518518519,0.3525280898876406,0.6004319654427646,0.7682926829268294,0.0,0.0,0.0,0.0,0.0
1.0,0.4999999999999929,0.4320987654321016,0.5000000000000002,0.4989200863930886,0.5365853658536586,0.0,0.0,0.0,0.0,0.0
1.0,0.043478260869562746,0.07407407407407618,0.2303370786516854,0.6544276457883369,0.1869918699186992,0.0,0.0,0.0,0.0,0.0
1.0,0.5978260869565162,0.6172839506172849,0.377808988764045,0.4946004319654427,0.5650406504065041,0.0,0.0,0.0,0.0,0.0
0.5,0.30434782608695343,0.24691358024691112,0.6558988764044942,0.3023758099352052,0.5609756097560976,0.0,0.0,0.0,0.0,0.0
0.5,0.8043478260869534,0.790123456790127,0.5870786516853934,0.32613390928725705,0.12601626016260165,0.0,0.0,0.0,0.0,0.0
1.0,0.6195652173912976,0.5061728395061778,0.5772471910112358,0.2375809935205183,0.5813008130081302,0.0,0.0,0.0,0.0,0.0
0.5,0.35869565217391397,0.4074074074074119,0.401685393258427,0.5593952483801296,0.016260162601626018,0.0,0.0,0.0,0.0,0.0
0.5,0.5543478260869534,0.48148148148148806,0.1910112359550562,0.6047516198704104,0.10569105691056911,0.0,0.0,0.0,0.0,0.0
0.5,0.4130434782608674,0.3456790123456841,0.7106741573033706,0.25917926565874727,0.7804878048780488,0.0,0.0,0.0,0.0,0.0
0.5,0.2391304347826022,0.3950617283950635,0.3974719101123594,0.4946004319654427,0.06097560975609757,0.0,0.0,0.0,0.0,0.0
0.5,0.6521739130434767,0.654320987654323,0.5042134831460674,0.29157667386609065,0.3252032520325204,0.0,0.0,0.0,0.0,0.0
0.5,0.44565217391303946,0.6172839506172849,0.5168539325842698,0.4557235421166307,0.012195121951219513,0.0,0.0,0.0,0.0,0.0
1.0,0.6086956521739069,0.6296296296296333,0.3075842696629214,0.6047516198704104,0.0894308943089431,0.0,0.0,0.0,0.0,0.0
0.0,0.5326086956521721,0.7160493827160508,0.3806179775280898,0.49028077753779686,0.3577235772357724,0.0,0.0,0.0,0.0,0.0
0.5,0.45652173913043015,0.5308641975308674,0.2752808988764046,0.6544276457883369,0.3455284552845529,0.0,0.0,0.0,0.0,0.0
0.5,0.38043478260869534,0.3333333333333357,0.4227528089887642,0.41252699784017277,0.032520325203252036,0.0,0.0,0.0,0.0,0.0
0.5,0.5217391304347814,0.49382716049382935,0.4185393258426966,0.3844492440604751,0.13821138211382114,0.0,0.0,0.0,0.0,0.0
0.5,0.9347826086956488,0.864197530864196,0.8511235955056178,0.09287257019438444,0.6626016260162603,0.0,0.0,0.0,0.0,0.0
0.5,0.25,0.3209876543209944,0.8890449438202246,0.1879049676025918,0.4308943089430895,0.0,0.0,0.0,0.0,0.0
0.5,0.4239130434782581,0.5432098765432158,0.4929775280898878,0.3801295896328294,0.04065040650406505,0.0,0.0,0.0,0.0,0.0
0.5,0.22826086956521152,0.3209876543209944,0.2303370786516854,0.5550755939524836,0.17479674796747968,0.0,0.0,0.0,0.0,0.0
1.0,0.6086956521739069,0.7160493827160508,0.9171348314606742,0.036717062634989195,0.04878048780487805,0.0,0.0,0.0,0.0,0.0
0.0,0.38043478260869534,0.4074074074074119,0.4410112359550562,0.5118790496760258,0.5975609756097562,0.0,0.0,0.0,0.0,0.0
1.0,0.35869565217391397,0.49382716049382935,0.1362359550561798,0.9503239740820733,0.2886178861788618,0.0,0.0,0.0,0.0,0.0
0.5,0.19565217391303946,0.3209876543209944,0.3089887640449438,0.7343412526997839,0.7276422764227644,0.0,0.0,0.0,0.0,0.0
1.0,0.30434782608695343,0.2716049382716008,0.3932584269662922,0.5874730021598271,0.83739837398374,0.0,0.0,0.0,0.0,0.0
0.5,0.6956521739130395,0.5925925925925952,0.5393258426966294,0.41036717062634986,0.4634146341463415,0.0,0.0,0.0,0.0,0.0
0.5,0.4021739130434767,0.3703703703703738,0.2991573033707866,0.6155507559395248,0.0,0.0,0.0,0.0,0.0,0.0
0.5,0.9021739130434767,0.8888888888888857,0.4171348314606742,0.4600431965442764,0.5487804878048781,0.0,0.0,0.0,0.0,0.0
0.5,0.5978260869565162,0.7777777777777786,0.4129213483146066,0.37149028077753765,0.6666666666666667,0.0,0.0,0.0,0.0,0.0
0.5,0.8695652173913047,0.790123456790127,0.330056179775281,0.531317494600432,0.3373983739837399,0.0,0.0,0.0,0.0,0.0
0.5,0.30434782608695343,0.2592592592592595,0.3230337078651686,0.7343412526997839,0.459349593495935,0.0,0.0,0.0,0.0,0.0
0.5,0.6847826086956488,0.6296296296296333,0.2935393258426966,0.48164146868250535,0.012195121951219513,0.0,0.0,0.0,0.0,0.0
0.5,0.6956521739130395,0.654320987654323,0.4831460674157302,0.47732181425485964,0.5853658536585367,0.0,0.0,0.0,0.0,0.0
1.0,0.6739130434782581,0.6049382716049436,0.3707865168539326,0.4708423326133908,0.5691056910569107,0.0,0.0,0.0,0.0,0.0
0.5,0.5217391304347814,0.44444444444444997,0.9241573033707866,0.06263498920086391,0.508130081300813,0.0,0.0,0.0,0.0,0.0
1.0,0.4347826086956488,0.3333333333333357,0.4002808988764046,0.47732181425485964,0.3373983739837399,0.0,0.0,0.0,0.0,0.0
0.0,0.6086956521739069,0.6172839506172849,0.6643258426966294,0.22894168466522669,0.8130081300813009,0.0,0.0,0.0,0.0,0.0
1.0,0.6086956521739069,0.6296296296296333,0.5842696629213482,0.2786177105831533,0.02845528455284553,0.0,0.0,0.0,0.0,0.0
0.5,0.5760869565217348,0.5679012345679055,0.4227528089887642,0.4514038876889849,0.8658536585365855,0.0,0.0,0.0,0.0,0.0
0.5,0.9021739130434767,0.9012345679012341,0.550561797752809,0.3930885529157666,0.21951219512195125,0.0,0.0,0.0,0.0,0.0
0.0,0.3913043478260789,0.48148148148148806,0.5098314606741574,0.32829373650107985,0.7723577235772359,0.0,0.0,0.0,0.0,0.0
0.5,0.6195652173912976,0.5925925925925952,0.2752808988764046,0.8034557235421165,0.8292682926829269,0.0,0.0,0.0,1.0,0.0
0.5,0.4347826086956488,0.3580246913580325,0.4087078651685394,0.6371490280777536,0.7764227642276423,0.0,0.0,0.0,0.0,0.0
0.5,0.6521739130434767,0.6419753086419746,0.5379213483146066,0.28077753779697623,0.33333333333333337,0.0,0.0,0.0,0.0,0.0
0.5,0.4130434782608674,0.3580246913580325,0.6011235955056178,0.24406047516198692,0.6544715447154472,0.0,0.0,0.0,0.0,0.0
0.5,0.4347826086956488,0.4197530864197603,0.633426966292135,0.36069114470842323,0.2520325203252033,0.0,0.0,0.0,0.0,0.0
1.0,0.4239130434782581,0.3209876543209944,0.2542134831460674,0.6846652267818574,0.42276422764227645,0.0,0.0,0.0,0.0,0.0
0.5,0.3913043478260789,0.3703703703703738,0.7640449438202246,0.20086393088552912,0.47154471544715454,0.0,0.0,0.0,0.0,0.0
0.5,0.4130434782608674,0.3950617283950635,0.7064606741573034,0.20518358531317493,0.4390243902439025,0.0,0.0,0.0,0.0,0.0
0.5,0.6195652173912976,0.7777777777777786,0.3707865168539326,0.36069114470842323,0.12601626016260165,0.0,0.0,0.0,0.0,0.0
0.5,0.19565217391303946,0.3333333333333357,0.7162921348314606,0.20302375809935203,0.40650406504065045,0.0,0.0,0.0,0.0,0.0
1.0,0.3260869565217348,0.2592592592592595,0.2935393258426966,0.6544276457883369,0.410569105691057,0.0,0.0,0.0,0.0,0.0
0.5,0.3152173913043441,0.2592592592592595,0.6235955056179774,0.24622030237580994,0.2601626016260163,0.0,0.0,0.0,0.0,0.0
0.5,0.6739130434782581,0.5925925925925952,0.484550561797753,0.3369330453563715,0.8048780487804879,0.0,0.0,0.0,0.0,0.0
1.0,0.5543478260869534,0.45679012345679126,0.2514044943820224,0.47516198704103674,0.7398373983739838,0.0,0.0,0.0,0.0,0.0
1.0,0.6847826086956488,0.6172839506172849,0.3848314606741574,0.5982721382289415,0.02845528455284553,0.0,0.0,0.0,0.0,0.0
0.5,0.9456521739130395,0.9259259259259238,0.6067415730337078,0.3822894168466522,0.5162601626016261,0.0,0.0,0.0,0.0,0.0
1.0,0.4999999999999929,0.45679012345679126,0.4213483146067414,0.3887688984881209,0.7845528455284554,0.0,0.0,0.0,0.0,0.0
1.0,0.5326086956521721,0.7283950617283992,0.7977528089887642,0.17062634989200864,0.6585365853658537,0.0,0.0,0.0,0.0,0.0
0.5,0.7499999999999929,0.6666666666666714,0.4030898876404494,0.4211663066954643,0.39430894308943093,0.0,0.0,0.0,0.0,0.0
0.5,0.28260869565216495,0.22222222222222143,0.5884831460674158,0.3930885529157666,0.08536585365853659,0.0,0.0,0.0,0.0,0.0
0.5,0.35869565217391397,0.5308641975308674,0.4691011235955058,0.4557235421166307,0.2601626016260163,0.0,0.0,0.0,0.0,0.0
0.5,0.6630434782608603,0.518518518518519,0.10674157303370779,0.9460043196544274,0.0813008130081301,0.0,1.0,0.0,0.0,0.0
1.0,0.7065217391304301,0.6296296296296333,0.4564606741573034,0.40388768898488114,0.3902439024390244,0.0,0.0,0.0,0.0,0.0
0.5,0.18478260869564878,0.2716049382716008,0.3553370786516854,0.5961123110151187,0.7764227642276423,0.0,0.0,0.0,0.0,0.0
1.0,0.4130434782608674,0.3456790123456841,0.5674157303370786,0.33477321814254857,0.008130081300813009,0.0,0.0,0.0,0.0,0.0
0.5,0.4999999999999929,0.5802469135802468,0.3314606741573034,0.5529157667386609,0.7235772357723578,0.0,0.0,0.0,0.0,0.0
0.5,0.4239130434782581,0.3703703703703738,0.4339887640449438,0.3822894168466522,0.3699186991869919,0.0,0.0,0.0,0.0,0.0
1.0,0.35869565217391397,0.45679012345679126,0.3946629213483146,0.36285097192224613,0.7276422764227644,0.0,0.0,0.0,0.0,0.0
0.5,0.8152173913043441,0.827160493827158,0.657303370786517,0.1490280777537797,0.8130081300813009,0.0,0.0,0.0,0.0,0.0
0.0,0.9565217391304373,0.9259259259259238,0.5660112359550562,0.3131749460043196,0.5650406504065041,0.0,0.0,0.0,0.0,0.0
0.5,0.5217391304347814,0.7160493827160508,0.5140449438202246,0.3153347732181425,0.7682926829268294,0.0,0.0,0.0,0.0,0.0
0.5,0.21739130434782084,0.3580246913580325,0.2457865168539326,0.593952483801296,0.4471544715447155,0.0,0.0,0.0,0.0,0.0
0.5,0.2391304347826022,0.3950617283950635,0.401685393258427,0.5161987041036716,0.7520325203252033,0.0,0.0,0.0,0.0,0.0
0.5,0.8804347826086882,0.7160493827160508,0.9775280898876406,0.025917926565874716,0.3170731707317074,0.0,0.0,0.0,0.0,0.0
0.5,0.5760869565217348,0.5802469135802468,0.5238764044943822,0.3801295896328294,0.49593495934959353,0.0,0.0,0.0,0.0,0.0
0.0,0.7499999999999929,0.6419753086419746,0.3258426966292136,0.611231101511879,0.7520325203252033,0.0,0.0,0.0,0.0,0.0
0.0,0.5978260869565162,0.790123456790127,0.4831460674157302,0.32397408207343414,0.6666666666666667,0.0,0.0,0.0,0.0,0.0
0.0,0.44565217391303946,0.4197530864197603,0.5112359550561798,0.44924406047516185,0.20325203252032523,0.0,0.0,0.0,0.0,0.0
0.5,0.22826086956521152,0.3333333333333357,0.2935393258426966,0.6393088552915767,0.7073170731707318,0.0,0.0,0.0,0.0,0.0
1.0,0.29347826086956275,0.2592592592592595,0.4339887640449438,0.43412526997840173,0.8008130081300814,0.0,0.0,0.0,0.0,0.0
0.5,0.6195652173912976,0.7160493827160508,0.366573033707865,0.42548596112311,0.8008130081300814,0.0,0.0,0.0,0.0,0.0
1.0,0.18478260869564878,0.2716049382716008,0.321629213483146,0.5896328293736499,0.4552845528455285,0.0,0.0,0.0,0.0,0.0
0.5,0.7934782608695627,0.8024691358024683,0.7191011235955058,0.1511879049676026,0.13008130081300814,0.0,0.0,0.0,0.0,0.0
1.0,0.5760869565217348,0.6049382716049436,0.342696629213483,0.7062634989200862,0.30487804878048785,0.0,0.0,0.0,0.0,0.0
0.0,0.5869565217391255,0.48148148148148806,0.3089887640449438,0.673866090712743,0.7073170731707318,0.0,0.0,0.0,0.0,0.0
0.5,0.4130434782608674,0.3456790123456841,0.2640449438202248,0.7645788336933044,0.6463414634146342,0.0,0.0,0.0,0.0,0.0
0.5,0.7282608695652115,0.5061728395061778,0.7275280898876406,0.1533477321814254,0.016260162601626018,0.0,0.0,0.0,0.0,0.0
0.5,0.5326086956521721,0.7530864197530889,0.2752808988764046,0.6673866090712743,0.1869918699186992,0.0,0.0,0.0,0.0,0.0
0.5,0.30434782608695343,0.45679012345679126,0.300561797752809,0.6069114470842332,0.25609756097560976,0.0,0.0,0.0,0.0,0.0
0.5,0.5869565217391255,0.6666666666666714,0.3412921348314606,0.5637149028077754,0.39430894308943093,0.0,0.0,0.0,0.0,0.0
0.5,0.3913043478260789,0.3333333333333357,0.1657303370786518,0.6695464362850971,0.5609756097560976,0.0,0.0,0.0,0.0,0.0
0.5,0.25,0.3333333333333357,0.3146067415730338,0.7580993520518358,0.34959349593495936,0.0,0.0,0.0,0.0,0.0
0.5,0.03260869565217206,0.03703703703703809,0.3314606741573034,0.6695464362850971,0.02845528455284553,0.0,0.0,0.0,0.0,0.0
0.5,0.6413043478260789,0.827160493827158,0.273876404494382,0.8401727861771058,0.38617886178861793,0.0,0.0,0.0,0.0,0.0
0.5,0.6956521739130395,0.6419753086419746,0.5969101123595506,0.2786177105831533,0.6504065040650407,0.0,0.0,0.0,0.0,0.0
1.0,0.6630434782608603,0.6666666666666714,0.8075842696629214,0.11447084233261329,0.3577235772357724,0.0,0.0,0.0,0.0,0.0
0.5,0.30434782608695343,0.24691358024691112,0.4382022471910114,0.6047516198704104,0.451219512195122,0.0,0.0,0.0,0.0,0.0
0.5,0.9456521739130395,0.9012345679012341,0.502808988764045,0.5572354211663066,0.2601626016260163,0.0,0.0,0.0,0.0,0.0
0.0,0.21739130434782084,0.3333333333333357,0.9564606741573034,0.06479481641468682,0.3658536585365854,0.0,0.0,0.0,0.0,0.0
0.5,0.8369565217391255,0.6913580246913611,0.3974719101123594,0.4946004319654427,0.853658536585366,0.0,0.0,0.0,0.0,0.0
0.0,0.4347826086956488,0.3827160493827222,0.300561797752809,0.5464362850971921,0.7764227642276423,0.0,0.0,0.0,0.0,0.0
1.0,0.7499999999999929,0.7283950617283992,0.2752808988764046,0.49244060475161977,0.052845528455284556,0.0,0.0,0.0,0.0,0.0
1.0,0.3152173913043441,0.3950617283950635,0.5646067415730338,0.3066954643628509,0.13414634146341464,0.0,0.0,0.0,0.0,0.0
1.0,0.5434782608695627,0.7283950617283992,0.247191011235955,0.7343412526997839,0.32926829268292684,0.0,0.0,0.0,0.0,0.0
1.0,0.38043478260869534,0.49382716049382935,0.4129213483146066,0.6133909287257018,0.5609756097560976,0.0,0.0,0.0,0.0,0.0
0.0,0.5869565217391255,0.6913580246913611,0.2682584269662922,0.712742980561555,0.2682926829268293,0.0,0.0,0.0,0.0,0.0
1.0,0.30434782608695343,0.4074074074074119,0.6713483146067414,0.3909287257019438,0.33333333333333337,0.0,0.0,0.0,0.0,0.0
0.5,0.46739130434782794,0.5555555555555571,0.568820224719101,0.3023758099352052,0.15447154471544716,0.0,0.0,0.0,0.0,0.0
1.0,0.6739130434782581,0.5925925925925952,0.6179775280898878,0.28941684665226775,0.6382113821138212,0.0,0.0,0.0,0.0,0.0
0.5,0.21739130434782084,0.3456790123456841,0.3019662921348314,0.8704103671706263,0.04878048780487805,0.0,0.0,0.0,0.0,0.0
0.5,0.2391304347826022,0.3827160493827222,0.5898876404494382,0.35853131749460043,0.7479674796747968,0.0,0.0,0.0,0.0,0.0
0.5,0.44565217391303946,0.4074074074074119,0.3553370786516854,0.6004319654427646,0.30487804878048785,0.0,0.0,0.0,0.0,0.0
0.5,0.6086956521739069,0.6296296296296333,0.419943820224719,0.36501079913606904,0.020325203252032523,0.0,0.0,0.0,0.0,0.0
0.5,0.6304347826086953,0.5925925925925952,0.1980337078651686,0.6976241900647948,0.6951219512195123,0.0,0.0,0.0,0.0,0.0
0.5,0.18478260869564878,0.3209876543209944,0.303370786516854,0.8401727861771058,0.5487804878048781,0.0,0.0,0.0,0.0,0.0
0.5,0.7499999999999929,0.6419753086419746,0.5912921348314606,0.44060475161987034,0.2764227642276423,0.0,0.0,0.0,0.0,0.0
1.0,0.4782608695652115,0.4197530864197603,0.5519662921348314,0.3520518358531317,0.6056910569105691,0.0,0.0,0.0,0.0,0.0
1.0,0.7608695652173907,0.6913580246913611,0.366573033707865,0.4967602591792656,0.467479674796748,0.0,0.0,0.0,0.0,0.0
1.0,0.6847826086956488,0.6172839506172849,0.8848314606741574,0.09719222462203025,0.853658536585366,0.0,0.0,0.0,0.0,0.0
0.5,0.4999999999999929,0.4320987654321016,0.6671348314606742,0.3174946004319653,0.06504065040650407,0.0,0.0,0.0,0.0,0.0
1.0,0.5543478260869534,0.5555555555555571,0.603932584269663,0.36285097192224613,0.9390243902439025,0.0,0.0,0.0,0.0,0.0
0.5,0.3478260869565162,0.46913580246913966,0.5421348314606742,0.4514038876889849,0.6219512195121952,0.0,0.0,0.0,0.0,0.0
0.5,0.35869565217391397,0.44444444444444997,0.693820224719101,0.23974082073434122,0.7317073170731708,0.0,0.0,0.0,0.0,0.0
1.0,0.7608695652173907,0.7160493827160508,0.6896067415730338,0.21382289416846645,0.04878048780487805,0.0,0.0,0.0,0.0,0.0
0.5,0.5434782608695627,0.7283950617283992,0.2682584269662922,0.5896328293736499,0.8008130081300814,0.0,0.0,0.0,0.0,0.0
0.5,0.38043478260869534,0.5061728395061778,0.5842696629213482,0.29157667386609065,0.5325203252032521,0.0,0.0,0.0,0.0,0.0
1.0,0.5217391304347814,0.44444444444444997,0.3651685393258426,0.6522678185745139,0.7967479674796749,0.0,0.0,0.0,0.0,0.0
1.0,0.30434782608695343,0.2962962962963047,0.377808988764045,0.44708423326133895,0.22764227642276424,0.0,0.0,0.0,0.0,0.0
0.5,0.7391304347826093,0.6913580246913611,0.633426966292135,0.2267818574514039,0.20325203252032523,0.0,0.0,0.0,0.0,0.0
0.5,0.4021739130434767,0.3580246913580325,0.205056179775281,0.8725701943844493,0.48780487804878053,0.0,0.0,0.0,0.0,0.0
0.5,0.7826086956521721,0.5679012345679055,0.5632022471910114,0.33261339092872566,0.6422764227642277,0.0,0.0,0.0,0.0,0.0
0.5,0.9021739130434767,0.8765432098765444,0.7275280898876406,0.2311015118790497,0.04878048780487805,0.0,0.0,0.0,0.0,0.0
0.5,0.7065217391304301,0.6296296296296333,0.4522471910112358,0.4557235421166307,0.13414634146341464,0.0,0.0,0.0,0.0,0.0
0.0,0.4239130434782581,0.3703703703703738,0.372191011235955,0.6760259179265657,0.7032520325203253,0.0,0.0,0.0,0.0,0.0
0.5,0.3260869565217348,0.3580246913580325,0.5435393258426966,0.3174946004319653,0.7113821138211383,0.0,0.0,0.0,0.0,0.0
0.5,0.18478260869564878,0.2962962962963047,0.2514044943820224,0.6997840172786176,0.8658536585365855,0.0,0.0,0.0,1.0,0.0
0.5,0.6521739130434767,0.5679012345679055,0.622191011235955,0.24190064794816413,0.7317073170731708,0.0,0.0,0.0,0.0,0.0
1.0,0.4130434782608674,0.5432098765432158,0.321629213483146,0.5248380129589632,0.0975609756097561,0.0,0.0,0.0,0.0,0.0
0.5,0.4130434782608674,0.308641975308646,0.5407303370786518,0.28509719222462193,0.5,0.0,0.0,0.0,0.0,0.0
0.5,0.5978260869565162,0.49382716049382935,0.2668539325842696,0.5464362850971921,0.7276422764227644,0.0,0.0,0.0,0.0,0.0
0.0,0.5652173913043441,0.44444444444444997,0.4044943820224718,0.5421166306695464,0.9065040650406505,0.0,0.0,0.0,0.0,0.0
0.5,0.5326086956521721,0.7160493827160508,0.484550561797753,0.3455723542116631,0.508130081300813,0.0,0.0,0.0,0.0,0.0
0.5,0.4239130434782581,0.6049382716049436,0.6910112359550562,0.28509719222462193,0.11382113821138212,0.0,0.0,0.0,0.0,0.0
0.5,0.6630434782608603,0.6666666666666714,0.3918539325842698,0.36717062634989195,0.16666666666666669,0.0,0.0,0.0,0.0,0.0
0.5,0.5326086956521721,0.6913580246913611,0.4269662921348314,0.36285097192224613,0.2886178861788618,0.0,0.0,0.0,0.0,0.0
0.5,0.38043478260869534,0.5061728395061778,0.4241573033707866,0.48164146868250535,0.3008130081300813,0.0,0.0,0.0,0.0,0.0
0.5,0.18478260869564878,0.23456790123456983,0.550561797752809,0.37365010799136056,0.39837398373983746,0.0,0.0,0.0,0.0,0.0
0.0,0.7282608695652115,0.6419753086419746,0.6966292134831462,0.1922246220302375,0.902439024390244,0.0,0.0,0.0,0.0,0.0
0.5,0.6521739130434767,0.5432098765432158,0.1207865168539326,0.792656587473002,0.7926829268292683,0.0,0.0,0.0,1.0,0.0
0.0,0.36956521739129755,0.44444444444444997,0.3075842696629214,0.5442764578833692,0.7723577235772359,0.0,0.0,0.0,0.0,0.0
0.5,0.6521739130434767,0.6049382716049436,0.3764044943820226,0.5917926565874729,0.17073170731707318,0.0,0.0,0.0,0.0,0.0
1.0,0.7173913043478208,0.48148148148148806,0.359550561797753,0.4665226781857451,0.8170731707317074,0.0,0.0,0.0,0.0,0.0
1.0,0.6195652173912976,0.6172839506172849,0.4691011235955058,0.43412526997840173,0.6951219512195123,0.0,0.0,0.0,0.0,0.0
0.5,0.38043478260869534,0.3580246913580325,0.967696629213483,0.05183585313174943,0.33333333333333337,0.0,0.0,0.0,0.0,0.0
0.5,0.5543478260869534,0.49382716049382935,0.7148876404494382,0.1576673866090712,0.467479674796748,0.0,0.0,0.0,0.0,0.0
0.0,0.4999999999999929,0.6790123456790127,0.2542134831460674,0.6371490280777536,0.20325203252032523,0.0,0.0,0.0,0.0,0.0
0.0,0.38043478260869534,0.518518518518519,0.359550561797753,0.5421166306695464,0.1626016260162602,0.0,0.0,0.0,0.0,0.0
0.5,0.6739130434782581,0.6419753086419746,0.5575842696629214,0.263498920086393,0.04471544715447155,0.0,0.0,0.0,0.0,0.0
0.5,0.3152173913043441,0.2592592592592595,0.484550561797753,0.2375809935205183,0.7886178861788619,0.0,0.0,0.0,0.0,0.0
1.0,0.20652173913043015,0.308641975308646,0.3117977528089888,0.48380129589632825,0.8292682926829269,0.0,0.0,0.0,0.0,0.0
0.5,0.20652173913043015,0.3580246913580325,0.2935393258426966,0.4622030237580993,0.4390243902439025,0.0,0.0,0.0,0.0,0.0
0.5,0.38043478260869534,0.3456790123456841,0.297752808988764,0.5248380129589632,0.13414634146341464,0.0,0.0,0.0,0.0,0.0
1.0,0.6521739130434767,0.6172839506172849,0.8932584269662922,0.1166306695464363,0.1869918699186992,0.0,0.0,0.0,0.0,0.0
1.0,0.9130434782608674,0.8765432098765444,0.633426966292135,0.29589632829373635,0.25609756097560976,0.0,0.0,0.0,0.0,0.0
0.5,0.29347826086956275,0.3333333333333357,0.4058988764044942,0.4730021598272137,0.06097560975609757,0.0,0.0,0.0,0.0,0.0
0.5,0.3369565217391255,0.4197530864197603,0.2514044943820224,0.5615550755939525,0.15040650406504066,0.0,0.0,0.0,0.0,0.0
0.5,0.8478260869565233,0.6913580246913611,0.6657303370786518,0.25269978401727855,0.8821138211382115,0.0,0.0,0.0,0.0,0.0
1.0,0.8695652173913047,0.790123456790127,0.7162921348314606,0.21382289416846645,0.3252032520325204,0.0,0.0,0.0,0.0,0.0
1.0,0.7282608695652115,0.5802469135802468,0.04073033707865181,0.7667386609071274,0.32113821138211385,0.0,1.0,0.0,0.0,0.0
0.5,0.5652173913043441,0.5925925925925952,0.4662921348314606,0.3563714902807775,0.21951219512195125,0.0,0.0,0.0,0.0,0.0
0.5,0.7717391304347743,0.7530864197530889,0.5056179775280898,0.2375809935205183,0.3902439024390244,0.0,0.0,0.0,0.0,0.0
1.0,0.46739130434782794,0.6049382716049436,0.6320224719101122,0.3045356371490281,0.6138211382113822,0.0,0.0,0.0,0.0,0.0
0.5,0.38043478260869534,0.3580246913580325,0.6980337078651686,0.20086393088552912,0.38617886178861793,0.0,0.0,0.0,0.0,0.0
0.5,0.29347826086956275,0.22222222222222143,0.8553370786516854,0.16846652267818563,0.8821138211382115,0.0,0.0,0.0,0.0,0.0
0.5,0.7608695652173907,0.6172839506172849,0.6025280898876406,0.28725701943844484,0.5650406504065041,0.0,0.0,0.0,0.0,0.0
0.5,0.25,0.45679012345679126,0.2008426966292136,0.6414686825053995,0.8089430894308944,0.0,0.0,0.0,0.0,0.0
0.0,0.5869565217391255,0.5555555555555571,0.2542134831460674,0.9762419006479479,0.8455284552845529,1.0,0.0,1.0,1.0,0.0
0.5,0.4891304347826093,0.4197530864197603,0.5098314606741574,0.33477321814254857,0.37804878048780494,0.0,0.0,0.0,0.0,0.0
1.0,0.7173913043478208,0.7037037037037024,0.396067415730337,0.427645788336933,0.6219512195121952,0.0,0.0,0.0,0.0,0.0
0.5,0.7173913043478208,0.49382716049382935,0.5786516853932586,0.24406047516198692,0.5406504065040652,0.0,0.0,0.0,0.0,0.0
1.0,0.25,0.48148148148148806,0.2064606741573034,0.712742980561555,0.02845528455284553,0.0,0.0,0.0,0.0,0.0
1.0,0.3913043478260789,0.518518518518519,0.4466292134831462,0.36717062634989195,0.28455284552845533,0.0,0.0,0.0,0.0,0.0
0.5,0.2608695652173836,0.3703703703703738,0.7696629213483146,0.17926565874730016,0.42276422764227645,0.0,0.0,0.0,0.0,0.0
1.0,0.6195652173912976,0.6419753086419746,0.4662921348314606,0.4686825053995679,0.6910569105691058,0.0,0.0,0.0,0.0,0.0
1.0,0.20652173913043015,0.3580246913580325,0.1418539325842696,0.673866090712743,0.13008130081300814,0.0,0.0,0.0,0.0,0.0
1.0,0.3478260869565162,0.49382716049382935,0.5182584269662922,0.3002159827213823,0.8333333333333334,0.0,0.0,0.0,0.0,0.0
0.5,0.3478260869565162,0.5308641975308674,0.353932584269663,0.48380129589632825,0.10162601626016261,0.0,0.0,0.0,0.0,0.0
0.5,0.7282608695652115,0.6666666666666714,0.3075842696629214,0.5982721382289415,0.7398373983739838,0.0,0.0,0.0,0.0,0.0
1.0,0.9673913043478208,0.9259259259259238,0.2991573033707866,0.6565874730021597,0.04471544715447155,0.0,0.0,0.0,0.0,0.0
0.5,0.4021739130434767,0.4074074074074119,0.5070224719101122,0.25269978401727855,0.10162601626016261,0.0,0.0,0.0,0.0,0.0
1.0,0.29347826086956275,0.3950617283950635,0.2191011235955056,0.6760259179265657,0.2764227642276423,0.0,0.0,0.0,0.0,0.0
1.0,0.5434782608695627,0.7407407407407405,0.3707865168539326,0.36069114470842323,0.0,0.0,0.0,0.0,0.0,0.0
1.0,0.6847826086956488,0.6172839506172849,0.3342696629213484,0.5248380129589632,0.3821138211382114,0.0,0.0,0.0,0.0,0.0
0.5,0.5434782608695627,0.7407407407407405,0.1882022471910112,0.7861771058315334,0.02845528455284553,0.0,0.0,0.0,0.0,0.0
1.0,0.4239130434782581,0.3333333333333357,0.4859550561797754,0.4946004319654427,0.20325203252032523,0.0,0.0,0.0,0.0,0.0
0.5,0.6521739130434767,0.5679012345679055,0.1825842696629214,0.7667386609071274,0.5162601626016261,0.0,0.0,0.0,0.0,0.0
0.5,0.4347826086956488,0.5679012345679055,0.2991573033707866,0.5896328293736499,0.05691056910569106,0.0,0.0,0.0,0.0,0.0
0.5,0.3152173913043441,0.3333333333333357,0.377808988764045,0.5053995680345572,0.6422764227642277,0.0,0.0,0.0,0.0,0.0
1.0,0.5978260869565162,0.5802469135802468,0.1474719101123596,0.9481641468682505,0.012195121951219513,0.0,0.0,0.0,0.0,0.0
0.5,0.5434782608695627,0.7530864197530889,0.3230337078651686,0.5593952483801296,0.7398373983739838,0.0,0.0,0.0,0.0,0.0
0.5,0.7717391304347743,0.7654320987654302,0.502808988764045,0.3844492440604751,0.7804878048780488,0.0,0.0,0.0,0.0,0.0
0.5,0.5326086956521721,0.5061728395061778,0.3019662921348314,0.7494600431965441,0.1585365853658537,0.0,0.0,0.0,0.0,0.0
0.5,0.6413043478260789,0.6049382716049436,0.3567415730337078,0.6717062634989202,0.4552845528455285,0.0,0.0,0.0,0.0,0.0
0.5,0.3913043478260789,0.5555555555555571,0.491573033707865,0.49028077753779686,0.5609756097560976,0.0,0.0,0.0,0.0,0.0
1.0,0.8043478260869534,0.790123456790127,0.273876404494382,0.5788336933045355,0.7154471544715448,0.0,0.0,0.0,0.0,0.0
1.0,0.6413043478260789,0.6419753086419746,0.247191011235955,0.6630669546436283,0.47967479674796754,0.0,0.0,0.0,0.0,0.0
1.0,0.5434782608695627,0.7283950617283992,0.609550561797753,0.2678185745140388,0.467479674796748,0.0,0.0,0.0,0.0,0.0
0.0,0.5217391304347814,0.44444444444444997,0.473314606741573,0.3909287257019438,0.6422764227642277,0.0,0.0,0.0,0.0,0.0
0.5,0.8586956521739069,0.827160493827158,0.6741573033707866,0.29373650107991367,0.2886178861788618,0.0,0.0,0.0,0.0,0.0
1.0,0.5543478260869534,0.5061728395061778,0.4691011235955058,0.4362850971922245,0.6056910569105691,0.0,0.0,0.0,0.0,0.0
0.5,0.7717391304347743,0.654320987654323,0.5477528089887642,0.3542116630669546,0.7845528455284554,0.0,0.0,0.0,0.0,0.0
0.5,0.4891304347826093,0.45679012345679126,0.4171348314606742,0.44924406047516185,0.008130081300813009,0.0,0.0,0.0,0.0,0.0
1.0,0.5652173913043441,0.7777777777777786,0.8370786516853934,0.16414686825053992,0.1869918699186992,0.0,0.0,0.0,0.0,0.0
0.5,0.7826086956521721,0.6666666666666714,0.4985955056179774,0.36069114470842323,0.8455284552845529,0.0,0.0,0.0,0.0,0.0
0.5,0.7717391304347743,0.6790123456790127,0.3103932584269664,0.6889848812095032,0.23170731707317074,0.0,0.0,0.0,0.0,0.0
0.0,0.2391304347826022,0.3703703703703738,0.327247191011236,0.41252699784017277,0.3008130081300813,0.0,0.0,0.0,0.0,0.0
0.5,0.20652173913043015,0.3456790123456841,0.4367977528089886,0.4211663066954643,0.7357723577235773,0.0,0.0,0.0,0.0,0.0
0.5,0.22826086956521152,0.3333333333333357,0.568820224719101,0.2678185745140388,0.8414634146341464,0.0,0.0,0.0,0.0,0.0
1.0,0.35869565217391397,0.3333333333333357,0.8356741573033706,0.17494600431965435,0.6544715447154472,0.0,0.0,0.0,0.0,0.0
0.0,0.9456521739130395,0.9012345679012341,0.7275280898876406,0.22246220302375808,0.6951219512195123,0.0,0.0,0.0,0.0,0.0
1.0,0.6630434782608603,0.6790123456790127,0.4115168539325842,0.3542116630669546,0.10162601626016261,0.0,0.0,0.0,0.0,0.0
0.5,0.6739130434782581,0.5925925925925952,0.728932584269663,0.18574514038876888,0.5487804878048781,0.0,0.0,0.0,0.0,0.0
0.5,0.3260869565217348,0.3950617283950635,0.2752808988764046,0.7473002159827213,0.3699186991869919,0.0,0.0,0.0,0.0,0.0
0.5,0.3152173913043441,0.2716049382716008,0.5070224719101122,0.24406047516198692,0.7804878048780488,0.0,0.0,0.0,0.0,0.0
0.0,0.3369565217391255,0.2716049382716008,0.592696629213483,0.2354211663066954,0.07317073170731708,0.0,0.0,0.0,0.0,0.0
0.0,0.6739130434782581,0.5802469135802468,0.5575842696629214,0.3369330453563715,0.6544715447154472,0.0,0.0,0.0,0.0,0.0
0.5,0.29347826086956275,0.3950617283950635,0.5547752808988766,0.33477321814254857,0.6219512195121952,0.0,0.0,0.0,0.0,0.0
0.5,0.29347826086956275,0.2592592592592595,0.5393258426966294,0.3520518358531317,0.44308943089430897,0.0,0.0,0.0,0.0,0.0
0.5,0.021739130434781373,0.03703703703703809,0.6151685393258426,0.20302375809935203,0.7154471544715448,0.0,0.0,0.0,0.0,0.0
0.5,0.7282608695652115,0.6296296296296333,0.3707865168539326,0.48812095032397407,0.9308943089430896,0.0,0.0,0.0,0.0,0.0
1.0,0.6739130434782581,0.5802469135802468,0.5758426966292134,0.36069114470842323,0.20325203252032523,0.0,0.0,0.0,0.0,0.0
0.5,0.22826086956521152,0.45679012345679126,0.3061797752808988,0.5572354211663066,0.19918699186991873,0.0,0.0,0.0,0.0,0.0
1.0,0.25,0.3209876543209944,0.3988764044943822,0.35853131749460043,0.2764227642276423,0.0,0.0,0.0,0.0,0.0
0.5,0.9565217391304373,0.9629629629629619,0.401685393258427,0.5291576673866091,0.459349593495935,0.0,0.0,0.0,0.0,0.0
0.5,0.28260869565216495,0.3827160493827222,0.2851123595505618,0.6155507559395248,0.30487804878048785,0.0,0.0,0.0,0.0,0.0
0.0,0.25,0.3827160493827222,0.2837078651685394,0.5248380129589632,0.7357723577235773,0.0,0.0,0.0,0.0,0.0
0.5,0.7065217391304301,0.6419753086419746,0.4747191011235954,0.41468682505399557,0.8008130081300814,0.0,0.0,0.0,0.0,0.0
0.5,0.5543478260869534,0.7407407407407405,0.2668539325842696,0.5853131749460043,0.012195121951219513,0.0,0.0,0.0,0.0,0.0
0.5,0.8152173913043441,0.8148148148148167,0.8160112359550562,0.21166306695464354,0.6585365853658537,0.0,0.0,0.0,0.0,0.0
0.5,0.21739130434782084,0.3209876543209944,0.5154494382022474,0.36501079913606904,0.21951219512195125,0.0,0.0,0.0,0.0,0.0
0.0,0.3152173913043441,0.3827160493827222,0.4030898876404494,0.5010799136069113,0.24796747967479676,0.0,0.0,0.0,0.0,0.0
0.5,0.14130434782608603,0.20987654320987303,0.2598314606741574,0.5399568034557235,0.7520325203252033,0.0,0.0,0.0,0.0,0.0
1.0,0.5869565217391255,0.6049382716049436,0.4283707865168538,0.41252699784017277,0.7682926829268294,0.0,0.0,0.0,0.0,0.0
1.0,0.5543478260869534,0.7407407407407405,0.5224719101123594,0.40172786177105835,0.020325203252032523,0.0,0.0,0.0,0.0,0.0
0.5,0.17391304347825098,0.2592592592592595,0.544943820224719,0.32181425485961124,0.41463414634146345,0.0,0.0,0.0,0.0,0.0
0.5,0.21739130434782084,0.3703703703703738,0.4536516853932586,0.41468682505399557,0.7601626016260163,0.0,0.0,0.0,0.0,0.0
1.0,0.4239130434782581,0.3950617283950635,0.4747191011235954,0.47948164146868244,0.8739837398373985,0.0,0.0,0.0,0.0,0.0
0.5,0.6630434782608603,0.654320987654323,0.7275280898876406,0.17926565874730016,0.5162601626016261,0.0,0.0,0.0,0.0,0.0
0.5,0.45652173913043015,0.44444444444444997,0.3356741573033708,0.6285097192224622,0.7276422764227644,0.0,0.0,0.0,0.0,0.0
0.5,0.3478260869565162,0.48148148148148806,0.7598314606741574,0.13606911447084225,0.40650406504065045,0.0,0.0,0.0,0.0,0.0
0.5,0.5869565217391255,0.6296296296296333,0.4719101123595506,0.5140388768898487,0.22357723577235775,0.0,0.0,0.0,0.0,0.0
1.0,0.7173913043478208,0.6296296296296333,0.5252808988764046,0.32829373650107985,0.2642276422764228,0.0,0.0,0.0,0.0,0.0
0.5,0.45652173913043015,0.6296296296296333,0.1404494382022472,0.6976241900647948,0.4552845528455285,0.0,0.0,0.0,0.0,0.0
0.5,0.7826086956521721,0.5802469135802468,0.2331460674157304,0.755939524838013,0.7601626016260163,0.0,1.0,0.0,0.0,0.0
1.0,0.21739130434782084,0.3580246913580325,0.383426966292135,0.49244060475161977,0.49593495934959353,0.0,0.0,0.0,0.0,0.0
1.0,0.7608695652173907,0.6790123456790127,0.3497191011235954,0.48812095032397407,0.2764227642276423,0.0,0.0,0.0,0.0,0.0
1.0,0.5326086956521721,0.46913580246913966,0.4452247191011238,0.5529157667386609,0.3617886178861789,0.0,0.0,0.0,0.0,0.0
0.5,0.5326086956521721,0.49382716049382935,0.6643258426966294,0.3066954643628509,0.48780487804878053,0.0,0.0,0.0,0.0,0.0
0.5,0.6413043478260789,0.5925925925925952,0.5098314606741574,0.4298056155507559,0.22357723577235775,0.0,0.0,0.0,0.0,0.0
1.0,0.5326086956521721,0.7283950617283992,0.3988764044943822,0.44492440604751615,0.0934959349593496,0.0,0.0,0.0,0.0,0.0
0.5,0.7282608695652115,0.6049382716049436,0.2935393258426966,0.6457883369330453,0.34146341463414637,0.0,0.0,0.0,0.0,0.0
1.0,0.4347826086956488,0.3950617283950635,0.5533707865168538,0.3196544276457882,0.6504065040650407,0.0,0.0,0.0,0.0,0.0
0.5,0.7717391304347743,0.6790123456790127,0.3974719101123594,0.5140388768898487,0.6178861788617886,0.0,0.0,0.0,0.0,0.0
1.0,0.5543478260869534,0.7407407407407405,0.4143258426966294,0.427645788336933,0.7520325203252033,0.0,0.0,0.0,0.0,0.0
1.0,0.9021739130434767,0.7530864197530889,0.6235955056179774,0.2311015118790497,0.42276422764227645,0.0,0.0,0.0,0.0,0.0
1.0,0.5760869565217348,0.7407407407407405,0.3384831460674158,0.6630669546436283,0.7398373983739838,0.0,0.0,0.0,0.0,0.0
1.0,0.7499999999999929,0.5432098765432158,0.2598314606741574,0.6803455723542116,0.04878048780487805,0.0,1.0,0.0,0.0,0.0
1.0,0.5869565217391255,0.7407407407407405,0.4508426966292134,0.36285097192224613,0.9308943089430896,0.0,0.0,0.0,0.0,0.0
0.5,0.8152173913043441,0.8024691358024683,0.7907303370786518,0.1576673866090712,0.1788617886178862,0.0,0.0,0.0,0.0,0.0
0.5,0.2717391304347814,0.22222222222222143,0.5589887640449438,0.28077753779697623,0.47154471544715454,0.0,0.0,0.0,0.0,0.0
0.5,0.7934782608695627,0.5925925925925952,0.7935393258426966,0.17494600431965435,0.008130081300813009,0.0,0.0,0.0,0.0,0.0
0.5,0.6630434782608603,0.6049382716049436,0.3679775280898878,0.5140388768898487,0.853658536585366,0.0,0.0,0.0,0.0,0.0
0.5,0.7282608695652115,0.5308641975308674,0.3735955056179774,0.6198704103671706,0.7357723577235773,0.0,0.0,0.0,0.0,0.0
1.0,0.8695652173913047,0.7160493827160508,0.2668539325842696,0.5874730021598271,0.24390243902439027,0.0,1.0,0.0,0.0,0.0
0.5,0.5543478260869534,0.46913580246913966,0.5056179775280898,0.40604751619870405,0.15040650406504066,0.0,0.0,0.0,0.0,0.0
1.0,0.6086956521739069,0.6913580246913611,0.5898876404494382,0.25269978401727855,0.7723577235772359,0.0,0.0,0.0,0.0,0.0
0.0,0.8369565217391255,0.6790123456790127,0.449438202247191,0.36501079913606904,0.6178861788617886,0.0,0.0,0.0,0.0,0.0
1.0,0.17391304347825098,0.2592592592592595,0.9058988764044942,0.09719222462203025,0.3699186991869919,0.0,0.0,0.0,0.0,0.0
0.5,0.3152173913043441,0.2839506172839492,0.4985955056179774,0.3909287257019438,0.23983739837398377,0.0,0.0,0.0,0.0,0.0
0.5,0.5652173913043441,0.7654320987654302,0.7401685393258426,0.17926565874730016,0.6422764227642277,0.0,0.0,0.0,0.0,0.0
0.5,0.010869565217383581,0.012345679012348398,0.3146067415730338,0.6609071274298055,0.7804878048780488,0.0,0.0,0.0,0.0,0.0
1.0,0.2391304347826022,0.45679012345679126,0.419943820224719,0.41468682505399557,0.4552845528455285,0.0,0.0,0.0,0.0,0.0
0.0,0.21739130434782084,0.2962962962963047,0.4129213483146066,0.6954643628509718,0.008130081300813009,0.0,0.0,0.0,0.0,0.0
0.5,0.4021739130434767,0.3333333333333357,0.2429775280898876,0.7019438444924406,0.7642276422764228,0.0,0.0,0.0,0.0,0.0
0.5,0.9565217391304373,0.9259259259259238,0.9002808988764046,0.12311015118790491,0.7560975609756099,0.0,0.0,0.0,0.0,0.0
0.5,0.22826086956521152,0.3209876543209944,0.297752808988764,0.6177105831533478,0.08536585365853659,0.0,0.0,0.0,0.0,0.0
0.5,0.5543478260869534,0.7530864197530889,0.7106741573033706,0.2311015118790497,0.7967479674796749,0.0,0.0,0.0,0.0,0.0
1.0,0.30434782608695343,0.2962962962963047,0.2907303370786518,0.6414686825053995,0.3455284552845529,0.0,0.0,0.0,0.0,0.0
0.5,0.5760869565217348,0.6666666666666714,0.4044943820224718,0.44492440604751615,0.10569105691056911,0.0,0.0,0.0,0.0,0.0
1.0,0.3369565217391255,0.4197530864197603,0.5519662921348314,0.40388768898488114,0.6788617886178863,0.0,0.0,0.0,0.0,0.0
1.0,0.6086956521739069,0.6790123456790127,0.4058988764044942,0.4298056155507559,0.37804878048780494,0.0,0.0,0.0,0.0,0.0
0.5,0.28260869565216495,0.24691358024691112,0.4691011235955058,0.5248380129589632,0.2723577235772358,0.0,0.0,0.0,0.0,0.0
0.5,0.2391304347826022,0.3580246913580325,0.580056179775281,0.36717062634989195,0.12195121951219513,0.0,0.0,0.0,0.0,0.0
1.0,0.3369565217391255,0.3456790123456841,0.5519662921348314,0.1576673866090712,0.22357723577235775,0.0,0.0,0.0,0.0,0.0
0.5,0.22826086956521152,0.3827160493827222,0.2387640449438202,0.6328293736501078,0.7642276422764228,0.0,0.0,0.0,0.0,0.0
0.5,0.21739130434782084,0.3333333333333357,0.3286516853932584,0.5982721382289415,0.12601626016260165,0.0,0.0,0.0,0.0,0.0
0.5,0.6304347826086953,0.6666666666666714,0.4030898876404494,0.44924406047516185,0.508130081300813,0.0,0.0,0.0,0.0,0.0
0.5,0.4130434782608674,0.3456790123456841,0.651685393258427,0.32181425485961124,0.3008130081300813,0.0,0.0,0.0,0.0,0.0
0.0,0.21739130434782084,0.3456790123456841,0.353932584269663,0.75377969762419,0.42276422764227645,0.0,0.0,0.0,0.0,0.0
0.5,0.4130434782608674,0.3950617283950635,0.3679775280898878,0.5032397408207343,0.8008130081300814,0.0,0.0,0.0,0.0,0.0
1.0,0.5652173913043441,0.5555555555555571,0.2851123595505618,0.6069114470842332,0.9146341463414636,0.0,0.0,0.0,0.0,0.0
1.0,0.6630434782608603,0.6172839506172849,0.6404494382022474,0.20950323974082075,0.5162601626016261,0.0,0.0,0.0,0.0,0.0
1.0,0.35869565217391397,0.45679012345679126,0.830056179775281,0.1598272138228941,0.6260162601626017,0.0,0.0,0.0,0.0,0.0
1.0,0.6086956521739069,0.6296296296296333,0.8525280898876406,0.13174946004319654,0.7764227642276423,0.0,0.0,0.0,0.0,0.0
0.5,0.2717391304347814,0.49382716049382935,0.2219101123595506,0.6285097192224622,0.8455284552845529,0.0,0.0,0.0,0.0,0.0
0.5,0.28260869565216495,0.4074074074074119,0.2752808988764046,0.5874730021598271,0.11382113821138212,0.0,0.0,0.0,0.0,0.0
0.5,0.5543478260869534,0.7160493827160508,0.7317415730337078,0.20734341252699784,0.41869918699187,0.0,0.0,0.0,0.0,0.0
0.5,0.10869565217390686,0.20987654320987303,0.8103932584269662,0.17926565874730016,0.22764227642276424,0.0,0.0,0.0,0.0,0.0
0.5,0.5869565217391255,0.6296296296296333,0.4929775280898878,0.4578833693304535,0.2804878048780488,0.0,0.0,0.0,0.0,0.0
1.0,0.7608695652173907,0.6666666666666714,0.2176966292134832,0.7170626349892006,0.25609756097560976,0.0,0.0,0.0,0.0,0.0
1.0,0.9565217391304373,0.9629629629629619,0.4030898876404494,0.5550755939524836,0.3455284552845529,0.0,0.0,0.0,0.0,0.0
1.0,0.4021739130434767,0.5555555555555571,0.5351123595505618,0.427645788336933,0.39430894308943093,0.0,0.0,0.0,0.0,0.0
0.5,0.5652173913043441,0.7654320987654302,0.2064606741573034,0.8509719222462202,0.13414634146341464,0.0,0.0,0.0,0.0,0.0
0.5,0.7934782608695627,0.5802469135802468,0.4143258426966294,0.5961123110151187,0.7682926829268294,0.0,0.0,0.0,0.0,0.0
1.0,0.25,0.3333333333333357,0.6011235955056178,0.2354211663066954,0.1951219512195122,0.0,0.0,0.0,0.0,0.0
0.5,0.29347826086956275,0.308641975308646,0.2317415730337078,0.83585313174946,0.821138211382114,0.0,0.0,0.0,1.0,0.0
0.5,0.25,0.2962962962963047,0.3567415730337078,0.5658747300215982,0.6056910569105691,0.0,0.0,0.0,0.0,0.0
0.5,0.6739130434782581,0.6419753086419746,0.3764044943820226,0.44276457883369325,0.0,0.0,0.0,0.0,0.0,0.0
0.5,0.5978260869565162,0.6913580246913611,0.3918539325842698,0.4600431965442764,0.30487804878048785,0.0,0.0,0.0,0.0,0.0
0.5,0.6304347826086953,0.7037037037037024,0.4887640449438202,0.40172786177105835,0.22357723577235775,0.0,0.0,0.0,0.0,0.0
0.5,0.46739130434782794,0.6296296296296333,0.2949438202247192,0.6436285097192225,0.3170731707317074,0.0,0.0,0.0,0.0,0.0
0.5,0.3260869565217348,0.45679012345679126,0.6109550561797754,0.24622030237580994,0.4390243902439025,0.0,0.0,0.0,0.0,0.0
0.5,0.2391304347826022,0.3209876543209944,0.2879213483146068,0.6155507559395248,0.10975609756097562,0.0,0.0,0.0,0.0,0.0
0.5,0.7065217391304301,0.6049382716049436,0.297752808988764,0.6565874730021597,0.5325203252032521,0.0,0.0,0.0,0.0,0.0
0.5,0.4239130434782581,0.3333333333333357,0.6137640449438202,0.3023758099352052,0.3617886178861789,0.0,0.0,0.0,0.0,0.0
1.0,0.7608695652173907,0.7407407407407405,0.6418539325842698,0.24622030237580994,0.8089430894308944,0.0,0.0,0.0,0.0,0.0
0.5,0.1630434782608674,0.2839506172839492,0.2921348314606742,0.7408207343412525,0.06910569105691057,0.0,0.0,0.0,0.0,0.0
1.0,0.20652173913043015,0.3456790123456841,0.3398876404494382,0.5550755939524836,0.44308943089430897,0.0,0.0,0.0,0.0,0.0
0.5,0.7065217391304301,0.6049382716049436,0.3764044943820226,0.6609071274298055,0.4390243902439025,0.0,0.0,0.0,0.0,0.0
0.5,0.19565217391303946,0.2962962962963047,0.4269662921348314,0.3131749460043196,0.8455284552845529,0.0,0.0,0.0,0.0,0.0
1.0,0.3152173913043441,0.3703703703703738,0.1207865168539326,0.8812095032397407,0.6626016260162603,0.0,0.0,0.0,0.0,0.0
1.0,0.8260869565217348,0.8024691358024683,0.1530898876404494,0.7408207343412525,0.5528455284552846,0.0,0.0,0.0,0.0,0.0
1.0,0.17391304347825098,0.2839506172839492,0.4410112359550562,0.5334773218142548,0.23170731707317074,0.0,0.0,0.0,0.0,0.0
0.0,0.2608695652173836,0.45679012345679126,0.5969101123595506,0.21814254859611226,0.5487804878048781,0.0,0.0,0.0,0.0,0.0
0.5,0.18478260869564878,0.2592592592592595,0.4452247191011238,0.427645788336933,0.7113821138211383,0.0,0.0,0.0,0.0,0.0
0.5,0.5217391304347814,0.44444444444444997,0.2205056179775282,0.775377969762419,0.5284552845528456,0.0,0.0,0.0,0.0,0.0
1.0,0.1521739130434696,0.2716049382716008,0.9705056179775282,0.025917926565874716,0.5284552845528456,0.0,0.0,0.0,0.0,0.0
0.5,0.2391304347826022,0.45679012345679126,0.6558988764044942,0.3131749460043196,0.5772357723577236,0.0,0.0,0.0,0.0,0.0
0.5,0.21739130434782084,0.3209876543209944,0.3202247191011236,0.4989200863930886,0.25609756097560976,0.0,0.0,0.0,0.0,0.0
0.5,0.5869565217391255,0.5555555555555571,0.6404494382022474,0.24406047516198692,0.1951219512195122,0.0,0.0,0.0,0.0,0.0
0.0,0.17391304347825098,0.2839506172839492,0.327247191011236,0.5788336933045355,0.426829268292683,0.0,0.0,0.0,0.0,0.0
0.5,0.9347826086956488,0.864197530864196,0.2191011235955056,0.9114470842332612,0.6341463414634148,0.0,0.0,0.0,0.0,0.0
0.5,0.28260869565216495,0.23456790123456983,0.7921348314606742,0.11231101511879049,0.5528455284552846,0.0,0.0,0.0,0.0,0.0
0.5,0.28260869565216495,0.3580246913580325,0.806179775280899,0.1598272138228941,0.47967479674796754,0.0,0.0,0.0,0.0,0.0
1.0,0.7065217391304301,0.6296296296296333,0.7134831460674158,0.28725701943844484,0.2520325203252033,0.0,0.0,0.0,0.0,0.0
0.5,0.7717391304347743,0.7654320987654302,0.377808988764045,0.4967602591792656,0.5569105691056911,0.0,0.0,0.0,0.0,0.0
0.0,0.7499999999999929,0.6296296296296333,0.300561797752809,0.593952483801296,0.04471544715447155,0.0,0.0,0.0,0.0,0.0
0.5,0.4347826086956488,0.3703703703703738,0.4227528089887642,0.44060475161987034,0.8658536585365855,0.0,0.0,0.0,0.0,0.0
1.0,0.3152173913043441,0.4074074074074119,0.758426966292135,0.14038876889848817,0.6829268292682927,0.0,0.0,0.0,0.0,0.0
0.5,0.5543478260869534,0.5802469135802468,0.1615168539325842,0.8920086393088551,0.07723577235772358,0.0,0.0,0.0,0.0,0.0
0.5,0.5434782608695627,0.7407407407407405,0.6348314606741574,0.25269978401727855,0.6341463414634148,0.0,0.0,0.0,0.0,0.0
0.5,0.5108695652173907,0.5308641975308674,0.425561797752809,0.4686825053995679,0.2804878048780488,0.0,0.0,0.0,0.0,0.0
0.5,0.4239130434782581,0.3827160493827222,0.592696629213483,0.2375809935205183,0.7357723577235773,0.0,0.0,0.0,0.0,0.0
0.5,0.7173913043478208,0.5802469135802468,0.4705056179775282,0.3023758099352052,0.6300813008130082,0.0,0.0,0.0,0.0,0.0
1.0,0.29347826086956275,0.3703703703703738,0.3469101123595506,0.6868250539956802,0.1910569105691057,0.0,0.0,0.0,0.0,0.0
1.0,0.38043478260869534,0.3580246913580325,0.7359550561797754,0.17278617710583155,0.41869918699187,0.0,0.0,0.0,0.0,0.0
0.5,0.9347826086956488,0.9012345679012341,0.4213483146067414,0.5377969762419006,0.3170731707317074,0.0,0.0,0.0,0.0,0.0
0.5,0.4891304347826093,0.45679012345679126,0.3160112359550562,0.550755939524838,0.6341463414634148,0.0,0.0,0.0,0.0,0.0
1.0,0.44565217391303946,0.4197530864197603,0.2008426966292136,0.9049676025917925,0.5772357723577236,0.0,0.0,0.0,0.0,0.0
0.5,0.46739130434782794,0.6172839506172849,0.2949438202247192,0.6911447084233262,0.4471544715447155,0.0,0.0,0.0,0.0,0.0
1.0,0.6956521739130395,0.6049382716049436,0.973314606741573,0.04319654427645786,0.4024390243902439,0.0,0.0,0.0,0.0,0.0
1.0,0.7826086956521721,0.5679012345679055,0.7401685393258426,0.1555075593952484,0.7560975609756099,0.0,0.0,0.0,0.0,0.0
1.0,0.28260869565216495,0.24691358024691112,0.2542134831460674,0.5766738660907127,0.3617886178861789,0.0,0.0,0.0,0.0,0.0
0.5,0.38043478260869534,0.5061728395061778,0.5337078651685394,0.29373650107991367,0.5813008130081302,0.0,0.0,0.0,0.0,0.0
0.5,0.5978260869565162,0.790123456790127,0.4522471910112358,0.4578833693304535,0.7032520325203253,0.0,0.0,0.0,0.0,0.0
0.5,0.6521739130434767,0.6913580246913611,0.4087078651685394,0.6609071274298055,0.04065040650406505,0.0,0.0,0.0,0.0,0.0
0.0,0.2608695652173836,0.3209876543209944,0.4283707865168538,0.4514038876889849,0.410569105691057,0.0,0.0,0.0,0.0,0.0
0.5,0.7826086956521721,0.7037037037037024,0.8089887640449438,0.09719222462203025,0.5040650406504066,0.0,0.0,0.0,0.0,0.0
0.5,0.7065217391304301,0.6172839506172849,0.5168539325842698,0.3801295896328294,0.2601626016260163,0.0,0.0,0.0,0.0,0.0
1.0,0.5108695652173907,0.4197530864197603,0.6193820224719102,0.2311015118790497,0.6300813008130082,0.0,0.0,0.0,0.0,0.0
1.0,0.20652173913043015,0.3456790123456841,0.5912921348314606,0.44492440604751615,0.6422764227642277,0.0,0.0,0.0,0.0,0.0
0.0,0.5326086956521721,0.5679012345679055,0.3160112359550562,0.48380129589632825,0.0,0.0,0.0,0.0,0.0,0.0
1.0,0.29347826086956275,0.4074074074074119,0.3174157303370786,0.6263498920086392,0.3455284552845529,0.0,0.0,0.0,0.0,0.0
0.5,0.6847826086956488,0.6666666666666714,0.3160112359550562,0.5248380129589632,0.4308943089430895,0.0,0.0,0.0,0.0,0.0
1.0,0.3152173913043441,0.2592592592592595,0.5547752808988766,0.3110151187904967,0.5162601626016261,0.0,0.0,0.0,0.0,0.0
0.5,0.3913043478260789,0.5555555555555571,0.247191011235955,0.7948164146868248,0.6747967479674798,0.0,0.0,0.0,0.0,0.0
0.5,0.2717391304347814,0.3703703703703738,0.3103932584269664,0.5205183585313174,0.2520325203252033,0.0,0.0,0.0,0.0,0.0
0.0,0.5869565217391255,0.5925925925925952,0.4115168539325842,0.4967602591792656,0.5447154471544716,0.0,0.0,0.0,0.0,0.0
0.5,0.891304347826086,0.7654320987654302,0.4353932584269662,0.40172786177105835,0.05691056910569106,0.0,0.0,0.0,0.0,0.0
0.5,0.5869565217391255,0.6666666666666714,0.3609550561797754,0.4946004319654427,0.6016260162601627,0.0,0.0,0.0,0.0,0.0
1.0,0.20652173913043015,0.3456790123456841,0.2387640449438202,0.5701943844492441,0.7520325203252033,0.0,0.0,0.0,0.0,0.0
0.5,0.29347826086956275,0.3456790123456841,0.3103932584269664,0.5723542116630669,0.8170731707317074,0.0,0.0,0.0,0.0,0.0
0.5,0.20652173913043015,0.3580246913580325,0.9564606741573034,0.0755939524838013,0.41869918699187,0.0,0.0,0.0,0.0,0.0
1.0,0.4347826086956488,0.4197530864197603,0.585674157303371,0.32829373650107985,0.21138211382113822,0.0,0.0,0.0,0.0,0.0
0.5,0.2717391304347814,0.24691358024691112,0.4522471910112358,0.4233261339092873,0.10162601626016261,0.0,0.0,0.0,0.0,0.0
0.5,0.8260869565217348,0.8148148148148167,0.4873595505617978,0.3196544276457882,0.7520325203252033,0.0,0.0,0.0,0.0,0.0
1.0,0.5760869565217348,0.5308641975308674,0.4143258426966294,0.3498920086393087,0.38617886178861793,0.0,0.0,0.0,0.0,0.0
0.5,0.19565217391303946,0.2716049382716008,0.4396067415730338,0.531317494600432,0.3577235772357724,0.0,0.0,0.0,0.0,0.0
0.5,0.7065217391304301,0.5679012345679055,0.419943820224719,0.4600431965442764,0.25609756097560976,0.0,0.0,0.0,0.0,0.0
0.0,0.28260869565216495,0.2716049382716008,0.3132022471910112,0.8293736501079914,0.37804878048780494,0.0,0.0,0.0,0.0,0.0
0.5,0.5869565217391255,0.518518518518519,0.8314606741573034,0.14038876889848817,0.6056910569105691,0.0,0.0,0.0,0.0,0.0
0.5,0.5434782608695627,0.44444444444444997,0.2275280898876404,0.7213822894168467,0.7804878048780488,0.0,0.0,0.0,0.0,0.0
1.0,0.5869565217391255,0.7160493827160508,0.5421348314606742,0.3520518358531317,0.0813008130081301,0.0,0.0,0.0,0.0,0.0
0.5,0.9565217391304373,0.9259259259259238,0.3525280898876406,0.6479481641468683,0.17479674796747968,0.0,0.0,0.0,0.0,0.0
0.0,0.5760869565217348,0.7160493827160508,0.1390449438202248,0.8660907127429804,0.0975609756097561,0.0,0.0,0.0,0.0,0.0
1.0,0.38043478260869534,0.518518518518519,0.7837078651685394,0.16414686825053992,0.20325203252032523,0.0,0.0,0.0,0.0,0.0
1.0,0.35869565217391397,0.3209876543209944,0.5702247191011238,0.3023758099352052,0.7073170731707318,0.0,0.0,0.0,0.0,0.0
1.0,0.8369565217391255,0.6913580246913611,0.2134831460674158,0.7235421166306695,0.6666666666666667,0.0,1.0,0.0,0.0,0.0
1.0,0.7065217391304301,0.6296296296296333,0.6123595505617978,0.2354211663066954,0.3089430894308943,0.0,0.0,0.0,0.0,0.0
1.0,0.20652173913043015,0.3209876543209944,0.8328651685393258,0.17062634989200864,0.17479674796747968,0.0,0.0,0.0,0.0,0.0
1.0,0.4347826086956488,0.4197530864197603,0.7303370786516854,0.24190064794816413,0.48780487804878053,0.0,0.0,0.0,0.0,0.0
1.0,0.4021739130434767,0.4074074074074119,0.2359550561797754,0.693304535637149,0.1788617886178862,0.0,0.0,0.0,0.0,0.0
1.0,0.14130434782608603,0.20987654320987303,0.8525280898876406,0.12311015118790491,0.29268292682926833,0.0,0.0,0.0,0.0,0.0
0.5,0.7282608695652115,0.654320987654323,0.9578651685393258,0.05615550755939519,0.1951219512195122,0.0,0.0,0.0,0.0,0.0
0.5,0.7173913043478208,0.5925925925925952,0.2205056179775282,0.7688984881209504,0.8292682926829269,0.0,0.0,0.0,1.0,0.0
0.5,0.8804347826086882,0.7654320987654302,0.1615168539325842,0.9460043196544274,0.23983739837398377,0.0,1.0,0.0,0.0,0.0
1.0,0.5217391304347814,0.44444444444444997,0.401685393258427,0.5140388768898487,0.0813008130081301,0.0,0.0,0.0,0.0,0.0
0.5,0.5652173913043441,0.49382716049382935,0.5294943820224718,0.21814254859611226,0.5650406504065041,0.0,0.0,0.0,0.0,0.0
1.0,0.3913043478260789,0.3456790123456841,0.4929775280898878,0.49244060475161977,0.49186991869918706,0.0,0.0,0.0,0.0,0.0
0.5,0.45652173913043015,0.44444444444444997,0.3637640449438202,0.5637149028077754,0.020325203252032523,0.0,0.0,0.0,0.0,0.0
0.0,0.5652173913043441,0.7777777777777786,0.2696629213483146,0.4989200863930886,0.4390243902439025,0.0,0.0,0.0,0.0,0.0
0.5,0.6304347826086953,0.5432098765432158,0.4297752808988766,0.5550755939524836,0.17073170731707318,0.0,0.0,0.0,0.0,0.0
0.5,0.9239130434782581,0.8888888888888857,0.4648876404494382,0.3066954643628509,0.7317073170731708,0.0,0.0,0.0,0.0,0.0
0.5,0.30434782608695343,0.4074074074074119,0.574438202247191,0.2980561555075594,0.3455284552845529,0.0,0.0,0.0,0.0,0.0
0.5,0.25,0.3703703703703738,0.4115168539325842,0.40820734341252696,0.1788617886178862,0.0,0.0,0.0,0.0,0.0
1.0,0.3913043478260789,0.5308641975308674,0.196629213483146,0.7084233261339092,0.4308943089430895,0.0,0.0,0.0,0.0,0.0
0.5,0.7173913043478208,0.5802469135802468,0.5898876404494382,0.3779697624190065,0.2804878048780488,0.0,0.0,0.0,0.0,0.0
0.0,0.36956521739129755,0.49382716049382935,0.5365168539325842,0.41468682505399557,0.3821138211382114,0.0,0.0,0.0,0.0,0.0
0.5,0.4239130434782581,0.3333333333333357,0.5575842696629214,0.2699784017278618,0.5772357723577236,0.0,0.0,0.0,0.0,0.0
0.5,0.6956521739130395,0.654320987654323,0.5646067415730338,0.3412526997840172,0.7520325203252033,0.0,0.0,0.0,0.0,0.0
0.5,0.7282608695652115,0.6296296296296333,0.3806179775280898,0.3563714902807775,0.0,0.0,0.0,0.0,0.0,0.0
1.0,0.5217391304347814,0.7160493827160508,0.2247191011235956,0.5637149028077754,0.11382113821138212,0.0,0.0,0.0,0.0,0.0
0.5,0.7173913043478208,0.654320987654323,0.6825842696629214,0.2613390928725702,0.7764227642276423,0.0,0.0,0.0,0.0,0.0
0.5,0.44565217391303946,0.4197530864197603,0.3946629213483146,0.44060475161987034,0.8739837398373985,0.0,0.0,0.0,0.0,0.0
1.0,0.4999999999999929,0.44444444444444997,0.2893258426966292,0.7062634989200862,0.0,0.0,0.0,0.0,0.0,0.0
0.5,0.5652173913043441,0.5308641975308674,0.3230337078651686,0.5269978401727862,0.6178861788617886,0.0,0.0,0.0,0.0,0.0
0.0,0.5652173913043441,0.5308641975308674,0.2457865168539326,0.8704103671706263,0.41463414634146345,0.0,0.0,0.0,0.0,0.0
0.5,0.5543478260869534,0.6296296296296333,0.2907303370786518,0.6997840172786176,0.5853658536585367,0.0,0.0,0.0,0.0,0.0
1.0,0.4999999999999929,0.45679012345679126,0.303370786516854,0.7494600431965441,0.012195121951219513,0.0,0.0,0.0,0.0,0.0
1.0,0.38043478260869534,0.4197530864197603,0.5280898876404494,0.3153347732181425,0.38617886178861793,0.0,0.0,0.0,0.0,0.0
0.5,0.4130434782608674,0.3580246913580325,0.5224719101123594,0.3563714902807775,0.42276422764227645,0.0,0.0,0.0,0.0,0.0
0.5,0.5760869565217348,0.7530864197530889,0.6587078651685394,0.1533477321814254,0.21138211382113822,0.0,0.0,0.0,0.0,0.0
0.5,0.28260869565216495,0.23456790123456983,0.226123595505618,0.7386609071274297,0.6138211382113822,0.0,0.0,0.0,0.0,0.0
0.5,0.5326086956521721,0.44444444444444997,0.2570224719101124,0.630669546436285,0.23983739837398377,0.0,0.0,0.0,0.0,0.0
1.0,0.5760869565217348,0.6172839506172849,0.7331460674157302,0.23974082073434122,0.7357723577235773,0.0,0.0,0.0,0.0,0.0
0.5,0.6304347826086953,0.6913580246913611,0.11938202247191021,0.8617710583153346,0.21544715447154475,0.0,0.0,0.0,0.0,0.0
1.0,0.7717391304347743,0.5925925925925952,0.4452247191011238,0.35853131749460043,0.6666666666666667,0.0,0.0,0.0,0.0,0.0
0.0,0.6521739130434767,0.654320987654323,0.2219101123595506,0.8466522678185744,0.5447154471544716,0.0,0.0,0.0,0.0,0.0
0.5,0.4782608695652115,0.44444444444444997,0.5098314606741574,0.36933045356371497,0.016260162601626018,0.0,0.0,0.0,0.0,0.0
0.0,0.7826086956521721,0.6913580246913611,0.2949438202247192,0.5917926565874729,0.5284552845528456,0.0,0.0,0.0,0.0,0.0
0.5,0.46739130434782794,0.6419753086419746,0.7485955056179774,0.18142548596112307,0.475609756097561,0.0,0.0,0.0,0.0,0.0
0.5,0.35869565217391397,0.518518518518519,0.5758426966292134,0.37365010799136056,0.1910569105691057,0.0,0.0,0.0,0.0,0.0
0.5,0.5326086956521721,0.7530864197530889,0.3188202247191012,0.6760259179265657,0.7682926829268294,0.0,0.0,0.0,0.0,0.0
1.0,0.2391304347826022,0.3580246913580325,0.3455056179775282,0.6565874730021597,0.524390243902439,0.0,0.0,0.0,0.0,0.0
1.0,0.2608695652173836,0.308641975308646,0.2626404494382022,0.7192224622030237,0.6585365853658537,0.0,0.0,0.0,0.0,0.0
1.0,0.6304347826086953,0.8148148148148167,0.9396067415730338,0.12526997840172782,0.5325203252032521,0.0,0.0,0.0,0.0,0.0
1.0,0.29347826086956275,0.3703703703703738,0.6053370786516854,0.22894168466522669,0.4308943089430895,0.0,0.0,0.0,0.0,0.0
0.5,0.7608695652173907,0.7037037037037024,0.3525280898876406,0.4362850971922245,0.5406504065040652,0.0,0.0,0.0,0.0,0.0
0.5,0.30434782608695343,0.5308641975308674,0.4929775280898878,0.29373650107991367,0.1910569105691057,0.0,0.0,0.0,0.0,0.0
1.0,0.3260869565217348,0.48148148148148806,0.4887640449438202,0.4319654427645788,0.32926829268292684,0.0,0.0,0.0,0.0,0.0
0.5,0.5760869565217348,0.5802469135802468,0.4367977528089886,0.5874730021598271,0.47967479674796754,0.0,0.0,0.0,0.0,0.0
0.5,0.3260869565217348,0.5432098765432158,0.508426966292135,0.3498920086393087,0.3658536585365854,0.0,0.0,0.0,0.0,0.0
0.5,0.3152173913043441,0.3827160493827222,0.6081460674157302,0.29373650107991367,0.06504065040650407,0.0,0.0,0.0,0.0,0.0
0.5,0.1630434782608674,0.2716049382716008,0.7387640449438202,0.17926565874730016,0.47967479674796754,0.0,0.0,0.0,0.0,0.0
1.0,0.5760869565217348,0.48148148148148806,0.568820224719101,0.36501079913606904,0.20325203252032523,0.0,0.0,0.0,0.0,0.0
1.0,0.7499999999999929,0.6419753086419746,0.8258426966292134,0.16198704103671702,0.21951219512195125,0.0,0.0,0.0,0.0,0.0
1.0,0.9130434782608674,0.8888888888888857,0.460674157303371,0.4514038876889849,0.13414634146341464,0.0,0.0,0.0,0.0,0.0
0.5,0.6847826086956488,0.6296296296296333,0.330056179775281,0.531317494600432,0.1869918699186992,0.0,0.0,0.0,0.0,0.0
0.5,0.3152173913043441,0.23456790123456983,0.2598314606741574,0.6846652267818574,0.020325203252032523,0.0,0.0,0.0,0.0,0.0
1.0,0.29347826086956275,0.3580246913580325,0.3792134831460674,0.5183585313174945,0.6707317073170732,0.0,0.0,0.0,0.0,0.0
0.5,0.21739130434782084,0.3456790123456841,0.508426966292135,0.3066954643628509,0.3008130081300813,0.0,0.0,0.0,0.0,0.0
1.0,0.5978260869565162,0.6296296296296333,0.3904494382022474,0.4578833693304535,0.21544715447154475,0.0,0.0,0.0,0.0,0.0
0.5,0.7826086956521721,0.5555555555555571,0.7485955056179774,0.21166306695464354,0.6341463414634148,0.0,0.0,0.0,0.0,0.0
1.0,0.6739130434782581,0.5925925925925952,0.175561797752809,0.8725701943844493,0.5650406504065041,0.0,0.0,0.0,0.0,0.0
1.0,0.8043478260869534,0.8395061728395063,0.3286516853932584,0.6781857451403888,0.07723577235772358,0.0,0.0,0.0,0.0,0.0
0.5,0.1630434782608674,0.20987654320987303,0.5140449438202246,0.609071274298056,0.426829268292683,0.0,0.0,0.0,0.0,0.0
1.0,0.4021739130434767,0.5679012345679055,0.9044943820224718,0.17062634989200864,0.7235772357723578,0.0,0.0,0.0,0.0,0.0
0.5,0.4239130434782581,0.3456790123456841,0.4662921348314606,0.42548596112311,0.5731707317073171,0.0,0.0,0.0,0.0,0.0
0.0,0.2608695652173836,0.49382716049382935,0.5435393258426966,0.33909287257019427,0.6504065040650407,0.0,0.0,0.0,0.0,0.0
0.5,0.6521739130434767,0.6296296296296333,0.3497191011235954,0.7408207343412525,0.20731707317073172,0.0,0.0,0.0,0.0,0.0
1.0,0.38043478260869534,0.5555555555555571,0.5617977528089886,0.3369330453563715,0.47154471544715454,0.0,0.0,0.0,0.0,0.0
0.5,0.2391304347826022,0.44444444444444997,0.771067415730337,0.21166306695464354,0.13008130081300814,0.0,0.0,0.0,0.0,0.0
1.0,0.6413043478260789,0.7283950617283992,0.3370786516853932,0.6025917926565874,0.8089430894308944,0.0,0.0,0.0,0.0,0.0
0.5,0.7499999999999929,0.7160493827160508,0.7612359550561798,0.3002159827213823,0.6910569105691058,0.0,0.0,0.0,0.0,0.0
0.5,0.6413043478260789,0.6172839506172849,0.6474719101123594,0.24838012958963285,0.6747967479674798,0.0,0.0,0.0,0.0,0.0
1.0,0.3913043478260789,0.5432098765432158,0.3623595505617978,0.4557235421166307,0.7682926829268294,0.0,0.0,0.0,0.0,0.0
1.0,0.36956521739129755,0.518518518518519,0.3862359550561798,0.43412526997840173,0.5569105691056911,0.0,0.0,0.0,0.0,0.0
1.0,0.2391304347826022,0.45679012345679126,0.6952247191011238,0.3088552915766738,0.6016260162601627,0.0,0.0,0.0,0.0,0.0
0.5,0.3913043478260789,0.518518518518519,0.1769662921348314,0.7796976241900648,0.48373983739837406,0.0,0.0,0.0,0.0,0.0
0.5,0.7826086956521721,0.6419753086419746,0.2064606741573034,0.7948164146868248,0.39430894308943093,0.0,1.0,0.0,0.0,0.0
0.5,0.44565217391303946,0.4197530864197603,0.6839887640449438,0.3412526997840172,0.2764227642276423,0.0,0.0,0.0,0.0,0.0
0.5,0.5543478260869534,0.7037037037037024,0.765449438202247,0.25053995680345564,0.5406504065040652,0.0,0.0,0.0,0.0,0.0
1.0,0.5869565217391255,0.7654320987654302,0.7219101123595506,0.17494600431965435,0.7764227642276423,0.0,0.0,0.0,0.0,0.0
1.0,0.2391304347826022,0.4320987654321016,0.4873595505617978,0.4298056155507559,0.83739837398374,0.0,0.0,0.0,0.0,0.0
1.0,0.5543478260869534,0.5925925925925952,0.5014044943820226,0.28725701943844484,0.13008130081300814,0.0,0.0,0.0,0.0,0.0
0.5,0.5760869565217348,0.6296296296296333,0.491573033707865,0.3974082073434124,0.475609756097561,0.0,0.0,0.0,0.0,0.0
0.5,0.5652173913043441,0.5061728395061778,0.6741573033707866,0.1943844492440605,0.5894308943089431,0.0,0.0,0.0,0.0,0.0
0.5,0.20652173913043015,0.3703703703703738,0.6825842696629214,0.22894168466522669,0.29268292682926833,0.0,0.0,0.0,0.0,0.0
0.5,0.21739130434782084,0.3703703703703738,0.4887640449438202,0.35853131749460043,0.47154471544715454,0.0,0.0,0.0,0.0,0.0
0.5,0.20652173913043015,0.3333333333333357,0.592696629213483,0.21382289416846645,0.7439024390243903,0.0,0.0,0.0,0.0,0.0
0.5,0.3478260869565162,0.3209876543209944,0.8820224719101122,0.09935205183585305,0.10975609756097562,0.0,0.0,0.0,0.0,0.0
0.5,0.18478260869564878,0.3209876543209944,0.4339887640449438,0.6047516198704104,0.5569105691056911,0.0,0.0,0.0,0.0,0.0
0.5,0.6739130434782581,0.6666666666666714,0.3525280898876406,0.6371490280777536,0.524390243902439,0.0,0.0,0.0,0.0,0.0
0.0,0.9021739130434767,0.827160493827158,0.3553370786516854,0.550755939524838,0.03658536585365854,0.0,0.0,0.0,0.0,0.0
0.5,0.6739130434782581,0.6172839506172849,0.3160112359550562,0.5874730021598271,0.32113821138211385,0.0,0.0,0.0,0.0,0.0
1.0,0.03260869565217206,0.06172839506172778,0.4129213483146066,0.5377969762419006,0.1626016260162602,0.0,0.0,0.0,0.0,0.0
1.0,0.4782608695652115,0.48148148148148806,0.1825842696629214,0.8617710583153346,0.7560975609756099,0.0,0.0,0.0,0.0,0.0
0.5,0.8586956521739069,0.7160493827160508,0.5070224719101122,0.48380129589632825,0.9227642276422765,0.0,0.0,0.0,0.0,0.0
1.0,0.5869565217391255,0.6296296296296333,0.7598314606741574,0.21382289416846645,0.3089430894308943,0.0,0.0,0.0,0.0,0.0
0.5,0.3152173913043441,0.2716049382716008,0.303370786516854,0.7516198704103672,0.5650406504065041,0.0,0.0,0.0,0.0,0.0
0.5,0.19565217391303946,0.308641975308646,0.2359550561797754,0.7883369330453562,0.5121951219512195,0.0,0.0,0.0,0.0,0.0
0.5,0.4239130434782581,0.3456790123456841,0.3848314606741574,0.531317494600432,0.7926829268292683,0.0,0.0,0.0,0.0,0.0
1.0,0.7173913043478208,0.6419753086419746,0.383426966292135,0.5075593952483801,0.1829268292682927,0.0,0.0,0.0,0.0,0.0
0.5,0.7282608695652115,0.5802469135802468,0.3750000000000002,0.5723542116630669,0.6707317073170732,0.0,0.0,0.0,0.0,0.0
0.5,0.7282608695652115,0.518518518518519,0.175561797752809,0.8099352051835853,0.8008130081300814,0.0,1.0,0.0,1.0,0.0
0.0,0.4782608695652115,0.6666666666666714,0.2387640449438202,0.5831533477321813,0.5813008130081302,0.0,0.0,0.0,0.0,0.0
1.0,0.8804347826086882,0.8765432098765444,0.616573033707865,0.32397408207343414,0.43495934959349597,0.0,0.0,0.0,0.0,0.0
0.5,0.7065217391304301,0.654320987654323,0.8258426966292134,0.1533477321814254,0.6585365853658537,0.0,0.0,0.0,0.0,0.0
1.0,0.4347826086956488,0.3456790123456841,0.3356741573033708,0.5464362850971921,0.15040650406504066,0.0,0.0,0.0,0.0,0.0
0.5,0.8152173913043441,0.8148148148148167,0.2570224719101124,0.6263498920086392,0.8983739837398375,0.0,0.0,0.0,0.0,0.0
1.0,0.7282608695652115,0.6049382716049436,0.6179775280898878,0.3066954643628509,0.03658536585365854,0.0,0.0,0.0,0.0,0.0
0.5,0.5869565217391255,0.6172839506172849,0.1839887640449438,0.48164146868250535,0.8048780487804879,0.0,0.0,0.0,0.0,0.0
0.5,0.06521739130434412,0.11111111111111427,0.5252808988764046,0.4535637149028078,0.459349593495935,0.0,0.0,0.0,0.0,0.0
1.0,0.5869565217391255,0.6296296296296333,0.396067415730337,0.5421166306695464,0.3739837398373984,0.0,0.0,0.0,0.0,0.0
0.5,0.3260869565217348,0.3333333333333357,0.484550561797753,0.37149028077753765,0.6504065040650407,0.0,0.0,0.0,0.0,0.0
1.0,0.5978260869565162,0.6172839506172849,0.5463483146067414,0.347732181425486,0.6788617886178863,0.0,0.0,0.0,0.0,0.0
1.0,0.891304347826086,0.8888888888888857,0.5463483146067414,0.531317494600432,0.34146341463414637,0.0,0.0,0.0,0.0,0.0
0.0,0.4130434782608674,0.308641975308646,0.3750000000000002,0.5615550755939525,0.4552845528455285,0.0,0.0,0.0,0.0,0.0
1.0,0.35869565217391397,0.49382716049382935,0.6348314606741574,0.2613390928725702,0.4471544715447155,0.0,0.0,0.0,0.0,0.0
0.5,0.19565217391303946,0.3456790123456841,0.5224719101123594,0.347732181425486,0.0,0.0,0.0,0.0,0.0,0.0
1.0,0.3478260869565162,0.45679012345679126,0.4761235955056178,0.5896328293736499,0.0813008130081301,0.0,0.0,0.0,0.0,0.0
0.5,0.36956521739129755,0.5432098765432158,0.6137640449438202,0.3174946004319653,0.4552845528455285,0.0,0.0,0.0,0.0,0.0
1.0,0.4891304347826093,0.4320987654321016,0.6952247191011238,0.20950323974082075,0.821138211382114,0.0,0.0,0.0,0.0,0.0
1.0,0.36956521739129755,0.3456790123456841,0.669943820224719,0.1490280777537797,0.20325203252032523,0.0,0.0,0.0,0.0,0.0
1.0,0.2717391304347814,0.3456790123456841,0.3974719101123594,0.531317494600432,0.3577235772357724,0.0,0.0,0.0,0.0,0.0
0.5,0.1521739130434696,0.2839506172839492,0.5575842696629214,0.2613390928725702,0.1585365853658537,0.0,0.0,0.0,0.0,0.0
0.0,0.3478260869565162,0.49382716049382935,0.5308988764044942,0.32829373650107985,0.8455284552845529,0.0,0.0,0.0,0.0,0.0
0.0,0.7499999999999929,0.6666666666666714,0.6250000000000002,0.2267818574514039,0.426829268292683,0.0,0.0,0.0,0.0,0.0
0.5,0.5217391304347814,0.7160493827160508,0.3806179775280898,0.6976241900647948,0.3658536585365854,0.0,0.0,0.0,0.0,0.0
0.0,0.5326086956521721,0.48148148148148806,0.3637640449438202,0.6285097192224622,0.24796747967479676,0.0,0.0,0.0,0.0,0.0
0.0,0.14130434782608603,0.24691358024691112,0.2851123595505618,0.9114470842332612,0.40650406504065045,0.0,0.0,1.0,0.0,0.0
0.5,0.3152173913043441,0.3333333333333357,0.4410112359550562,0.3801295896328294,0.8414634146341464,0.0,0.0,0.0,0.0,0.0
0.5,0.6847826086956488,0.6172839506172849,0.3455056179775282,0.5075593952483801,0.7154471544715448,0.0,0.0,0.0,0.0,0.0
0.5,0.29347826086956275,0.3827160493827222,0.4297752808988766,0.3542116630669546,0.44308943089430897,0.0,0.0,0.0,0.0,0.0
0.5,0.5869565217391255,0.6172839506172849,0.2106741573033708,0.8833693304535637,0.7195121951219513,0.0,0.0,0.0,0.0,0.0
0.5,0.20652173913043015,0.3703703703703738,0.3932584269662922,0.6436285097192225,0.5934959349593496,0.0,0.0,0.0,0.0,0.0
0.5,0.5652173913043441,0.7283950617283992,0.4803370786516854,0.3779697624190065,0.7764227642276423,0.0,0.0,0.0,0.0,0.0
1.0,0.35869565217391397,0.5555555555555571,0.681179775280899,0.24622030237580994,0.02845528455284553,0.0,0.0,0.0,0.0,0.0
0.5,0.8804347826086882,0.7407407407407405,0.6882022471910114,0.2613390928725702,0.6747967479674798,0.0,0.0,0.0,0.0,0.0
1.0,0.5978260869565162,0.6296296296296333,0.3258426966292136,0.5269978401727862,0.3536585365853659,0.0,0.0,0.0,0.0,0.0
0.5,0.2717391304347814,0.3827160493827222,0.5280898876404494,0.32613390928725705,0.2682926829268293,0.0,0.0,0.0,0.0,0.0
1.0,0.3478260869565162,0.2962962962963047,0.4466292134831462,0.41252699784017277,0.5162601626016261,0.0,0.0,0.0,0.0,0.0
0.5,0.17391304347825098,0.23456790123456983,0.377808988764045,0.5529157667386609,0.49593495934959353,0.0,0.0,0.0,0.0,0.0
0.5,0.5543478260869534,0.7530864197530889,0.6362359550561798,0.263498920086393,0.02845528455284553,0.0,0.0,0.0,0.0,0.0
0.5,0.6847826086956488,0.654320987654323,0.348314606741573,0.48596112311015116,0.6422764227642277,0.0,0.0,0.0,0.0,0.0
0.5,0.021739130434781373,0.03703703703703809,0.5098314606741574,0.3412526997840172,0.6869918699186992,0.0,0.0,0.0,0.0,0.0
0.5,0.25,0.46913580246913966,0.2668539325842696,0.6587473002159827,0.22357723577235775,0.0,0.0,0.0,0.0,0.0
0.5,0.20652173913043015,0.3209876543209944,0.5421348314606742,0.23974082073434122,0.25609756097560976,0.0,0.0,0.0,0.0,0.0
1.0,0.9021739130434767,0.790123456790127,0.6235955056179774,0.2678185745140388,0.02845528455284553,0.0,0.0,0.0,0.0,0.0
1.0,0.35869565217391397,0.45679012345679126,0.396067415730337,0.4535637149028078,0.12195121951219513,0.0,0.0,0.0,0.0,0.0
0.0,0.19565217391303946,0.308641975308646,0.4831460674157302,0.47732181425485964,0.8089430894308944,0.0,0.0,0.0,0.0,0.0
1.0,0.35869565217391397,0.4197530864197603,0.2191011235955056,0.6695464362850971,0.13821138211382114,0.0,0.0,0.0,0.0,0.0
0.5,0.6630434782608603,0.6419753086419746,0.4957865168539326,0.3930885529157666,0.03658536585365854,0.0,0.0,0.0,0.0,0.0
1.0,0.6739130434782581,0.6172839506172849,0.3890449438202246,0.39956803455723544,0.05691056910569106,0.0,0.0,0.0,0.0,0.0
0.5,0.2608695652173836,0.4074074074074119,0.9705056179775282,0.09287257019438444,0.11382113821138212,0.0,0.0,0.0,0.0,0.0
0.0,0.9456521739130395,0.9135802469135825,0.2879213483146068,0.7149028077753781,0.3699186991869919,0.0,0.0,0.0,0.0,0.0
0.5,0.8478260869565233,0.864197530864196,0.2387640449438202,0.6846652267818574,0.39430894308943093,0.0,0.0,0.0,0.0,0.0
0.5,0.8586956521739069,0.7160493827160508,0.455056179775281,0.41252699784017277,0.9146341463414636,0.0,0.0,0.0,0.0,0.0
1.0,0.36956521739129755,0.49382716049382935,0.616573033707865,0.3131749460043196,0.032520325203252036,0.0,0.0,0.0,0.0,0.0
1.0,0.7608695652173907,0.6419753086419746,0.5589887640449438,0.3455723542116631,0.44308943089430897,0.0,0.0,0.0,0.0,0.0
0.0,0.36956521739129755,0.46913580246913966,0.3792134831460674,0.43844492440604743,0.4390243902439025,0.0,0.0,0.0,0.0,0.0
0.0,0.5326086956521721,0.5061728395061778,0.2682584269662922,0.5961123110151187,0.032520325203252036,0.0,0.0,0.0,0.0,0.0
0.5,0.9565217391304373,0.9506172839506135,0.2682584269662922,0.7883369330453562,0.467479674796748,0.0,0.0,0.0,0.0,0.0
1.0,0.7717391304347743,0.5432098765432158,0.473314606741573,0.3563714902807775,0.39430894308943093,0.0,0.0,0.0,0.0,0.0
0.5,0.4130434782608674,0.3950617283950635,0.6980337078651686,0.1533477321814254,0.4471544715447155,0.0,0.0,0.0,0.0,0.0
1.0,0.2391304347826022,0.3333333333333357,0.705056179775281,0.17278617710583155,0.06097560975609757,0.0,0.0,0.0,0.0,0.0
1.0,0.7499999999999929,0.7037037037037024,0.3497191011235954,0.5442764578833692,0.13414634146341464,0.0,0.0,0.0,0.0,0.0
0.0,0.2717391304347814,0.4074074074074119,0.3188202247191012,0.6198704103671706,0.0934959349593496,0.0,0.0,0.0,0.0,0.0
0.0,0.4021739130434767,0.4074074074074119,0.3553370786516854,0.5140388768898487,0.0813008130081301,0.0,0.0,0.0,0.0,0.0
0.5,0.6630434782608603,0.6172839506172849,0.1362359550561798,0.8833693304535637,0.4308943089430895,0.0,0.0,0.0,0.0,0.0
0.5,0.7499999999999929,0.6049382716049436,0.2317415730337078,0.611231101511879,0.6544715447154472,0.0,1.0,0.0,0.0,0.0
1.0,0.3478260869565162,0.45679012345679126,0.25561797752809,0.6177105831533478,0.22764227642276424,0.0,0.0,0.0,0.0,0.0
0.0,0.7608695652173907,0.7654320987654302,0.2682584269662922,0.6976241900647948,0.6260162601626017,0.0,0.0,0.0,0.0,0.0
0.5,0.22826086956521152,0.3209876543209944,0.1418539325842696,0.8682505399568032,0.20325203252032523,0.0,0.0,0.0,0.0,0.0
0.5,0.3369565217391255,0.4320987654321016,0.657303370786517,0.18142548596112307,0.5731707317073171,0.0,0.0,0.0,0.0,0.0
0.5,0.6413043478260789,0.6049382716049436,0.2893258426966292,0.5442764578833692,0.2601626016260163,0.0,0.0,0.0,0.0,0.0
0.0,0.44565217391303946,0.4197530864197603,0.2668539325842696,0.5183585313174945,0.32926829268292684,0.0,0.0,0.0,0.0,0.0
0.5,0.4021739130434767,0.518518518518519,0.5126404494382022,0.3110151187904967,0.8699186991869919,0.0,0.0,0.0,0.0,0.0
1.0,0.7391304347826093,0.7037037037037024,0.3314606741573034,0.347732181425486,0.1910569105691057,0.0,0.0,0.0,0.0,0.0
0.5,0.45652173913043015,0.4320987654321016,0.2949438202247192,0.5874730021598271,0.0813008130081301,0.0,0.0,0.0,0.0,0.0
0.5,0.3913043478260789,0.5432098765432158,0.25,0.6825053995680346,0.7804878048780488,0.0,0.0,0.0,0.0,0.0
0.5,0.8152173913043441,0.8024691358024683,0.3862359550561798,0.6673866090712743,0.17073170731707318,0.0,0.0,0.0,0.0,0.0
1.0,0.4891304347826093,0.6666666666666714,0.377808988764045,0.5226781857451402,0.6788617886178863,0.0,0.0,0.0,0.0,0.0
0.5,0.2717391304347814,0.20987654320987303,0.2415730337078652,0.5550755939524836,0.24390243902439027,0.0,0.0,0.0,0.0,0.0
1.0,0.8043478260869534,0.7283950617283992,0.4466292134831462,0.40388768898488114,0.6951219512195123,0.0,0.0,0.0,0.0,0.0
1.0,0.7934782608695627,0.654320987654323,0.205056179775281,0.6155507559395248,0.451219512195122,0.0,1.0,0.0,0.0,0.0
0.5,0.38043478260869534,0.5555555555555571,0.4508426966292134,0.4514038876889849,0.20731707317073172,0.0,0.0,0.0,0.0,0.0
0.5,0.7391304347826093,0.6172839506172849,0.396067415730337,0.44492440604751615,0.052845528455284556,0.0,0.0,0.0,0.0,0.0
1.0,0.7499999999999929,0.6913580246913611,0.6671348314606742,0.2354211663066954,0.008130081300813009,0.0,0.0,0.0,0.0,0.0
0.5,0.5434782608695627,0.7530864197530889,0.3764044943820226,0.4514038876889849,0.22357723577235775,0.0,0.0,0.0,0.0,0.0
1.0,0.4239130434782581,0.3209876543209944,0.8033707865168538,0.13606911447084225,0.07723577235772358,0.0,0.0,0.0,0.0,0.0
0.0,0.5543478260869534,0.6790123456790127,0.4297752808988766,0.5442764578833692,0.7317073170731708,0.0,0.0,0.0,0.0,0.0
0.5,0.6739130434782581,0.6666666666666714,0.5884831460674158,0.3066954643628509,0.40650406504065045,0.0,0.0,0.0,0.0,0.0
0.5,0.3152173913043441,0.2962962962963047,0.4901685393258426,0.48380129589632825,0.6260162601626017,0.0,0.0,0.0,0.0,0.0
1.0,0.25,0.44444444444444997,0.3258426966292136,0.4578833693304535,0.06910569105691057,0.0,0.0,0.0,0.0,0.0
0.5,0.7173913043478208,0.6419753086419746,0.6081460674157302,0.3110151187904967,0.1869918699186992,0.0,0.0,0.0,0.0,0.0
0.0,0.6739130434782581,0.6172839506172849,0.5842696629213482,0.43844492440604743,0.29268292682926833,0.0,0.0,0.0,0.0,0.0
0.5,0.8478260869565233,0.8518518518518547,0.5126404494382022,0.3520518358531317,0.6097560975609757,0.0,0.0,0.0,0.0,0.0
0.5,0.4347826086956488,0.3456790123456841,0.3174157303370786,0.5334773218142548,0.3699186991869919,0.0,0.0,0.0,0.0,0.0
0.5,0.9239130434782581,0.8765432098765444,0.3651685393258426,0.44492440604751615,0.5894308943089431,0.0,0.0,0.0,0.0,0.0
0.5,0.5434782608695627,0.4320987654321016,0.8764044943820226,0.13606911447084225,0.6869918699186992,0.0,0.0,0.0,0.0,0.0
0.5,0.2391304347826022,0.3950617283950635,0.2907303370786518,0.5291576673866091,0.5691056910569107,0.0,0.0,0.0,0.0,0.0
0.5,0.44565217391303946,0.3703703703703738,0.4508426966292134,0.3822894168466522,0.4552845528455285,0.0,0.0,0.0,0.0,0.0
0.5,0.5978260869565162,0.49382716049382935,0.4185393258426966,0.3887688984881209,0.6219512195121952,0.0,0.0,0.0,0.0,0.0
0.5,0.8260869565217348,0.827160493827158,0.2808988764044944,0.6760259179265657,0.6504065040650407,0.0,0.0,0.0,0.0,0.0
0.0,0.9456521739130395,0.9259259259259238,0.4691011235955058,0.4967602591792656,0.3902439024390244,0.0,0.0,0.0,0.0,0.0
0.5,0.891304347826086,0.7654320987654302,0.5365168539325842,0.40604751619870405,0.04878048780487805,0.0,0.0,0.0,0.0,0.0
0.5,0.6956521739130395,0.5555555555555571,0.2078651685393258,0.8876889848812095,0.1910569105691057,0.0,1.0,0.0,0.0,0.0
0.5,0.5978260869565162,0.7777777777777786,0.4396067415730338,0.4298056155507559,0.7113821138211383,0.0,0.0,0.0,0.0,0.0
1.0,0.44565217391303946,0.4074074074074119,0.2780898876404494,0.5356371490280777,0.3577235772357724,0.0,0.0,0.0,0.0,0.0
0.0,0.2391304347826022,0.3580246913580325,0.3609550561797754,0.5615550755939525,0.34146341463414637,0.0,0.0,0.0,0.0,0.0
0.5,0.9021739130434767,0.9135802469135825,0.3117977528089888,0.3930885529157666,0.23577235772357727,0.0,0.0,0.0,0.0,0.0
1.0,0.6413043478260789,0.5432098765432158,0.526685393258427,0.2699784017278618,0.13821138211382114,0.0,0.0,0.0,0.0,0.0
1.0,0.38043478260869534,0.3827160493827222,0.4410112359550562,0.5766738660907127,0.29268292682926833,0.0,0.0,0.0,0.0,0.0
1.0,0.5978260869565162,0.49382716049382935,0.419943820224719,0.40820734341252696,0.6951219512195123,0.0,0.0,0.0,0.0,0.0
0.5,0.4891304347826093,0.4320987654321016,0.4325842696629214,0.5917926565874729,0.878048780487805,0.0,0.0,0.0,0.0,0.0
0.5,0.9565217391304373,0.9382716049382722,0.771067415730337,0.18142548596112307,0.5365853658536586,0.0,0.0,0.0,0.0,0.0
0.5,0.5760869565217348,0.6913580246913611,0.4887640449438202,0.3974082073434124,0.0,0.0,0.0,0.0,0.0,0.0
1.0,0.8804347826086882,0.8765432098765444,0.5716292134831462,0.3498920086393087,0.459349593495935,0.0,0.0,0.0,0.0,0.0
0.5,0.8804347826086882,0.8765432098765444,0.271067415730337,0.7192224622030237,0.39837398373983746,0.0,0.0,0.0,0.0,0.0
1.0,0.30434782608695343,0.4197530864197603,0.372191011235955,0.6997840172786176,0.6097560975609757,0.0,0.0,0.0,0.0,0.0
0.0,0.3260869565217348,0.3580246913580325,0.3497191011235954,0.6349892008639308,0.3699186991869919,0.0,0.0,0.0,0.0,0.0
0.5,0.25,0.3703703703703738,0.616573033707865,0.3844492440604751,0.32113821138211385,0.0,0.0,0.0,0.0,0.0
1.0,0.18478260869564878,0.24691358024691112,0.1095505617977528,0.6695464362850971,0.5284552845528456,0.0,0.0,0.0,0.0,0.0
1.0,0.5434782608695627,0.7654320987654302,0.693820224719101,0.2311015118790497,0.1951219512195122,0.0,0.0,0.0,0.0,0.0
0.5,0.6739130434782581,0.5802469135802468,0.3398876404494382,0.7408207343412525,0.02845528455284553,0.0,0.0,0.0,0.0,0.0
1.0,0.4891304347826093,0.45679012345679126,0.321629213483146,0.5982721382289415,0.5284552845528456,0.0,0.0,0.0,0.0,0.0
1.0,0.03260869565217206,0.04938271604938649,0.330056179775281,0.5637149028077754,0.0975609756097561,0.0,0.0,0.0,0.0,0.0
1.0,0.5978260869565162,0.6049382716049436,0.4522471910112358,0.347732181425486,0.0,0.0,0.0,0.0,0.0,0.0
0.5,0.3152173913043441,0.3827160493827222,0.4424157303370786,0.3434125269978401,0.1585365853658537,0.0,0.0,0.0,0.0,0.0
0.5,0.3478260869565162,0.2839506172839492,0.2823033707865168,0.8509719222462202,0.10975609756097562,0.0,0.0,0.0,0.0,0.0
1.0,0.8152173913043441,0.8148148148148167,0.3497191011235954,0.6241900647948164,0.8861788617886179,0.0,0.0,0.0,0.0,0.0
1.0,0.21739130434782084,0.3827160493827222,0.5660112359550562,0.2721382289416847,0.5325203252032521,0.0,0.0,0.0,0.0,0.0
0.5,0.46739130434782794,0.5432098765432158,0.5196629213483146,0.386609071274298,0.3373983739837399,0.0,0.0,0.0,0.0,0.0
1.0,0.7173913043478208,0.6419753086419746,0.6432584269662922,0.28293736501079914,0.012195121951219513,0.0,0.0,0.0,0.0,0.0
0.5,0.21739130434782084,0.3580246913580325,0.2837078651685394,0.7580993520518358,0.6341463414634148,0.0,0.0,0.0,0.0,0.0
1.0,0.4021739130434767,0.5679012345679055,0.526685393258427,0.33045356371490275,0.9065040650406505,0.0,0.0,0.0,0.0,0.0
0.5,0.19565217391303946,0.2592592592592595,0.3441011235955058,0.509719222462203,0.7276422764227644,0.0,0.0,0.0,0.0,0.0
0.5,0.6847826086956488,0.5061728395061778,0.4058988764044942,0.48380129589632825,0.3699186991869919,0.0,0.0,0.0,0.0,0.0
0.5,0.38043478260869534,0.518518518518519,0.4803370786516854,0.4233261339092873,0.31300813008130085,0.0,0.0,0.0,0.0,0.0
0.5,0.5434782608695627,0.6666666666666714,0.2879213483146068,0.6328293736501078,0.5203252032520326,0.0,0.0,0.0,0.0,0.0
0.5,0.6413043478260789,0.827160493827158,0.4171348314606742,0.7213822894168467,0.39430894308943093,0.0,0.0,0.0,0.0,0.0
0.5,0.5978260869565162,0.5555555555555571,0.473314606741573,0.3801295896328294,0.7845528455284554,0.0,0.0,0.0,0.0,0.0
0.5,0.3369565217391255,0.5432098765432158,0.491573033707865,0.32613390928725705,0.3739837398373984,0.0,0.0,0.0,0.0,0.0
1.0,0.19565217391303946,0.2962962962963047,0.4536516853932586,0.3801295896328294,0.853658536585366,0.0,0.0,0.0,0.0,0.0
0.5,0.3478260869565162,0.3209876543209944,0.4508426966292134,0.386609071274298,0.0813008130081301,0.0,0.0,0.0,0.0,0.0
0.5,0.2608695652173836,0.17283950617284205,0.747191011235955,0.21814254859611226,0.0,0.0,0.0,0.0,0.0,0.0
0.5,0.5108695652173907,0.4197530864197603,0.4297752808988766,0.4362850971922245,0.02845528455284553,0.0,0.0,0.0,0.0,0.0
1.0,0.5326086956521721,0.49382716049382935,0.3160112359550562,0.5161987041036716,0.5853658536585367,0.0,0.0,0.0,0.0,0.0
0.5,0.7282608695652115,0.5679012345679055,0.6530898876404494,0.20518358531317493,0.6382113821138212,0.0,0.0,0.0,0.0,0.0
0.0,0.38043478260869534,0.3456790123456841,0.247191011235955,0.593952483801296,0.3455284552845529,0.0,0.0,0.0,0.0,0.0
0.5,0.891304347826086,0.7283950617283992,0.3441011235955058,0.5637149028077754,0.5650406504065041,0.0,0.0,0.0,0.0,0.0
0.5,0.5760869565217348,0.5061728395061778,0.330056179775281,0.48812095032397407,0.5975609756097562,0.0,0.0,0.0,0.0,0.0
0.5,0.5760869565217348,0.49382716049382935,0.609550561797753,0.28293736501079914,0.7520325203252033,0.0,0.0,0.0,0.0,0.0
0.5,0.7608695652173907,0.5432098765432158,0.2387640449438202,0.6652267818574513,0.14634146341463417,0.0,1.0,0.0,0.0,0.0
0.5,0.8804347826086882,0.7530864197530889,0.443820224719101,0.5377969762419006,0.06504065040650407,0.0,0.0,0.0,0.0,0.0
0.5,0.5543478260869534,0.7283950617283992,0.8876404494382022,0.07343412526997839,0.19918699186991873,0.0,0.0,0.0,0.0,0.0
1.0,0.29347826086956275,0.23456790123456983,0.8553370786516854,0.12742980561555073,0.48373983739837406,0.0,0.0,0.0,0.0,0.0
0.5,0.35869565217391397,0.3333333333333357,0.532303370786517,0.3088552915766738,0.10162601626016261,0.0,0.0,0.0,0.0,0.0
1.0,0.7499999999999929,0.6790123456790127,0.5070224719101122,0.5075593952483801,0.25609756097560976,0.0,0.0,0.0,0.0,0.0
0.5,0.6956521739130395,0.6666666666666714,0.6474719101123594,0.2742980561555075,0.83739837398374,0.0,0.0,0.0,0.0,0.0
0.5,0.30434782608695343,0.3703703703703738,0.5407303370786518,0.2764578833693304,0.04065040650406505,0.0,0.0,0.0,0.0,0.0
0.5,0.3478260869565162,0.5061728395061778,0.4002808988764046,0.44924406047516185,0.6382113821138212,0.0,0.0,0.0,0.0,0.0
0.0,0.5326086956521721,0.7037037037037024,0.1910112359550562,0.7451403887688985,0.06097560975609757,0.0,0.0,0.0,0.0,0.0
1.0,0.9239130434782581,0.864197530864196,0.4452247191011238,0.4665226781857451,0.508130081300813,0.0,0.0,0.0,0.0,0.0
1.0,0.03260869565217206,0.04938271604938649,0.657303370786517,0.17278617710583155,0.4471544715447155,0.0,0.0,0.0,0.0,0.0
0.5,0.6739130434782581,0.6049382716049436,0.4761235955056178,0.4514038876889849,0.4634146341463415,0.0,0.0,0.0,0.0,0.0
0.5,0.7065217391304301,0.6049382716049436,0.2654494382022472,0.7473002159827213,0.38617886178861793,0.0,0.0,0.0,0.0,0.0
1.0,0.9239130434782581,0.8888888888888857,0.8876404494382022,0.16630669546436283,0.2682926829268293,0.0,0.0,0.0,0.0,0.0
1.0,0.20652173913043015,0.3209876543209944,0.5547752808988766,0.3822894168466522,0.012195121951219513,0.0,0.0,0.0,0.0,0.0
0.0,0.29347826086956275,0.3580246913580325,0.4817415730337078,0.4686825053995679,0.6504065040650407,0.0,0.0,0.0,0.0,0.0
1.0,0.38043478260869534,0.5432098765432158,0.4466292134831462,0.6177105831533478,0.7804878048780488,0.0,0.0,0.0,0.0,0.0
0.5,0.6413043478260789,0.6296296296296333,0.4157303370786518,0.4557235421166307,0.6300813008130082,0.0,0.0,0.0,0.0,0.0
0.5,0.19565217391303946,0.2839506172839492,0.3988764044943822,0.49028077753779686,0.6869918699186992,0.0,0.0,0.0,0.0,0.0
0.5,0.25,0.48148148148148806,0.4466292134831462,0.6414686825053995,0.902439024390244,0.0,0.0,0.0,1.0,0.0
0.5,0.7173913043478208,0.6419753086419746,0.5491573033707866,0.24406047516198692,0.10975609756097562,0.0,0.0,0.0,0.0,0.0
0.5,0.4021739130434767,0.5802469135802468,0.7443820224719102,0.17062634989200864,0.47154471544715454,0.0,0.0,0.0,0.0,0.0
0.5,0.4239130434782581,0.3333333333333357,0.396067415730337,0.32181425485961124,0.8170731707317074,0.0,0.0,0.0,0.0,0.0
0.5,0.29347826086956275,0.2839506172839492,0.3511235955056178,0.41252699784017277,0.3536585365853659,0.0,0.0,0.0,0.0,0.0
0.5,0.4239130434782581,0.3333333333333357,0.9241573033707866,0.05831533477321815,0.1626016260162602,0.0,0.0,0.0,0.0,0.0
0.5,0.38043478260869534,0.3456790123456841,0.3693820224719102,0.36501079913606904,0.04471544715447155,0.0,0.0,0.0,0.0,0.0
1.0,0.22826086956521152,0.4197530864197603,0.5603932584269662,0.3412526997840172,0.7317073170731708,0.0,0.0,0.0,0.0,0.0
0.5,0.4347826086956488,0.5925925925925952,0.4522471910112358,0.40388768898488114,0.12195121951219513,0.0,0.0,0.0,0.0,0.0
0.0,0.46739130434782794,0.654320987654323,0.7457865168539326,0.21814254859611226,0.5203252032520326,0.0,0.0,0.0,0.0,0.0
0.5,0.3369565217391255,0.4074074074074119,0.4087078651685394,0.7041036717062634,0.38617886178861793,0.0,0.0,0.0,0.0,0.0
0.5,0.7608695652173907,0.7407407407407405,0.8567415730337078,0.11231101511879049,0.8130081300813009,0.0,0.0,0.0,0.0,0.0
1.0,0.7934782608695627,0.5925925925925952,0.5042134831460674,0.427645788336933,0.7479674796747968,0.0,0.0,0.0,0.0,0.0
0.0,0.7608695652173907,0.7530864197530889,0.872191011235955,0.10583153347732177,0.17479674796747968,0.0,0.0,0.0,0.0,0.0
1.0,0.7499999999999929,0.7160493827160508,0.4157303370786518,0.4190064794816414,0.14634146341463417,0.0,0.0,0.0,0.0,0.0
0.5,0.2608695652173836,0.48148148148148806,0.4171348314606742,0.6004319654427646,0.07317073170731708,0.0,0.0,0.0,0.0,0.0
0.5,0.7065217391304301,0.5308641975308674,0.2949438202247192,0.5356371490280777,0.8455284552845529,0.0,0.0,0.0,0.0,0.0
0.5,0.9130434782608674,0.9012345679012341,0.3848314606741574,0.5183585313174945,0.1626016260162602,0.0,0.0,0.0,0.0,0.0
0.0,0.5652173913043441,0.6172839506172849,0.6615168539325842,0.18358531317494597,0.6544715447154472,0.0,0.0,0.0,0.0,0.0
1.0,0.9673913043478208,0.9629629629629619,0.3567415730337078,0.5853131749460043,0.41463414634146345,0.0,0.0,0.0,0.0,0.0
0.5,0.1630434782608674,0.2592592592592595,0.2668539325842696,0.49244060475161977,0.3008130081300813,0.0,0.0,0.0,0.0,0.0
0.5,0.5217391304347814,0.4074074074074119,0.3103932584269664,0.7494600431965441,0.11788617886178863,0.0,0.0,0.0,0.0,0.0
1.0,0.7717391304347743,0.790123456790127,0.4339887640449438,0.5961123110151187,0.02845528455284553,0.0,0.0,0.0,0.0,0.0
0.5,0.1521739130434696,0.2592592592592595,0.3792134831460674,0.5593952483801296,0.13414634146341464,0.0,0.0,0.0,0.0,0.0
1.0,0.891304347826086,0.8148148148148167,0.5056179775280898,0.28509719222462193,0.2886178861788618,0.0,0.0,0.0,0.0,0.0
1.0,0.5326086956521721,0.7407407407407405,0.5224719101123594,0.37365010799136056,0.6869918699186992,0.0,0.0,0.0,0.0,0.0
1.0,0.5869565217391255,0.654320987654323,0.273876404494382,0.6803455723542116,0.5284552845528456,0.0,0.0,0.0,0.0,0.0
0.5,0.9565217391304373,0.9259259259259238,0.321629213483146,0.5917926565874729,0.6097560975609757,0.0,0.0,0.0,0.0,0.0
1.0,0.7826086956521721,0.6666666666666714,0.6390449438202246,0.25701943844492436,0.8048780487804879,0.0,0.0,0.0,0.0,0.0
1.0,0.4239130434782581,0.3580246913580325,0.2584269662921348,0.593952483801296,0.6829268292682927,0.0,0.0,0.0,0.0,0.0
0.5,0.8260869565217348,0.827160493827158,0.3693820224719102,0.4665226781857451,0.7967479674796749,0.0,0.0,0.0,0.0,0.0
0.0,0.7717391304347743,0.6666666666666714,0.5547752808988766,0.263498920086393,0.7967479674796749,0.0,0.0,0.0,0.0,0.0
1.0,0.5869565217391255,0.6049382716049436,0.2331460674157304,0.7429805615550755,0.07723577235772358,0.0,0.0,0.0,0.0,0.0
0.0,0.5434782608695627,0.46913580246913966,0.3581460674157302,0.5161987041036716,0.23983739837398377,0.0,0.0,0.0,0.0,0.0
0.5,0.5652173913043441,0.46913580246913966,0.6601123595505618,0.16198704103671702,0.2520325203252033,0.0,0.0,0.0,0.0,0.0
1.0,0.6304347826086953,0.6049382716049436,0.178370786516854,0.6198704103671706,0.41869918699187,0.0,0.0,0.0,0.0,0.0
1.0,0.7499999999999929,0.7160493827160508,0.532303370786517,0.386609071274298,0.6585365853658537,0.0,0.0,0.0,0.0,0.0
0.0,0.9130434782608674,0.8395061728395063,0.473314606741573,0.33477321814254857,0.6260162601626017,0.0,0.0,0.0,0.0,0.0
0.5,0.28260869565216495,0.2592592592592595,0.4985955056179774,0.3974082073434124,0.5,0.0,0.0,0.0,0.0,0.0
0.5,0.30434782608695343,0.23456790123456983,0.3890449438202246,0.5701943844492441,0.5813008130081302,0.0,0.0,0.0,0.0,0.0
1.0,0.7065217391304301,0.518518518518519,0.2120786516853932,0.8833693304535637,0.7398373983739838,0.0,1.0,0.0,0.0,0.0
0.0,0.3913043478260789,0.3827160493827222,0.6151685393258426,0.2721382289416847,0.30487804878048785,0.0,0.0,0.0,0.0,0.0
0.5,0.8043478260869534,0.6049382716049436,0.4466292134831462,0.6177105831533478,0.016260162601626018,0.0,0.0,0.0,0.0,0.0
0.5,0.5760869565217348,0.7283950617283992,0.3820224719101122,0.6025917926565874,0.8252032520325204,0.0,0.0,0.0,0.0,0.0
0.5,0.8478260869565233,0.6790123456790127,0.622191011235955,0.263498920086393,0.08536585365853659,0.0,0.0,0.0,0.0,0.0
1.0,0.3478260869565162,0.49382716049382935,0.2401685393258428,0.8790496760259179,0.3902439024390244,0.0,0.0,0.0,0.0,0.0
0.5,0.8369565217391255,0.6913580246913611,0.8567415730337078,0.1987041036717062,0.6382113821138212,0.0,0.0,0.0,0.0,0.0
0.0,0.5760869565217348,0.5802469135802468,0.4157303370786518,0.33477321814254857,0.6097560975609757,0.0,0.0,0.0,0.0,0.0
0.0,0.36956521739129755,0.4320987654321016,0.3735955056179774,0.47948164146868244,0.7398373983739838,0.0,0.0,0.0,0.0,0.0
0.5,0.5760869565217348,0.45679012345679126,0.3637640449438202,0.4989200863930886,0.3902439024390244,0.0,0.0,0.0,0.0,0.0
1.0,0.7282608695652115,0.5925925925925952,0.3398876404494382,0.531317494600432,0.3089430894308943,0.0,0.0,0.0,0.0,0.0
0.5,0.20652173913043015,0.2716049382716008,0.5575842696629214,0.33909287257019427,0.5691056910569107,0.0,0.0,0.0,0.0,0.0
1.0,0.891304347826086,0.8888888888888857,0.6109550561797754,0.22246220302375808,0.5284552845528456,0.0,0.0,0.0,0.0,0.0
0.5,0.6630434782608603,0.6666666666666714,0.866573033707865,0.12742980561555073,0.5487804878048781,0.0,0.0,0.0,0.0,0.0
0.5,0.5760869565217348,0.44444444444444997,0.3174157303370786,0.40172786177105835,0.467479674796748,0.0,0.0,0.0,0.0,0.0
1.0,0.3260869565217348,0.48148148148148806,0.699438202247191,0.1511879049676026,0.7886178861788619,0.0,0.0,0.0,0.0,0.0
0.0,0.2391304347826022,0.3827160493827222,0.9002808988764046,0.08423326133909281,0.7276422764227644,0.0,0.0,0.0,0.0,0.0
0.0,0.4021739130434767,0.5802469135802468,0.693820224719101,0.2311015118790497,0.2967479674796748,0.0,0.0,0.0,0.0,0.0
0.5,0.9239130434782581,0.9135802469135825,0.3356741573033708,0.48164146868250535,0.6178861788617886,0.0,0.0,0.0,0.0,0.0
1.0,0.30434782608695343,0.308641975308646,0.223314606741573,0.6047516198704104,0.21951219512195125,0.0,0.0,0.0,0.0,0.0
1.0,0.5108695652173907,0.7037037037037024,0.7148876404494382,0.1922246220302375,0.878048780487805,1.0,0.0,0.0,0.0,0.0
1.0,0.6630434782608603,0.6419753086419746,0.5252808988764046,0.41468682505399557,0.7073170731707318,0.0,0.0,0.0,0.0,0.0
1.0,0.7608695652173907,0.7407407407407405,0.705056179775281,0.2311015118790497,0.5284552845528456,0.0,0.0,0.0,0.0,0.0
0.5,0.5326086956521721,0.7037037037037024,0.3398876404494382,0.5205183585313174,0.34146341463414637,0.0,0.0,0.0,0.0,0.0
0.0,0.8478260869565233,0.6913580246913611,0.4367977528089886,0.48812095032397407,0.8983739837398375,0.0,0.0,0.0,0.0,0.0
1.0,0.6521739130434767,0.6666666666666714,0.3581460674157302,0.4946004319654427,0.5569105691056911,0.0,0.0,0.0,0.0,0.0
1.0,0.25,0.3703703703703738,0.3314606741573034,0.4665226781857451,0.32926829268292684,0.0,0.0,0.0,0.0,0.0
1.0,0.10869565217390686,0.19753086419753174,0.2598314606741574,0.6349892008639308,0.04065040650406505,0.0,0.0,0.0,0.0,0.0
0.5,0.2391304347826022,0.3827160493827222,0.4129213483146066,0.40820734341252696,0.5162601626016261,0.0,0.0,0.0,0.0,0.0
1.0,0.7282608695652115,0.5802469135802468,0.9058988764044942,0.13390928725701945,0.33333333333333337,0.0,0.0,0.0,0.0,0.0
1.0,0.5869565217391255,0.6666666666666714,0.5969101123595506,0.32829373650107985,0.6788617886178863,0.0,0.0,0.0,0.0,0.0
0.5,0.5108695652173907,0.7160493827160508,0.3679775280898878,0.4643628509719222,0.32926829268292684,0.0,0.0,0.0,0.0,0.0
0.5,0.5217391304347814,0.49382716049382935,0.2514044943820224,0.6263498920086392,0.0934959349593496,0.0,0.0,0.0,0.0,0.0
1.0,0.4347826086956488,0.3456790123456841,0.2851123595505618,0.47732181425485964,0.12195121951219513,0.0,0.0,0.0,0.0,0.0
1.0,0.7282608695652115,0.6296296296296333,0.598314606741573,0.32613390928725705,0.016260162601626018,0.0,0.0,0.0,0.0,0.0
0.5,0.21739130434782084,0.3209876543209944,0.11938202247191021,0.8747300215982721,0.48373983739837406,0.0,0.0,0.0,0.0,0.0
0.5,0.3260869565217348,0.4320987654321016,0.383426966292135,0.548596112311015,0.30487804878048785,0.0,0.0,0.0,0.0,0.0
0.5,0.5434782608695627,0.518518518518519,0.4831460674157302,0.4600431965442764,0.008130081300813009,0.0,0.0,0.0,0.0,0.0
0.5,0.6630434782608603,0.6049382716049436,0.2780898876404494,0.5615550755939525,0.28455284552845533,0.0,0.0,0.0,0.0,0.0
0.5,0.19565217391303946,0.3456790123456841,0.196629213483146,0.5248380129589632,0.8414634146341464,1.0,0.0,0.0,0.0,0.0
0.5,0.5869565217391255,0.6790123456790127,0.377808988764045,0.5248380129589632,0.13414634146341464,0.0,0.0,0.0,0.0,0.0
0.5,0.5108695652173907,0.7037037037037024,0.4269662921348314,0.4557235421166307,0.0894308943089431,0.0,0.0,0.0,0.0,0.0
0.0,0.8260869565217348,0.8148148148148167,0.3286516853932584,0.6177105831533478,0.10569105691056911,0.0,0.0,0.0,0.0,0.0
0.5,0.35869565217391397,0.48148148148148806,0.5337078651685394,0.32181425485961124,0.08536585365853659,0.0,0.0,0.0,0.0,0.0
1.0,0.6630434782608603,0.6049382716049436,0.3946629213483146,0.37365010799136056,0.3008130081300813,0.0,0.0,0.0,0.0,0.0
0.5,0.5217391304347814,0.48148148148148806,0.6544943820224718,0.29157667386609065,0.6829268292682927,0.0,0.0,0.0,0.0,0.0
1.0,0.6195652173912976,0.6419753086419746,0.521067415730337,0.2721382289416847,0.23983739837398377,0.0,0.0,0.0,0.0,0.0
0.5,0.1630434782608674,0.2839506172839492,0.5632022471910114,0.43844492440604743,0.9227642276422765,0.0,0.0,0.0,0.0,0.0
0.0,0.7391304347826093,0.654320987654323,0.7668539325842698,0.12958963282937364,0.853658536585366,0.0,0.0,0.0,0.0,0.0
0.5,0.2717391304347814,0.19753086419753174,0.321629213483146,0.6609071274298055,0.0975609756097561,0.0,0.0,0.0,0.0,0.0
0.5,0.7608695652173907,0.654320987654323,0.321629213483146,0.5809935205183585,0.6666666666666667,0.0,0.0,0.0,0.0,0.0
0.5,0.36956521739129755,0.48148148148148806,0.3637640449438202,0.7667386609071274,0.7886178861788619,0.0,0.0,0.0,0.0,0.0
0.5,0.5434782608695627,0.7160493827160508,0.3089887640449438,0.8639308855291576,0.23577235772357727,0.0,0.0,0.0,0.0,0.0
0.5,0.3152173913043441,0.3333333333333357,0.3384831460674158,0.593952483801296,0.7276422764227644,0.0,0.0,0.0,0.0,0.0
1.0,0.8369565217391255,0.864197530864196,0.3412921348314606,0.5766738660907127,0.4024390243902439,0.0,0.0,0.0,0.0,0.0
0.5,0.8043478260869534,0.6049382716049436,0.7120786516853934,0.14254859611231097,0.016260162601626018,0.0,0.0,0.0,0.0,0.0
1.0,0.7282608695652115,0.6913580246913611,0.7612359550561798,0.16414686825053992,0.0934959349593496,0.0,0.0,0.0,0.0,0.0
0.5,0.38043478260869534,0.3580246913580325,0.460674157303371,0.3455723542116631,0.6382113821138212,0.0,0.0,0.0,0.0,0.0
0.5,0.44565217391303946,0.6296296296296333,0.616573033707865,0.29157667386609065,0.8821138211382115,0.0,0.0,0.0,0.0,0.0
1.0,0.4239130434782581,0.3333333333333357,0.2991573033707866,0.6177105831533478,0.052845528455284556,0.0,0.0,0.0,0.0,0.0
0.5,0.7499999999999929,0.6790123456790127,0.3764044943820226,0.4686825053995679,0.2682926829268293,0.0,0.0,0.0,0.0,0.0
0.5,0.3152173913043441,0.2962962962963047,0.279494382022472,0.5053995680345572,0.15040650406504066,0.0,0.0,0.0,0.0,0.0
0.5,0.29347826086956275,0.24691358024691112,0.2865168539325842,0.6630669546436283,0.8292682926829269,0.0,0.0,0.0,0.0,0.0
0.0,0.7608695652173907,0.7407407407407405,0.419943820224719,0.40820734341252696,0.5162601626016261,0.0,0.0,0.0,0.0,0.0
1.0,0.4021739130434767,0.5432098765432158,0.5758426966292134,0.33045356371490275,0.020325203252032523,0.0,0.0,0.0,0.0,0.0
0.5,0.5326086956521721,0.7037037037037024,0.3932584269662922,0.3758099352051836,0.5894308943089431,0.0,0.0,0.0,0.0,0.0
0.5,0.6195652173912976,0.654320987654323,0.5589887640449438,0.36501079913606904,0.5162601626016261,0.0,0.0,0.0,0.0,0.0
1.0,0.5434782608695627,0.48148148148148806,0.3019662921348314,0.7257019438444925,0.33333333333333337,0.0,0.0,0.0,0.0,0.0
1.0,0.7282608695652115,0.6049382716049436,0.5337078651685394,0.4514038876889849,0.7479674796747968,0.0,0.0,0.0,0.0,0.0
0.5,0.9565217391304373,0.9259259259259238,0.4002808988764046,0.4168466522678185,0.6016260162601627,0.0,0.0,0.0,0.0,0.0
0.5,0.20652173913043015,0.3333333333333357,0.3890449438202246,0.47516198704103674,0.16666666666666669,0.0,0.0,0.0,0.0,0.0
1.0,0.29347826086956275,0.22222222222222143,0.2865168539325842,0.548596112311015,0.6747967479674798,0.0,0.0,0.0,0.0,0.0
0.5,0.3152173913043441,0.3703703703703738,0.3707865168539326,0.611231101511879,0.20731707317073172,0.0,0.0,0.0,0.0,0.0
0.5,0.4891304347826093,0.46913580246913966,0.508426966292135,0.2613390928725702,0.07317073170731708,0.0,0.0,0.0,0.0,0.0
0.5,0.5760869565217348,0.5308641975308674,0.1825842696629214,0.7084233261339092,0.37804878048780494,0.0,0.0,0.0,0.0,0.0
0.5,0.7391304347826093,0.7160493827160508,0.7640449438202246,0.16414686825053992,0.20325203252032523,0.0,0.0,0.0,0.0,0.0
0.5,0.8478260869565233,0.6790123456790127,0.6250000000000002,0.32613390928725705,0.0934959349593496,0.0,0.0,0.0,0.0,0.0
0.5,0.1630434782608674,0.2716049382716008,0.3328651685393258,0.5464362850971921,0.28455284552845533,0.0,0.0,0.0,0.0,0.0
0.5,0.6630434782608603,0.5802469135802468,0.1657303370786518,0.6717062634989202,0.4552845528455285,0.0,0.0,0.0,0.0,0.0
0.5,0.4347826086956488,0.6049382716049436,0.3651685393258426,0.5529157667386609,0.39430894308943093,0.0,0.0,0.0,0.0,0.0
0.5,0.891304347826086,0.7777777777777786,0.3623595505617978,0.792656587473002,0.3577235772357724,0.0,0.0,0.0,0.0,0.0
0.5,0.6956521739130395,0.654320987654323,0.5098314606741574,0.4946004319654427,0.0934959349593496,0.0,0.0,0.0,0.0,0.0
1.0,0.5978260869565162,0.6049382716049436,0.6825842696629214,0.17926565874730016,0.32113821138211385,0.0,0.0,0.0,0.0,0.0
0.5,0.2391304347826022,0.4074074074074119,0.1924157303370786,0.7473002159827213,0.7276422764227644,0.0,0.0,0.0,0.0,0.0
0.5,0.9565217391304373,0.9753086419753103,0.279494382022472,0.5745140388768899,0.5447154471544716,0.0,0.0,0.0,0.0,0.0
0.5,0.21739130434782084,0.3333333333333357,0.4058988764044942,0.4578833693304535,0.2723577235772358,0.0,0.0,0.0,0.0,0.0
1.0,0.7065217391304301,0.6666666666666714,0.6741573033707866,0.24838012958963285,0.8089430894308944,0.0,0.0,0.0,0.0,0.0
0.0,0.7717391304347743,0.5555555555555571,0.353932584269663,0.5356371490280777,0.5162601626016261,0.0,0.0,0.0,0.0,0.0
0.5,0.29347826086956275,0.3209876543209944,0.2514044943820224,0.792656587473002,0.878048780487805,0.0,0.0,0.0,1.0,0.0
1.0,0.9130434782608674,0.827160493827158,0.6446629213483146,0.263498920086393,0.83739837398374,0.0,0.0,0.0,0.0,0.0
1.0,0.25,0.4320987654321016,0.3637640449438202,0.6047516198704104,0.0,0.0,0.0,0.0,0.0,0.0
0.5,0.7391304347826093,0.6790123456790127,0.4719101123595506,0.41468682505399557,0.6300813008130082,0.0,0.0,0.0,0.0,0.0
0.0,0.5326086956521721,0.49382716049382935,0.4213483146067414,0.5118790496760258,0.4390243902439025,0.0,0.0,0.0,0.0,0.0
0.0,0.5108695652173907,0.5802469135802468,0.9803370786516854,0.038876889848812046,0.41463414634146345,0.0,0.0,0.0,0.0,0.0
1.0,0.3478260869565162,0.3827160493827222,0.5252808988764046,0.3434125269978401,0.08536585365853659,0.0,0.0,0.0,0.0,0.0
1.0,0.45652173913043015,0.4197530864197603,0.3328651685393258,0.6349892008639308,0.020325203252032523,0.0,0.0,0.0,0.0,0.0
0.5,0.6630434782608603,0.5925925925925952,0.4297752808988766,0.5053995680345572,0.39837398373983746,0.0,0.0,0.0,0.0,0.0
0.5,0.5652173913043441,0.7654320987654302,0.348314606741573,0.6328293736501078,0.15040650406504066,0.0,0.0,0.0,0.0,0.0
0.5,0.5869565217391255,0.6419753086419746,0.2429775280898876,0.9762419006479479,0.2682926829268293,0.0,0.0,1.0,0.0,0.0
0.5,0.7391304347826093,0.5925925925925952,0.7205056179775282,0.2332613390928725,0.43495934959349597,0.0,0.0,0.0,0.0,0.0
1.0,0.7282608695652115,0.6790123456790127,0.6207865168539326,0.22894168466522669,0.7682926829268294,0.0,0.0,0.0,0.0,0.0
0.5,0.6739130434782581,0.5925925925925952,0.3792134831460674,0.5205183585313174,0.524390243902439,0.0,0.0,0.0,0.0,0.0
0.5,0.44565217391303946,0.5802469135802468,0.4578651685393258,0.44276457883369325,0.7113821138211383,0.0,0.0,0.0,0.0,0.0
0.5,0.6739130434782581,0.6790123456790127,0.7261235955056178,0.1879049676025918,0.1585365853658537,0.0,0.0,0.0,0.0,0.0
0.5,0.2391304347826022,0.3333333333333357,0.3609550561797754,0.3412526997840172,0.052845528455284556,0.0,0.0,0.0,0.0,0.0
0.0,0.5326086956521721,0.7160493827160508,0.3412921348314606,0.5226781857451402,0.2967479674796748,0.0,0.0,0.0,0.0,0.0
0.0,0.38043478260869534,0.48148148148148806,0.467696629213483,0.43412526997840173,0.6178861788617886,0.0,0.0,0.0,0.0,0.0
0.5,0.6521739130434767,0.5925925925925952,0.3132022471910112,0.5831533477321813,0.3373983739837399,0.0,0.0,0.0,0.0,0.0
0.5,0.25,0.3209876543209944,0.4143258426966294,0.47948164146868244,0.7845528455284554,0.0,0.0,0.0,0.0,0.0
0.5,0.18478260869564878,0.24691358024691112,0.4480337078651686,0.4168466522678185,0.5121951219512195,0.0,0.0,0.0,0.0,0.0
0.5,0.25,0.4197530864197603,0.3735955056179774,0.6263498920086392,0.7073170731707318,0.0,0.0,0.0,0.0,0.0
0.5,0.043478260869562746,0.07407407407407618,0.431179775280899,0.3066954643628509,0.39430894308943093,0.0,0.0,0.0,0.0,0.0
1.0,0.5217391304347814,0.5679012345679055,0.2345505617977528,0.6198704103671706,0.20325203252032523,0.0,0.0,0.0,0.0,0.0
0.5,0.3369565217391255,0.46913580246913966,0.3750000000000002,0.6004319654427646,0.4552845528455285,0.0,0.0,0.0,0.0,0.0
0.0,0.7934782608695627,0.5802469135802468,0.6544943820224718,0.21598272138228936,0.2520325203252033,0.0,0.0,0.0,0.0,0.0
0.5,0.6630434782608603,0.6172839506172849,0.3398876404494382,0.5399568034557235,0.02845528455284553,0.0,0.0,0.0,0.0,0.0
1.0,0.5543478260869534,0.7407407407407405,0.4564606741573034,0.5464362850971921,0.6666666666666667,0.0,0.0,0.0,0.0,0.0
0.0,0.38043478260869534,0.5432098765432158,0.7317415730337078,0.22894168466522669,0.6097560975609757,0.0,0.0,0.0,0.0,0.0
0.5,0.8804347826086882,0.8148148148148167,0.6741573033707866,0.2980561555075594,0.3170731707317074,0.0,0.0,0.0,0.0,0.0
0.5,0.7391304347826093,0.654320987654323,0.2359550561797754,0.6349892008639308,0.7967479674796749,0.0,0.0,0.0,0.0,0.0
1.0,0.3152173913043441,0.4320987654321016,0.2092696629213484,0.8660907127429804,0.5975609756097562,0.0,0.0,0.0,0.0,0.0
1.0,0.4021739130434767,0.49382716049382935,0.330056179775281,0.531317494600432,0.8495934959349595,0.0,0.0,0.0,0.0,0.0
1.0,0.5760869565217348,0.6049382716049436,0.3089887640449438,0.6544276457883369,0.2601626016260163,0.0,0.0,0.0,0.0,0.0
0.5,0.35869565217391397,0.45679012345679126,0.3707865168539326,0.43412526997840173,0.7032520325203253,0.0,0.0,0.0,0.0,0.0
0.5,0.7173913043478208,0.6419753086419746,0.8651685393258426,0.08855291576673863,0.21951219512195125,0.0,0.0,0.0,0.0,0.0
0.5,0.5543478260869534,0.48148148148148806,0.2851123595505618,0.7948164146868248,0.6910569105691058,0.0,0.0,0.0,0.0,0.0
1.0,0.30434782608695343,0.3209876543209944,0.6980337078651686,0.29373650107991367,0.7520325203252033,0.0,0.0,0.0,0.0,0.0
0.5,0.3152173913043441,0.3333333333333357,0.4129213483146066,0.6436285097192225,0.29268292682926833,0.0,0.0,0.0,0.0,0.0
1.0,0.3913043478260789,0.3580246913580325,0.5491573033707866,0.28941684665226775,0.5203252032520326,0.0,0.0,0.0,0.0,0.0
1.0,0.3152173913043441,0.2839506172839492,0.5533707865168538,0.3412526997840172,0.6138211382113822,0.0,0.0,0.0,0.0,0.0
0.5,0.38043478260869534,0.45679012345679126,0.2865168539325842,0.7343412526997839,0.6951219512195123,0.0,0.0,0.0,0.0,0.0
0.5,0.3369565217391255,0.45679012345679126,0.5014044943820226,0.4989200863930886,0.5731707317073171,0.0,0.0,0.0,0.0,0.0
1.0,0.38043478260869534,0.44444444444444997,0.6109550561797754,0.32397408207343414,0.7032520325203253,0.0,0.0,0.0,0.0,0.0
0.0,0.5543478260869534,0.45679012345679126,0.4873595505617978,0.43844492440604743,0.4552845528455285,0.0,0.0,0.0,0.0,0.0
1.0,0.35869565217391397,0.5308641975308674,0.699438202247191,0.33261339092872566,0.1788617886178862,0.0,0.0,0.0,0.0,0.0
0.0,0.3913043478260789,0.48148148148148806,0.585674157303371,0.28941684665226775,0.7113821138211383,0.0,0.0,0.0,0.0,0.0
1.0,0.22826086956521152,0.3580246913580325,0.377808988764045,0.4557235421166307,0.8008130081300814,0.0,0.0,0.0,0.0,0.0
1.0,0.6956521739130395,0.6296296296296333,0.4480337078651686,0.3088552915766738,0.6382113821138212,0.0,0.0,0.0,0.0,0.0
0.5,0.2717391304347814,0.24691358024691112,0.2949438202247192,0.386609071274298,0.11788617886178863,0.0,0.0,0.0,0.0,0.0
0.0,0.22826086956521152,0.3703703703703738,0.7626404494382022,0.14470842332613387,0.6422764227642277,0.0,0.0,0.0,0.0,0.0
0.5,0.46739130434782794,0.5432098765432158,0.4269662921348314,0.49244060475161977,0.17073170731707318,0.0,0.0,0.0,0.0,0.0
1.0,0.22826086956521152,0.3703703703703738,0.8637640449438202,0.06263498920086391,0.5487804878048781,0.0,0.0,0.0,0.0,0.0
0.5,0.4347826086956488,0.4320987654321016,0.396067415730337,0.4622030237580993,0.5162601626016261,0.0,0.0,0.0,0.0,0.0
0.5,0.3152173913043441,0.2716049382716008,0.3455056179775282,0.6328293736501078,0.5731707317073171,0.0,0.0,0.0,0.0,0.0
0.5,0.4891304347826093,0.4197530864197603,0.6025280898876406,0.33045356371490275,0.8333333333333334,0.0,0.0,0.0,0.0,0.0
0.0,0.14130434782608603,0.24691358024691112,0.6615168539325842,0.2354211663066954,0.3699186991869919,0.0,0.0,0.0,0.0,0.0
0.5,0.3369565217391255,0.2716049382716008,0.3693820224719102,0.5442764578833692,0.0934959349593496,0.0,0.0,0.0,0.0,0.0
0.5,0.6630434782608603,0.6172839506172849,0.5632022471910114,0.2613390928725702,0.06910569105691057,0.0,0.0,0.0,0.0,0.0
1.0,0.2391304347826022,0.3580246913580325,0.425561797752809,0.5572354211663066,0.3170731707317074,0.0,0.0,0.0,0.0,0.0
1.0,0.3152173913043441,0.3209876543209944,0.372191011235955,0.5010799136069113,0.8089430894308944,0.0,0.0,0.0,0.0,0.0
0.5,0.6739130434782581,0.5925925925925952,0.6011235955056178,0.29589632829373635,0.5853658536585367,0.0,0.0,0.0,0.0,0.0
0.5,0.1630434782608674,0.2716049382716008,0.734550561797753,0.2311015118790497,0.451219512195122,0.0,0.0,0.0,0.0,0.0
0.0,0.5869565217391255,0.827160493827158,0.3848314606741574,0.5853131749460043,0.3008130081300813,0.0,0.0,0.0,0.0,0.0
1.0,0.35869565217391397,0.518518518518519,0.8918539325842698,0.10367170626349886,0.03658536585365854,0.0,0.0,0.0,0.0,0.0
1.0,0.7608695652173907,0.7530864197530889,0.5280898876404494,0.3088552915766738,0.7764227642276423,0.0,0.0,0.0,0.0,0.0
1.0,0.6739130434782581,0.654320987654323,0.5533707865168538,0.4233261339092873,0.47967479674796754,0.0,0.0,0.0,0.0,0.0
0.5,0.9891304347826022,0.9753086419753103,0.5421348314606742,0.3952483801295895,0.04471544715447155,0.0,0.0,0.0,0.0,0.0
0.5,0.6630434782608603,0.6913580246913611,0.6896067415730338,0.28509719222462193,0.1869918699186992,0.0,0.0,0.0,0.0,0.0
0.5,0.4239130434782581,0.5679012345679055,0.455056179775281,0.4578833693304535,0.6422764227642277,0.0,0.0,0.0,0.0,0.0
0.5,0.2608695652173836,0.4197530864197603,0.4157303370786518,0.47516198704103674,0.23577235772357727,0.0,0.0,0.0,0.0,0.0
0.5,0.8043478260869534,0.8024691358024683,0.2612359550561798,0.6846652267818574,0.7073170731707318,0.0,0.0,0.0,0.0,0.0
0.5,0.4021739130434767,0.5679012345679055,0.473314606741573,0.5377969762419006,0.6951219512195123,0.0,0.0,0.0,0.0,0.0
0.5,0.6739130434782581,0.5925925925925952,0.2654494382022472,0.5161987041036716,0.8252032520325204,0.0,0.0,0.0,0.0,0.0
0.5,0.6304347826086953,0.5925925925925952,0.4901685393258426,0.3758099352051836,0.48373983739837406,0.0,0.0,0.0,0.0,0.0
0.5,0.3913043478260789,0.5308641975308674,0.8581460674157302,0.1533477321814254,0.4634146341463415,0.0,0.0,0.0,0.0,0.0
0.5,0.4130434782608674,0.3209876543209944,0.9957865168539326,0.11015118790496758,0.13821138211382114,0.0,0.0,0.0,0.0,0.0
0.0,0.7717391304347743,0.7160493827160508,0.5014044943820226,0.509719222462203,0.32926829268292684,0.0,0.0,0.0,0.0,0.0
1.0,0.6847826086956488,0.6296296296296333,0.675561797752809,0.25701943844492436,0.23577235772357727,0.0,0.0,0.0,0.0,0.0
0.5,0.4239130434782581,0.3456790123456841,0.3581460674157302,0.5723542116630669,0.25609756097560976,0.0,0.0,0.0,0.0,0.0
1.0,0.9130434782608674,0.827160493827158,0.4087078651685394,0.40388768898488114,0.5650406504065041,0.0,0.0,0.0,0.0,0.0
1.0,0.3369565217391255,0.3703703703703738,0.5632022471910114,0.25053995680345564,0.475609756097561,0.0,0.0,0.0,0.0,0.0
0.5,0.891304347826086,0.9012345679012341,0.5941011235955058,0.3002159827213823,0.5121951219512195,0.0,0.0,0.0,0.0,0.0
1.0,0.6086956521739069,0.6296296296296333,0.7191011235955058,0.21814254859611226,0.7642276422764228,0.0,0.0,0.0,0.0,0.0
0.5,0.5978260869565162,0.7407407407407405,0.3412921348314606,0.548596112311015,0.06504065040650407,0.0,0.0,0.0,0.0,0.0
0.5,0.2391304347826022,0.3333333333333357,0.6320224719101122,0.28509719222462193,0.8658536585365855,0.0,0.0,0.0,0.0,0.0
0.5,0.5869565217391255,0.7654320987654302,0.4115168539325842,0.4730021598272137,0.7967479674796749,0.0,0.0,0.0,0.0,0.0
1.0,0.20652173913043015,0.2962962962963047,0.2205056179775282,0.8898488120950323,0.8414634146341464,0.0,0.0,0.0,1.0,0.0
1.0,0.45652173913043015,0.6172839506172849,0.4283707865168538,0.4190064794816414,0.38617886178861793,0.0,0.0,0.0,0.0,0.0
0.0,0.3369565217391255,0.308641975308646,0.4143258426966294,0.5053995680345572,0.83739837398374,0.0,0.0,0.0,0.0,0.0
1.0,0.6739130434782581,0.5308641975308674,0.3286516853932584,0.5291576673866091,0.19918699186991873,0.0,0.0,0.0,0.0,0.0
1.0,0.891304347826086,0.9012345679012341,0.4339887640449438,0.5615550755939525,0.3617886178861789,0.0,0.0,0.0,0.0,0.0
0.0,0.6739130434782581,0.5925925925925952,0.5674157303370786,0.29589632829373635,0.23170731707317074,0.0,0.0,0.0,0.0,0.0
0.0,0.3369565217391255,0.3950617283950635,0.5533707865168538,0.36717062634989195,0.0,0.0,0.0,0.0,0.0,0.0
0.0,0.3369565217391255,0.3703703703703738,0.226123595505618,0.7084233261339092,0.5284552845528456,0.0,0.0,0.0,0.0,0.0
1.0,0.8478260869565233,0.8518518518518547,0.5393258426966294,0.2764578833693304,0.5365853658536586,0.0,0.0,0.0,0.0,0.0
0.5,0.2391304347826022,0.3950617283950635,0.5589887640449438,0.22246220302375808,0.6300813008130082,0.0,0.0,0.0,0.0,0.0
0.5,0.6630434782608603,0.654320987654323,0.7724719101123594,0.12095032397408201,0.7398373983739838,0.0,0.0,0.0,0.0,0.0
0.5,0.3152173913043441,0.4074074074074119,0.2387640449438202,0.8142548596112309,0.3617886178861789,0.0,0.0,0.0,0.0,0.0
0.5,0.29347826086956275,0.3209876543209944,0.6727528089887642,0.2721382289416847,0.0,0.0,0.0,0.0,0.0,0.0
0.0,0.9347826086956488,0.9012345679012341,0.4691011235955058,0.3434125269978401,0.5772357723577236,0.0,0.0,0.0,0.0,0.0
1.0,0.5217391304347814,0.7037037037037024,0.478932584269663,0.44276457883369325,0.39837398373983746,0.0,0.0,0.0,0.0,0.0
1.0,0.30434782608695343,0.45679012345679126,0.2514044943820224,0.593952483801296,0.28455284552845533,0.0,0.0,0.0,0.0,0.0
0.5,0.5760869565217348,0.6049382716049436,0.3806179775280898,0.4233261339092873,0.2723577235772358,0.0,0.0,0.0,0.0,0.0
0.5,0.5978260869565162,0.5679012345679055,0.4985955056179774,0.3455723542116631,0.8048780487804879,0.0,0.0,0.0,0.0,0.0
0.5,0.9239130434782581,0.8518518518518547,0.8567415730337078,0.17278617710583155,0.6910569105691058,0.0,0.0,0.0,0.0,0.0
0.5,0.25,0.4074074074074119,0.484550561797753,0.29589632829373635,0.0894308943089431,0.0,0.0,0.0,0.0,0.0
1.0,0.5326086956521721,0.7407407407407405,0.5814606741573034,0.4190064794816414,0.2764227642276423,0.0,0.0,0.0,0.0,0.0
0.5,0.7391304347826093,0.6296296296296333,0.8272471910112358,0.1511879049676026,0.9471544715447155,0.0,0.0,0.0,0.0,0.0
0.0,0.9130434782608674,0.8888888888888857,0.3890449438202246,0.6414686825053995,0.008130081300813009,0.0,0.0,0.0,0.0,0.0
0.5,0.17391304347825098,0.2839506172839492,0.6671348314606742,0.4514038876889849,0.3008130081300813,0.0,0.0,0.0,0.0,0.0
0.5,0.4347826086956488,0.3456790123456841,0.8272471910112358,0.12958963282937364,0.21138211382113822,0.0,0.0,0.0,0.0,0.0
0.5,0.7499999999999929,0.7283950617283992,0.3918539325842698,0.6457883369330453,0.20731707317073172,0.0,0.0,0.0,0.0,0.0
0.5,0.4891304347826093,0.49382716049382935,0.3848314606741574,0.6868250539956802,0.3617886178861789,0.0,0.0,0.0,0.0,0.0
0.5,0.7717391304347743,0.7530864197530889,0.1924157303370786,0.7840172786177104,0.40650406504065045,0.0,0.0,0.0,0.0,0.0
0.5,1.0,0.9876543209876516,0.6839887640449438,0.2764578833693304,0.02845528455284553,0.0,0.0,0.0,0.0,0.0
0.5,0.3369565217391255,0.3950617283950635,0.4466292134831462,0.6457883369330453,0.8252032520325204,0.0,0.0,0.0,0.0,0.0
0.5,0.19565217391303946,0.2592592592592595,0.6362359550561798,0.22030237580993517,0.3658536585365854,0.0,0.0,0.0,0.0,0.0
0.5,0.891304347826086,0.827160493827158,0.2205056179775282,0.5269978401727862,0.3089430894308943,0.0,0.0,0.0,0.0,0.0
0.5,0.4130434782608674,0.3209876543209944,0.5280898876404494,0.29373650107991367,0.12195121951219513,0.0,0.0,0.0,0.0,0.0
0.5,0.18478260869564878,0.2716049382716008,0.4859550561797754,0.47732181425485964,0.6382113821138212,0.0,0.0,0.0,0.0,0.0
0.0,0.2608695652173836,0.17283950617284205,0.943820224719101,0.05183585313174943,0.02845528455284553,0.0,0.0,0.0,0.0,0.0
1.0,0.6304347826086953,0.6049382716049436,0.3455056179775282,0.7041036717062634,0.14227642276422767,0.0,0.0,0.0,0.0,0.0
0.5,0.38043478260869534,0.3456790123456841,0.776685393258427,0.1922246220302375,0.12601626016260165,0.0,0.0,0.0,0.0,0.0
1.0,0.09782608695651618,0.16049382716049365,0.467696629213483,0.3779697624190065,0.10162601626016261,0.0,0.0,0.0,0.0,0.0
0.5,0.8804347826086882,0.7654320987654302,0.8258426966292134,0.24838012958963285,0.821138211382114,0.0,0.0,0.0,0.0,0.0
0.5,0.7065217391304301,0.6790123456790127,0.3286516853932584,0.773218142548596,0.6341463414634148,0.0,0.0,0.0,0.0,0.0
0.5,0.5760869565217348,0.45679012345679126,0.4044943820224718,0.5183585313174945,0.9918699186991871,0.0,0.0,0.0,0.0,0.0
1.0,0.5326086956521721,0.5679012345679055,0.5758426966292134,0.3455723542116631,0.14634146341463417,0.0,0.0,0.0,0.0,0.0
1.0,0.3478260869565162,0.48148148148148806,0.2542134831460674,0.8336933045356372,0.5,0.0,0.0,0.0,0.0,0.0
0.5,0.7826086956521721,0.7654320987654302,0.4185393258426966,0.49244060475161977,0.21138211382113822,0.0,0.0,0.0,0.0,0.0
0.0,0.5760869565217348,0.5925925925925952,0.4719101123595506,0.36501079913606904,0.3699186991869919,0.0,0.0,0.0,0.0,0.0
0.0,0.9130434782608674,0.8518518518518547,0.4648876404494382,0.33261339092872566,0.5609756097560976,0.0,0.0,0.0,0.0,0.0
0.5,0.9130434782608674,0.9135802469135825,0.2415730337078652,0.6263498920086392,0.7642276422764228,0.0,0.0,0.0,0.0,0.0
0.5,0.05434782608695343,0.08641975308641747,0.199438202247191,0.7796976241900648,0.2642276422764228,0.0,0.0,0.0,0.0,0.0
1.0,0.6739130434782581,0.5802469135802468,0.2345505617977528,0.7516198704103672,0.6219512195121952,0.0,0.0,0.0,0.0,0.0
0.5,0.7717391304347743,0.7530864197530889,0.4353932584269662,0.3952483801295895,0.5365853658536586,0.0,0.0,0.0,0.0,0.0
0.0,0.7173913043478208,0.6790123456790127,0.4087078651685394,0.4686825053995679,0.07317073170731708,0.0,0.0,0.0,0.0,0.0
0.5,0.9239130434782581,0.8395061728395063,0.2654494382022472,0.5529157667386609,0.7317073170731708,0.0,0.0,0.0,0.0,0.0
1.0,0.5326086956521721,0.6913580246913611,0.5674157303370786,0.23974082073434122,0.2967479674796748,0.0,0.0,0.0,0.0,0.0
0.5,0.03260869565217206,0.06172839506172778,0.5421348314606742,0.32397408207343414,0.5691056910569107,0.0,0.0,0.0,0.0,0.0
0.5,0.5978260869565162,0.6913580246913611,0.8412921348314606,0.14686825053995678,0.47154471544715454,0.0,0.0,0.0,0.0,0.0
1.0,0.9130434782608674,0.8888888888888857,0.3132022471910112,0.4708423326133908,0.1951219512195122,0.0,0.0,0.0,0.0,0.0
0.5,0.4239130434782581,0.3580246913580325,0.5603932584269662,0.40388768898488114,0.6341463414634148,0.0,0.0,0.0,0.0,0.0
0.5,0.7608695652173907,0.5432098765432158,0.4634831460674158,0.43844492440604743,0.0894308943089431,0.0,0.0,0.0,0.0,0.0
0.0,0.6521739130434767,0.5432098765432158,0.401685393258427,0.4233261339092873,0.7276422764227644,0.0,0.0,0.0,0.0,0.0
0.0,0.3152173913043441,0.3209876543209944,0.9002808988764046,0.08855291576673863,0.19918699186991873,0.0,0.0,0.0,0.0,0.0
1.0,0.6956521739130395,0.654320987654323,0.1797752808988764,0.771058315334773,0.1585365853658537,0.0,0.0,0.0,0.0,0.0
0.0,0.8152173913043441,0.8148148148148167,0.2148876404494382,0.8077753779697623,0.7601626016260163,0.0,0.0,0.0,0.0,0.0
1.0,0.6086956521739069,0.7037037037037024,0.3525280898876406,0.5464362850971921,0.47967479674796754,0.0,0.0,0.0,0.0,0.0
0.5,0.38043478260869534,0.518518518518519,0.3623595505617978,0.4643628509719222,0.2520325203252033,0.0,0.0,0.0,0.0,0.0
0.5,0.46739130434782794,0.4197530864197603,0.2612359550561798,0.6760259179265657,0.6666666666666667,0.0,0.0,0.0,0.0,0.0
1.0,0.5760869565217348,0.7777777777777786,0.431179775280899,0.42548596112311,0.3821138211382114,0.0,0.0,0.0,0.0,0.0
0.5,0.7391304347826093,0.7037037037037024,0.5898876404494382,0.3412526997840172,0.42276422764227645,0.0,0.0,0.0,0.0,0.0
1.0,0.22826086956521152,0.2716049382716008,0.6235955056179774,0.3066954643628509,0.6747967479674798,0.0,0.0,0.0,0.0,0.0
0.5,0.7934782608695627,0.6296296296296333,0.4030898876404494,0.4557235421166307,0.6341463414634148,0.0,0.0,0.0,0.0,0.0
0.5,0.44565217391303946,0.3580246913580325,0.4339887640449438,0.44060475161987034,0.7357723577235773,0.0,0.0,0.0,0.0,0.0
0.5,0.44565217391303946,0.44444444444444997,0.2921348314606742,0.5723542116630669,0.7520325203252033,0.0,0.0,0.0,0.0,0.0
1.0,0.5108695652173907,0.44444444444444997,0.3230337078651686,0.44492440604751615,0.475609756097561,0.0,0.0,0.0,0.0,0.0
1.0,0.5543478260869534,0.49382716049382935,0.5112359550561798,0.386609071274298,0.7357723577235773,0.0,0.0,0.0,0.0,0.0
0.5,0.5652173913043441,0.7654320987654302,0.2808988764044944,0.6565874730021597,0.14227642276422767,0.0,0.0,0.0,0.0,0.0
0.5,0.8043478260869534,0.8148148148148167,0.228932584269663,0.8876889848812095,0.6910569105691058,0.0,0.0,0.0,0.0,1.0
0.5,0.38043478260869534,0.5555555555555571,0.3904494382022474,0.5745140388768899,0.426829268292683,0.0,0.0,0.0,0.0,0.0
0.5,0.30434782608695343,0.24691358024691112,0.675561797752809,0.16198704103671702,0.5894308943089431,0.0,0.0,0.0,0.0,0.0
1.0,0.9130434782608674,0.8518518518518547,0.3455056179775282,0.5010799136069113,0.7682926829268294,0.0,0.0,0.0,0.0,0.0
0.5,0.3913043478260789,0.5432098765432158,0.3974719101123594,0.5032397408207343,0.20325203252032523,0.0,0.0,0.0,0.0,0.0
1.0,0.19565217391303946,0.2592592592592595,0.3651685393258426,0.5140388768898487,0.5569105691056911,0.0,0.0,0.0,0.0,0.0
0.0,0.4130434782608674,0.3827160493827222,0.5196629213483146,0.2699784017278618,0.3658536585365854,0.0,0.0,0.0,0.0,0.0
0.5,0.5652173913043441,0.7530864197530889,0.2598314606741574,0.8164146868250539,0.7764227642276423,0.0,0.0,0.0,1.0,0.0
0.0,0.1521739130434696,0.20987654320987303,0.6713483146067414,0.3045356371490281,0.44308943089430897,0.0,0.0,0.0,0.0,0.0
1.0,0.3913043478260789,0.3580246913580325,0.478932584269663,0.43844492440604743,0.5325203252032521,0.0,0.0,0.0,0.0,0.0
0.0,0.5869565217391255,0.6296296296296333,0.228932584269663,0.6889848812095032,0.7845528455284554,0.0,0.0,0.0,0.0,0.0
0.5,0.891304347826086,0.8518518518518547,0.4396067415730338,0.40820734341252696,0.08536585365853659,0.0,0.0,0.0,0.0,0.0
0.5,0.36956521739129755,0.5555555555555571,0.252808988764045,0.548596112311015,0.11382113821138212,0.0,0.0,0.0,0.0,0.0
0.5,0.45652173913043015,0.6296296296296333,0.3707865168539326,0.4514038876889849,0.37804878048780494,0.0,0.0,0.0,0.0,0.0
0.5,0.2717391304347814,0.3209876543209944,0.353932584269663,0.6479481641468683,0.7682926829268294,0.0,0.0,0.0,0.0,0.0
1.0,0.30434782608695343,0.3703703703703738,0.5112359550561798,0.40604751619870405,0.0,0.0,0.0,0.0,0.0,0.0
0.5,0.4021739130434767,0.5555555555555571,0.431179775280899,0.4535637149028078,0.21951219512195125,0.0,0.0,0.0,0.0,0.0
1.0,0.30434782608695343,0.3827160493827222,0.273876404494382,0.7213822894168467,0.2642276422764228,0.0,0.0,0.0,0.0,0.0
0.5,0.4347826086956488,0.3580246913580325,0.7879213483146066,0.13606911447084225,0.13414634146341464,0.0,0.0,0.0,0.0,0.0
0.5,0.4239130434782581,0.3456790123456841,0.2205056179775282,0.6457883369330453,0.5853658536585367,0.0,0.0,0.0,0.0,0.0
0.0,0.8369565217391255,0.8395061728395063,0.723314606741573,0.21382289416846645,0.3617886178861789,0.0,0.0,0.0,0.0,0.0
1.0,0.29347826086956275,0.24691358024691112,0.6151685393258426,0.3196544276457882,0.7886178861788619,0.0,0.0,0.0,0.0,0.0
0.5,0.38043478260869534,0.46913580246913966,0.6488764044943822,0.2742980561555075,0.6382113821138212,0.0,0.0,0.0,0.0,0.0
0.5,0.2391304347826022,0.3580246913580325,0.717696629213483,0.1511879049676026,0.14634146341463417,0.0,0.0,0.0,0.0,0.0
0.5,0.38043478260869534,0.3456790123456841,0.431179775280899,0.32181425485961124,0.11788617886178863,0.0,0.0,0.0,0.0,0.0
0.5,0.21739130434782084,0.3580246913580325,0.425561797752809,0.48596112311015116,0.426829268292683,0.0,0.0,0.0,0.0,0.0
0.5,0.8695652173913047,0.6913580246913611,0.2949438202247192,0.5896328293736499,0.07317073170731708,0.0,0.0,0.0,0.0,0.0
0.5,0.4782608695652115,0.48148148148148806,0.3314606741573034,0.5399568034557235,0.6910569105691058,0.0,0.0,0.0,0.0,0.0
0.5,0.4021739130434767,0.45679012345679126,0.3314606741573034,0.609071274298056,0.3699186991869919,0.0,0.0,0.0,0.0,0.0
0.5,0.4999999999999929,0.48148148148148806,0.1362359550561798,0.8466522678185744,0.6626016260162603,0.0,0.0,0.0,0.0,0.0
0.5,0.4021739130434767,0.45679012345679126,0.8637640449438202,0.1166306695464363,0.3617886178861789,0.0,0.0,0.0,0.0,0.0
0.5,0.5543478260869534,0.518518518518519,0.5393258426966294,0.3542116630669546,0.29268292682926833,0.0,0.0,0.0,0.0,0.0
0.5,0.7065217391304301,0.49382716049382935,0.3637640449438202,0.5442764578833692,0.9471544715447155,1.0,0.0,0.0,0.0,0.0
1.0,0.2608695652173836,0.4074074074074119,0.4508426966292134,0.43844492440604743,0.14227642276422767,0.0,0.0,0.0,0.0,0.0
0.5,0.6086956521739069,0.6913580246913611,0.3735955056179774,0.43412526997840173,0.6829268292682927,0.0,0.0,0.0,0.0,0.0
1.0,0.5543478260869534,0.6049382716049436,0.508426966292135,0.33477321814254857,0.06504065040650407,0.0,0.0,0.0,0.0,0.0
1.0,0.25,0.4074074074074119,0.8876404494382022,0.11231101511879049,0.2682926829268293,0.0,0.0,0.0,0.0,0.0
0.5,0.6086956521739069,0.5802469135802468,0.502808988764045,0.41036717062634986,0.06910569105691057,0.0,0.0,0.0,0.0,0.0
0.5,0.9456521739130395,0.9135802469135825,0.5351123595505618,0.6652267818574513,0.48373983739837406,0.0,0.0,0.0,0.0,0.0
1.0,0.0760869565217348,0.11111111111111427,0.2935393258426966,0.673866090712743,0.5040650406504066,0.0,0.0,0.0,0.0,0.0
0.5,0.35869565217391397,0.3950617283950635,0.202247191011236,0.83585313174946,0.03658536585365854,0.0,0.0,0.0,0.0,0.0
1.0,0.5869565217391255,0.48148148148148806,0.3342696629213484,0.6414686825053995,0.6707317073170732,0.0,0.0,0.0,0.0,0.0
0.5,0.2391304347826022,0.3703703703703738,0.8117977528089886,0.13174946004319654,0.6666666666666667,0.0,0.0,0.0,0.0,0.0
0.0,0.6630434782608603,0.518518518518519,0.3890449438202246,0.5853131749460043,0.0894308943089431,0.0,0.0,0.0,0.0,0.0
1.0,0.5217391304347814,0.4320987654321016,0.3848314606741574,0.5226781857451402,0.39837398373983746,0.0,0.0,0.0,0.0,0.0
0.0,0.30434782608695343,0.4074074074074119,0.3581460674157302,0.4600431965442764,0.24390243902439027,0.0,0.0,0.0,0.0,0.0
1.0,0.7608695652173907,0.7407407407407405,0.4508426966292134,0.37149028077753765,0.43495934959349597,0.0,0.0,0.0,0.0,0.0
1.0,0.3478260869565162,0.44444444444444997,0.5168539325842698,0.3153347732181425,0.49186991869918706,0.0,0.0,0.0,0.0,0.0
0.5,0.5434782608695627,0.7407407407407405,0.377808988764045,0.4622030237580993,0.6991869918699187,0.0,0.0,0.0,0.0,0.0
0.5,0.9239130434782581,0.9012345679012341,0.25561797752809,0.8596112311015118,0.8333333333333334,0.0,0.0,0.0,1.0,0.0
1.0,0.20652173913043015,0.2839506172839492,0.4143258426966294,0.48380129589632825,0.22764227642276424,0.0,0.0,0.0,0.0,0.0
1.0,0.19565217391303946,0.2962962962963047,0.8988764044943822,0.09071274298056153,0.8902439024390245,0.0,0.0,0.0,0.0,0.0
0.5,0.4130434782608674,0.5802469135802468,0.4522471910112358,0.5615550755939525,0.7154471544715448,0.0,0.0,0.0,0.0,0.0
0.5,0.30434782608695343,0.3703703703703738,0.7022471910112358,0.1943844492440605,0.6544715447154472,0.0,0.0,0.0,0.0,0.0
0.5,0.25,0.3580246913580325,0.2808988764044944,0.5917926565874729,0.30487804878048785,0.0,0.0,0.0,0.0,0.0
0.5,0.3260869565217348,0.4074074074074119,0.4719101123595506,0.36285097192224613,0.16666666666666669,0.0,0.0,0.0,0.0,0.0
0.5,0.9130434782608674,0.827160493827158,0.4620786516853934,0.41252699784017277,0.7479674796747968,0.0,0.0,0.0,0.0,0.0
1.0,0.29347826086956275,0.2962962962963047,0.5182584269662922,0.3563714902807775,0.7723577235772359,0.0,0.0,0.0,0.0,0.0
1.0,0.3369565217391255,0.308641975308646,0.443820224719101,0.4298056155507559,0.8577235772357724,0.0,0.0,0.0,0.0,0.0
0.5,0.2608695652173836,0.24691358024691112,0.5589887640449438,0.3196544276457882,0.12601626016260165,0.0,0.0,0.0,0.0,0.0
0.5,0.4999999999999929,0.4320987654321016,0.4325842696629214,0.5226781857451402,0.8699186991869919,0.0,0.0,0.0,0.0,0.0
0.5,0.7608695652173907,0.6790123456790127,0.8075842696629214,0.09287257019438444,0.2764227642276423,0.0,0.0,0.0,0.0,0.0
0.5,0.7826086956521721,0.5555555555555571,0.3806179775280898,0.4946004319654427,0.4390243902439025,0.0,0.0,0.0,0.0,0.0
0.5,0.2608695652173836,0.3333333333333357,0.148876404494382,0.673866090712743,0.33333333333333337,0.0,0.0,0.0,0.0,0.0
0.5,0.2717391304347814,0.3333333333333357,0.4620786516853934,0.427645788336933,0.7357723577235773,0.0,0.0,0.0,0.0,0.0
1.0,0.22826086956521152,0.2962962962963047,0.6137640449438202,0.23974082073434122,0.5813008130081302,0.0,0.0,0.0,0.0,0.0
0.0,0.9565217391304373,0.9382716049382722,0.300561797752809,0.6371490280777536,0.13821138211382114,0.0,0.0,0.0,0.0,0.0
1.0,0.36956521739129755,0.5679012345679055,0.4382022471910114,0.40172786177105835,0.3577235772357724,0.0,0.0,0.0,0.0,0.0
0.5,0.5652173913043441,0.518518518518519,0.279494382022472,0.5701943844492441,0.5447154471544716,0.0,0.0,0.0,0.0,0.0
0.5,0.7826086956521721,0.7654320987654302,0.4410112359550562,0.4643628509719222,0.5,0.0,0.0,0.0,0.0,0.0
0.5,0.7499999999999929,0.6049382716049436,0.6306179775280898,0.22462203023758098,0.49593495934959353,0.0,0.0,0.0,0.0,0.0
1.0,0.38043478260869534,0.48148148148148806,0.7162921348314606,0.28509719222462193,0.6910569105691058,0.0,0.0,0.0,0.0,0.0
0.5,0.891304347826086,0.7283950617283992,0.25,0.5701943844492441,0.2520325203252033,0.0,1.0,0.0,0.0,0.0
0.5,0.4021739130434767,0.3333333333333357,0.544943820224719,0.39956803455723544,0.020325203252032523,0.0,0.0,0.0,0.0,0.0
0.5,0.30434782608695343,0.3333333333333357,0.3581460674157302,0.550755939524838,0.426829268292683,0.0,0.0,0.0,0.0,0.0
0.5,0.9239130434782581,0.8518518518518547,0.5533707865168538,0.4578833693304535,0.5447154471544716,0.0,0.0,0.0,0.0,0.0
0.5,0.5760869565217348,0.46913580246913966,0.4044943820224718,0.6371490280777536,0.11788617886178863,0.0,0.0,0.0,0.0,0.0
0.5,0.28260869565216495,0.23456790123456983,0.4508426966292134,0.48164146868250535,0.7317073170731708,0.0,0.0,0.0,0.0,0.0
0.5,0.8804347826086882,0.7283950617283992,0.5351123595505618,0.4708423326133908,0.5569105691056911,0.0,0.0,0.0,0.0,0.0
0.0,0.6956521739130395,0.5432098765432158,0.3918539325842698,0.3930885529157666,0.19918699186991873,0.0,0.0,0.0,0.0,0.0
0.5,0.5543478260869534,0.5308641975308674,0.1390449438202248,0.9935205183585312,0.1626016260162602,0.0,0.0,0.0,0.0,0.0
0.5,0.4021739130434767,0.5555555555555571,0.4367977528089886,0.44276457883369325,0.2723577235772358,0.0,0.0,0.0,0.0,0.0
1.0,0.3913043478260789,0.3950617283950635,0.4269662921348314,0.4190064794816414,0.12195121951219513,0.0,0.0,0.0,0.0,0.0
0.0,0.38043478260869534,0.3827160493827222,0.3679775280898878,0.6436285097192225,0.016260162601626018,0.0,0.0,0.0,0.0,0.0
1.0,0.21739130434782084,0.3827160493827222,0.3707865168539326,0.8056155507559395,0.5447154471544716,0.0,0.0,0.0,0.0,0.0
1.0,0.3478260869565162,0.3703703703703738,0.2584269662921348,0.5874730021598271,0.1910569105691057,0.0,0.0,0.0,0.0,0.0
1.0,0.7499999999999929,0.7160493827160508,0.955056179775281,0.12095032397408201,0.3455284552845529,0.0,0.0,0.0,0.0,0.0
0.5,0.6521739130434767,0.5432098765432158,0.526685393258427,0.3498920086393087,0.7479674796747968,0.0,0.0,0.0,0.0,0.0
0.5,0.7391304347826093,0.5432098765432158,0.800561797752809,0.19006479481641458,0.7154471544715448,0.0,0.0,0.0,0.0,0.0
0.0,0.6847826086956488,0.5802469135802468,0.2064606741573034,0.6349892008639308,0.12195121951219513,0.0,0.0,0.0,0.0,0.0
0.5,0.3152173913043441,0.308641975308646,0.3146067415730338,0.5831533477321813,0.6219512195121952,0.0,0.0,0.0,0.0,0.0
1.0,0.21739130434782084,0.3333333333333357,0.7064606741573034,0.3110151187904967,0.39430894308943093,0.0,0.0,0.0,0.0,0.0
1.0,0.4239130434782581,0.308641975308646,0.6896067415730338,0.17494600431965435,0.05691056910569106,0.0,0.0,0.0,0.0,0.0
0.5,0.7608695652173907,0.7283950617283992,0.3019662921348314,0.6263498920086392,0.48373983739837406,0.0,0.0,0.0,0.0,0.0
0.0,0.9239130434782581,0.8888888888888857,0.5435393258426966,0.33909287257019427,0.5975609756097562,0.0,0.0,0.0,0.0,0.0
1.0,0.5652173913043441,0.7530864197530889,0.6362359550561798,0.3088552915766738,0.008130081300813009,0.0,0.0,0.0,0.0,0.0
0.5,0.3152173913043441,0.22222222222222143,0.4030898876404494,0.673866090712743,0.7317073170731708,0.0,0.0,0.0,0.0,0.0
0.5,0.6304347826086953,0.6790123456790127,0.830056179775281,0.20518358531317493,0.7560975609756099,0.0,0.0,0.0,0.0,0.0
0.5,0.3152173913043441,0.45679012345679126,0.3651685393258426,0.5464362850971921,0.7601626016260163,0.0,0.0,0.0,0.0,0.0
0.0,0.7717391304347743,0.7777777777777786,0.4129213483146066,0.4233261339092873,0.07317073170731708,0.0,0.0,0.0,0.0,0.0
0.5,0.4347826086956488,0.5555555555555571,0.4382022471910114,0.6285097192224622,0.06504065040650407,0.0,0.0,0.0,0.0,0.0
0.5,0.5760869565217348,0.45679012345679126,0.6615168539325842,0.2742980561555075,0.23170731707317074,0.0,0.0,0.0,0.0,0.0
0.5,0.46739130434782794,0.3950617283950635,0.603932584269663,0.2311015118790497,0.3252032520325204,0.0,0.0,0.0,0.0,0.0
0.5,0.7826086956521721,0.7654320987654302,0.473314606741573,0.5356371490280777,0.3821138211382114,0.0,0.0,0.0,0.0,0.0
0.5,0.7826086956521721,0.6790123456790127,0.061797752808988804,0.8639308855291576,0.6788617886178863,0.0,0.0,0.0,0.0,0.0
1.0,0.7608695652173907,0.7407407407407405,0.4367977528089886,0.36717062634989195,0.4634146341463415,0.0,0.0,0.0,0.0,0.0
1.0,0.5760869565217348,0.5308641975308674,0.5042134831460674,0.2980561555075594,0.40650406504065045,0.0,0.0,0.0,0.0,0.0
0.5,0.7826086956521721,0.7283950617283992,0.5786516853932586,0.20302375809935203,0.14227642276422767,0.0,0.0,0.0,0.0,0.0
0.5,0.46739130434782794,0.5432098765432158,0.2823033707865168,0.6414686825053995,0.04471544715447155,0.0,0.0,0.0,0.0,0.0
1.0,0.29347826086956275,0.4074074074074119,0.2949438202247192,0.773218142548596,0.32113821138211385,0.0,0.0,0.0,0.0,0.0
0.5,0.3152173913043441,0.3333333333333357,0.4620786516853934,0.3196544276457882,0.7357723577235773,0.0,0.0,0.0,0.0,0.0
1.0,0.2608695652173836,0.4074074074074119,0.3511235955056178,0.4686825053995679,0.06504065040650407,0.0,0.0,0.0,0.0,0.0
0.5,0.2391304347826022,0.3580246913580325,0.5098314606741574,0.29589632829373635,0.5650406504065041,0.0,0.0,0.0,0.0,0.0
0.5,0.5652173913043441,0.7654320987654302,0.5519662921348314,0.2375809935205183,0.6056910569105691,0.0,0.0,0.0,0.0,0.0
1.0,0.8260869565217348,0.8395061728395063,0.6966292134831462,0.2332613390928725,0.32113821138211385,0.0,0.0,0.0,0.0,0.0
1.0,0.7826086956521721,0.5802469135802468,0.5589887640449438,0.2721382289416847,0.7357723577235773,0.0,0.0,0.0,0.0,0.0
0.5,0.3913043478260789,0.3827160493827222,0.4859550561797754,0.2721382289416847,0.21544715447154475,0.0,0.0,0.0,0.0,0.0
1.0,0.21739130434782084,0.3703703703703738,0.3707865168539326,0.5269978401727862,0.426829268292683,0.0,0.0,0.0,0.0,0.0
0.0,0.4021739130434767,0.5925925925925952,0.2148876404494382,0.792656587473002,0.5528455284552846,0.0,0.0,0.0,0.0,0.0
1.0,0.19565217391303946,0.3333333333333357,0.6067415730337078,0.2699784017278618,0.7479674796747968,0.0,0.0,0.0,0.0,0.0
1.0,0.5760869565217348,0.5555555555555571,0.4143258426966294,0.4319654427645788,0.020325203252032523,0.0,0.0,0.0,0.0,0.0
0.5,0.7499999999999929,0.7160493827160508,0.3230337078651686,0.5053995680345572,0.3373983739837399,0.0,0.0,0.0,0.0,0.0
0.5,0.7934782608695627,0.654320987654323,0.3384831460674158,0.386609071274298,0.5853658536585367,0.0,0.0,0.0,0.0,0.0
0.5,0.7717391304347743,0.6913580246913611,0.2935393258426966,0.6565874730021597,0.20731707317073172,0.0,0.0,0.0,0.0,0.0
0.0,0.5434782608695627,0.518518518518519,0.4578651685393258,0.5723542116630669,0.508130081300813,0.0,0.0,0.0,0.0,0.0
0.5,0.6304347826086953,0.5925925925925952,0.3441011235955058,0.5183585313174945,0.41869918699187,0.0,0.0,0.0,0.0,0.0
0.0,0.36956521739129755,0.3456790123456841,0.5463483146067414,0.33477321814254857,0.821138211382114,0.0,0.0,0.0,0.0,0.0
0.5,0.4347826086956488,0.3209876543209944,0.657303370786517,0.17062634989200864,0.024390243902439025,0.0,0.0,0.0,0.0,0.0
0.5,0.6304347826086953,0.6790123456790127,0.5351123595505618,0.36501079913606904,0.6707317073170732,0.0,0.0,0.0,0.0,0.0
1.0,0.0,0.0,0.407303370786517,0.3974082073434124,0.7682926829268294,0.0,0.0,0.0,0.0,0.0
0.0,0.2391304347826022,0.3950617283950635,0.4044943820224718,0.3801295896328294,0.8008130081300814,0.0,0.0,0.0,0.0,0.0
0.0,0.4130434782608674,0.3209876543209944,0.3764044943820226,0.49028077753779686,0.08536585365853659,0.0,0.0,0.0,0.0,0.0
1.0,0.6630434782608603,0.6790123456790127,0.7640449438202246,0.13822894168466515,0.17479674796747968,0.0,0.0,0.0,0.0,0.0
0.5,0.22826086956521152,0.3333333333333357,0.2612359550561798,0.6587473002159827,0.894308943089431,0.0,0.0,0.0,1.0,0.0
0.5,0.5869565217391255,0.6049382716049436,0.473314606741573,0.5572354211663066,0.5934959349593496,0.0,0.0,0.0,0.0,0.0
0.5,0.22826086956521152,0.3333333333333357,0.2219101123595506,0.693304535637149,0.19918699186991873,0.0,0.0,0.0,0.0,0.0
0.5,0.4239130434782581,0.3456790123456841,0.2626404494382022,0.6976241900647948,0.24796747967479676,0.0,0.0,0.0,0.0,0.0
1.0,0.5978260869565162,0.5802469135802468,0.3750000000000002,0.4168466522678185,0.2520325203252033,0.0,0.0,0.0,0.0,0.0
0.5,0.6413043478260789,0.5679012345679055,0.4410112359550562,0.5529157667386609,0.3089430894308943,0.0,0.0,0.0,0.0,0.0
0.5,0.9021739130434767,0.8518518518518547,0.5014044943820226,0.42548596112311,0.08536585365853659,0.0,0.0,0.0,0.0,0.0
0.5,0.35869565217391397,0.46913580246913966,0.199438202247191,0.693304535637149,0.5162601626016261,0.0,0.0,0.0,0.0,0.0
1.0,0.6739130434782581,0.6172839506172849,0.327247191011236,0.7149028077753781,0.2804878048780488,0.0,0.0,0.0,0.0,0.0
0.0,0.21739130434782084,0.2716049382716008,0.3904494382022474,0.3758099352051836,0.6544715447154472,0.0,0.0,0.0,0.0,0.0
0.5,0.5108695652173907,0.7160493827160508,0.5870786516853934,0.36285097192224613,0.14227642276422767,0.0,0.0,0.0,0.0,0.0
0.5,0.36956521739129755,0.4074074074074119,0.5365168539325842,0.32397408207343414,0.6178861788617886,0.0,0.0,0.0,0.0,0.0
0.5,0.6413043478260789,0.5802469135802468,0.2907303370786518,0.6436285097192225,0.3008130081300813,0.0,0.0,0.0,0.0,0.0
0.5,0.46739130434782794,0.5555555555555571,0.6235955056179774,0.3563714902807775,0.06910569105691057,0.0,0.0,0.0,0.0,0.0
0.5,0.7717391304347743,0.7037037037037024,0.3750000000000002,0.5183585313174945,0.22764227642276424,0.0,0.0,0.0,0.0,0.0
1.0,0.4130434782608674,0.6049382716049436,0.3735955056179774,0.4989200863930886,0.3252032520325204,0.0,0.0,0.0,0.0,0.0
1.0,0.9021739130434767,0.7654320987654302,0.609550561797753,0.3434125269978401,0.38617886178861793,0.0,0.0,0.0,0.0,0.0
1.0,0.30434782608695343,0.2716049382716008,0.5421348314606742,0.36501079913606904,0.11788617886178863,0.0,0.0,0.0,0.0,0.0
0.5,0.44565217391303946,0.3703703703703738,0.3693820224719102,0.9244060475161986,0.5447154471544716,0.0,0.0,1.0,0.0,0.0
0.5,0.1630434782608674,0.2716049382716008,0.7514044943820226,0.11015118790496758,0.6016260162601627,0.0,0.0,0.0,0.0,0.0
0.0,0.20652173913043015,0.2839506172839492,0.353932584269663,0.4946004319654427,0.821138211382114,0.0,0.0,0.0,0.0,0.0
1.0,0.6630434782608603,0.6172839506172849,0.609550561797753,0.3066954643628509,0.410569105691057,0.0,0.0,0.0,0.0,0.0
0.0,0.4999999999999929,0.46913580246913966,0.5112359550561798,0.3974082073434124,0.6016260162601627,0.0,0.0,0.0,0.0,0.0
0.0,0.3913043478260789,0.44444444444444997,0.2696629213483146,0.48812095032397407,0.23577235772357727,0.0,0.0,0.0,0.0,0.0
0.5,0.5978260869565162,0.6913580246913611,0.4522471910112358,0.548596112311015,0.5731707317073171,0.0,0.0,0.0,0.0,0.0
0.5,0.18478260869564878,0.2592592592592595,0.1867977528089888,0.8876889848812095,0.8130081300813009,0.0,0.0,0.0,1.0,0.0
0.5,0.18478260869564878,0.2592592592592595,0.5196629213483146,0.28509719222462193,0.6300813008130082,0.0,0.0,0.0,0.0,0.0
0.5,0.891304347826086,0.8395061728395063,0.330056179775281,0.47732181425485964,0.6910569105691058,0.0,0.0,0.0,0.0,0.0
0.0,0.5652173913043441,0.45679012345679126,0.2485955056179776,0.5637149028077754,0.37804878048780494,0.0,0.0,0.0,0.0,0.0
0.5,0.4999999999999929,0.45679012345679126,0.252808988764045,0.8812095032397407,0.23170731707317074,0.0,0.0,0.0,0.0,0.0
0.0,0.5760869565217348,0.45679012345679126,0.3932584269662922,0.6285097192224622,0.9552845528455286,0.0,0.0,0.0,0.0,0.0
1.0,0.3260869565217348,0.3827160493827222,0.2921348314606742,0.6544276457883369,0.052845528455284556,0.0,0.0,0.0,0.0,0.0
0.5,0.45652173913043015,0.45679012345679126,0.5337078651685394,0.4622030237580993,0.7439024390243903,0.0,0.0,0.0,0.0,0.0
0.5,0.5217391304347814,0.6666666666666714,0.6123595505617978,0.28725701943844484,0.7560975609756099,0.0,0.0,0.0,0.0,0.0
1.0,0.6521739130434767,0.7037037037037024,0.919943820224719,0.06695464362850967,0.8739837398373985,0.0,0.0,0.0,0.0,0.0
1.0,0.7826086956521721,0.5925925925925952,0.4831460674157302,0.40388768898488114,0.5528455284552846,0.0,0.0,0.0,0.0,0.0
1.0,0.7826086956521721,0.7654320987654302,0.1615168539325842,0.8077753779697623,0.23170731707317074,0.0,0.0,0.0,0.0,0.0
1.0,0.4782608695652115,0.5925925925925952,0.431179775280899,0.4557235421166307,0.5121951219512195,0.0,0.0,0.0,0.0,0.0
1.0,0.9673913043478208,0.9753086419753103,0.4620786516853934,0.28725701943844484,0.5934959349593496,0.0,0.0,0.0,0.0,0.0
0.5,0.5434782608695627,0.48148148148148806,0.353932584269663,0.5464362850971921,0.7357723577235773,0.0,0.0,0.0,0.0,0.0
1.0,0.5217391304347814,0.6666666666666714,0.6081460674157302,0.32613390928725705,0.7439024390243903,0.0,0.0,0.0,0.0,0.0
0.5,0.5652173913043441,0.5925925925925952,0.377808988764045,0.49244060475161977,0.11788617886178863,0.0,0.0,0.0,0.0,0.0
0.5,0.30434782608695343,0.2716049382716008,0.4691011235955058,0.44708423326133895,0.20325203252032523,0.0,0.0,0.0,0.0,0.0
0.5,0.8478260869565233,0.6790123456790127,0.2963483146067416,0.5442764578833692,0.5853658536585367,0.0,0.0,0.0,0.0,0.0
0.5,0.6739130434782581,0.6419753086419746,0.25561797752809,0.5701943844492441,0.6991869918699187,0.0,0.0,0.0,0.0,0.0
0.5,0.5978260869565162,0.790123456790127,0.4620786516853934,0.36717062634989195,0.6869918699186992,0.0,0.0,0.0,0.0,0.0
1.0,0.6086956521739069,0.6419753086419746,0.6362359550561798,0.32829373650107985,0.6219512195121952,0.0,0.0,0.0,0.0,0.0
0.5,0.3260869565217348,0.2962962962963047,0.321629213483146,0.6954643628509718,0.8861788617886179,0.0,0.0,0.0,1.0,0.0
1.0,0.19565217391303946,0.3333333333333357,0.4480337078651686,0.37149028077753765,0.7357723577235773,0.0,0.0,0.0,0.0,0.0
1.0,0.7065217391304301,0.6666666666666714,0.3230337078651686,0.47732181425485964,0.03658536585365854,0.0,0.0,0.0,0.0,0.0
0.5,0.5869565217391255,0.48148148148148806,0.4522471910112358,0.3196544276457882,0.02845528455284553,0.0,0.0,0.0,0.0,0.0
0.5,0.7717391304347743,0.7777777777777786,0.3848314606741574,0.548596112311015,0.83739837398374,0.0,0.0,0.0,0.0,0.0
1.0,0.891304347826086,0.8395061728395063,0.2387640449438202,0.6673866090712743,0.6991869918699187,0.0,0.0,0.0,0.0,0.0
0.5,0.3260869565217348,0.3456790123456841,0.550561797752809,0.4557235421166307,0.426829268292683,0.0,0.0,0.0,0.0,0.0
0.5,0.6521739130434767,0.6049382716049436,0.327247191011236,0.5421166306695464,0.3577235772357724,0.0,0.0,0.0,0.0,0.0
0.5,0.5434782608695627,0.4197530864197603,0.2598314606741574,0.5593952483801296,0.6951219512195123,0.0,0.0,0.0,0.0,0.0
1.0,0.7065217391304301,0.46913580246913966,0.771067415730337,0.21598272138228936,0.894308943089431,0.0,0.0,0.0,0.0,0.0
0.0,0.5760869565217348,0.7407407407407405,0.4452247191011238,0.35853131749460043,0.06910569105691057,0.0,0.0,0.0,0.0,0.0
0.0,0.2608695652173836,0.20987654320987303,0.3497191011235954,0.43412526997840173,0.5365853658536586,0.0,0.0,0.0,0.0,0.0
0.5,0.14130434782608603,0.20987654320987303,0.4747191011235954,0.39956803455723544,0.7032520325203253,0.0,0.0,0.0,0.0,0.0
0.5,0.4782608695652115,0.6790123456790127,0.9157303370786518,0.07775377969762409,0.7439024390243903,0.0,0.0,0.0,0.0,0.0
1.0,0.36956521739129755,0.4074074074074119,0.9269662921348314,0.12311015118790491,0.5284552845528456,0.0,0.0,0.0,0.0,0.0
1.0,0.5108695652173907,0.7037037037037024,0.853932584269663,0.08639308855291572,0.8658536585365855,0.0,0.0,0.0,0.0,0.0
1.0,0.5326086956521721,0.5802469135802468,0.4873595505617978,0.3369330453563715,0.3252032520325204,0.0,0.0,0.0,0.0,0.0
1.0,0.4130434782608674,0.3950617283950635,0.199438202247191,0.611231101511879,0.894308943089431,0.0,0.0,0.0,0.0,0.0
1.0,0.4782608695652115,0.4197530864197603,0.4564606741573034,0.4557235421166307,0.6178861788617886,0.0,0.0,0.0,0.0,0.0
0.5,0.2391304347826022,0.3456790123456841,0.5814606741573034,0.3520518358531317,0.4552845528455285,0.0,0.0,0.0,0.0,0.0
0.5,0.5652173913043441,0.44444444444444997,0.484550561797753,0.36501079913606904,0.8983739837398375,0.0,0.0,0.0,0.0,0.0
0.5,0.5760869565217348,0.48148148148148806,0.3174157303370786,0.48164146868250535,0.23170731707317074,0.0,0.0,0.0,0.0,0.0
1.0,0.9239130434782581,0.8395061728395063,0.372191011235955,0.5226781857451402,0.7926829268292683,0.0,0.0,0.0,0.0,0.0
0.5,0.21739130434782084,0.308641975308646,0.8019662921348314,0.20086393088552912,0.5,0.0,0.0,0.0,0.0,0.0
0.5,0.36956521739129755,0.4074074074074119,0.7134831460674158,0.21598272138228936,0.6260162601626017,0.0,0.0,0.0,0.0,0.0
1.0,0.5217391304347814,0.4320987654321016,0.3806179775280898,0.5248380129589632,0.07723577235772358,0.0,0.0,0.0,0.0,0.0
0.5,0.4021739130434767,0.3580246913580325,0.3974719101123594,0.5680345572354211,0.4552845528455285,0.0,0.0,0.0,0.0,0.0
1.0,0.9347826086956488,0.9259259259259238,0.627808988764045,0.1987041036717062,0.42276422764227645,0.0,0.0,0.0,0.0,0.0
1.0,0.6956521739130395,0.654320987654323,0.4592696629213482,0.5982721382289415,0.10975609756097562,0.0,0.0,0.0,0.0,0.0
1.0,0.6956521739130395,0.6790123456790127,0.3230337078651686,0.48596112311015116,0.32113821138211385,0.0,0.0,0.0,0.0,0.0
0.5,0.29347826086956275,0.24691358024691112,0.5941011235955058,0.2311015118790497,0.06910569105691057,0.0,0.0,0.0,0.0,0.0
0.5,0.7717391304347743,0.7530864197530889,0.3764044943820226,0.4730021598272137,0.4471544715447155,0.0,0.0,0.0,0.0,0.0
0.5,0.7499999999999929,0.7283950617283992,0.327247191011236,0.7343412526997839,0.1951219512195122,0.0,0.0,0.0,0.0,0.0
1.0,0.7173913043478208,0.7160493827160508,0.4339887640449438,0.44708423326133895,0.6097560975609757,0.0,0.0,0.0,0.0,0.0
1.0,0.3478260869565162,0.49382716049382935,0.4775280898876406,0.5291576673866091,0.3373983739837399,0.0,0.0,0.0,0.0,0.0
1.0,0.6739130434782581,0.6049382716049436,0.3089887640449438,0.5896328293736499,0.13821138211382114,0.0,0.0,0.0,0.0,0.0
0.5,0.1521739130434696,0.23456790123456983,0.467696629213483,0.37365010799136056,0.5934959349593496,0.0,0.0,0.0,0.0,0.0
1.0,0.6195652173912976,0.7283950617283992,0.2443820224719102,0.550755939524838,0.5569105691056911,0.0,0.0,0.0,0.0,0.0
0.5,0.4347826086956488,0.5925925925925952,0.1376404494382022,0.8574514038876888,0.06097560975609757,0.0,0.0,0.0,0.0,0.0
0.5,0.3369565217391255,0.48148148148148806,0.6629213483146066,0.21814254859611226,0.5934959349593496,0.0,0.0,0.0,0.0,0.0
0.5,0.46739130434782794,0.4197530864197603,0.4115168539325842,0.5442764578833692,0.6747967479674798,0.0,0.0,0.0,0.0,0.0
0.5,0.28260869565216495,0.2716049382716008,0.321629213483146,0.5269978401727862,0.3455284552845529,0.0,0.0,0.0,0.0,0.0
0.5,0.6413043478260789,0.6790123456790127,0.6348314606741574,0.20518358531317493,0.8577235772357724,0.0,0.0,0.0,0.0,0.0
0.5,0.7717391304347743,0.7160493827160508,0.8455056179775282,0.10151187904967596,0.1829268292682927,0.0,0.0,0.0,0.0,0.0
0.5,0.6956521739130395,0.654320987654323,0.3623595505617978,0.5226781857451402,0.8455284552845529,1.0,0.0,0.0,0.0,0.0
0.5,0.3913043478260789,0.5432098765432158,0.5575842696629214,0.37149028077753765,0.40650406504065045,0.0,0.0,0.0,0.0,0.0
1.0,0.5652173913043441,0.7160493827160508,0.2626404494382022,0.7775377969762418,0.02845528455284553,0.0,0.0,0.0,0.0,0.0
1.0,0.30434782608695343,0.308641975308646,0.3328651685393258,0.9460043196544274,0.07723577235772358,0.0,0.0,1.0,0.0,0.0
0.5,0.6413043478260789,0.518518518518519,0.7078651685393258,0.20734341252699784,0.12195121951219513,0.0,0.0,0.0,0.0,0.0
0.5,0.9021739130434767,0.8024691358024683,0.7205056179775282,0.22894168466522669,0.020325203252032523,0.0,0.0,0.0,0.0,0.0
0.5,0.5869565217391255,0.7654320987654302,0.3918539325842698,0.4233261339092873,0.7357723577235773,0.0,0.0,0.0,0.0,0.0
0.0,0.3369565217391255,0.3333333333333357,0.4157303370786518,0.41252699784017277,0.23577235772357727,0.0,0.0,0.0,0.0,0.0
0.5,0.5652173913043441,0.6296296296296333,0.2401685393258428,0.6846652267818574,0.6382113821138212,0.0,0.0,0.0,0.0,0.0
0.5,0.5869565217391255,0.6296296296296333,0.6601123595505618,0.24838012958963285,0.451219512195122,0.0,0.0,0.0,0.0,0.0
0.5,0.4130434782608674,0.5925925925925952,0.776685393258427,0.14686825053995678,0.3008130081300813,0.0,0.0,0.0,0.0,0.0
0.5,0.6630434782608603,0.6296296296296333,0.2893258426966292,0.7041036717062634,0.508130081300813,0.0,0.0,0.0,0.0,0.0
1.0,0.7717391304347743,0.7530864197530889,0.5252808988764046,0.24622030237580994,0.19918699186991873,0.0,0.0,0.0,0.0,0.0
1.0,0.9021739130434767,0.8395061728395063,0.5955056179775282,0.29373650107991367,0.05691056910569106,0.0,0.0,0.0,0.0,0.0
1.0,0.9565217391304373,0.9382716049382722,0.7612359550561798,0.17710583153347725,0.7195121951219513,0.0,0.0,0.0,0.0,0.0
0.5,0.36956521739129755,0.5061728395061778,0.3075842696629214,0.7386609071274297,0.5203252032520326,0.0,0.0,0.0,0.0,0.0
0.5,0.5326086956521721,0.6049382716049436,0.348314606741573,0.47948164146868244,0.459349593495935,0.0,0.0,0.0,0.0,0.0
0.0,0.25,0.3209876543209944,0.6418539325842698,0.2332613390928725,0.32113821138211385,0.0,0.0,0.0,0.0,0.0
0.5,0.4130434782608674,0.5802469135802468,0.377808988764045,0.4233261339092873,0.6138211382113822,0.0,0.0,0.0,0.0,0.0
0.5,0.7717391304347743,0.6419753086419746,0.401685393258427,0.4211663066954643,0.34959349593495936,0.0,0.0,0.0,0.0,0.0
0.5,0.8043478260869534,0.6049382716049436,0.5351123595505618,0.3066954643628509,0.0,0.0,0.0,0.0,0.0,0.0
1.0,0.21739130434782084,0.3456790123456841,0.473314606741573,0.48164146868250535,0.6951219512195123,0.0,0.0,0.0,0.0,0.0
0.5,0.38043478260869534,0.3333333333333357,0.3061797752808988,0.5874730021598271,0.04065040650406505,0.0,0.0,0.0,0.0,0.0
1.0,0.7608695652173907,0.654320987654323,0.5098314606741574,0.33261339092872566,0.28455284552845533,0.0,0.0,0.0,0.0,0.0
0.5,0.6195652173912976,0.6049382716049436,0.4353932584269662,0.3822894168466522,0.83739837398374,1.0,0.0,0.0,0.0,0.0
1.0,0.3913043478260789,0.3456790123456841,0.383426966292135,0.6457883369330453,0.6341463414634148,0.0,0.0,0.0,0.0,0.0
0.5,0.7173913043478208,0.5925925925925952,0.3398876404494382,0.6695464362850971,0.7032520325203253,0.0,0.0,0.0,0.0,0.0
0.5,0.6086956521739069,0.5679012345679055,0.3693820224719102,0.5269978401727862,0.5487804878048781,0.0,0.0,0.0,0.0,0.0
0.5,0.28260869565216495,0.3950617283950635,0.5379213483146066,0.4708423326133908,0.20325203252032523,0.0,0.0,0.0,0.0,0.0
0.5,0.6413043478260789,0.518518518518519,0.3735955056179774,0.548596112311015,0.0934959349593496,0.0,0.0,0.0,0.0,0.0
1.0,0.9130434782608674,0.8148148148148167,0.8047752808988766,0.13606911447084225,0.7723577235772359,0.0,0.0,0.0,0.0,0.0
0.5,0.5869565217391255,0.46913580246913966,0.4157303370786518,0.3110151187904967,0.8008130081300814,0.0,0.0,0.0,0.0,0.0
0.5,0.4239130434782581,0.3456790123456841,0.896067415730337,0.12958963282937364,0.2804878048780488,0.0,0.0,0.0,0.0,0.0
1.0,0.03260869565217206,0.04938271604938649,0.3918539325842698,0.6285097192224622,0.6422764227642277,0.0,0.0,0.0,0.0,0.0
1.0,0.6521739130434767,0.5308641975308674,0.5758426966292134,0.2311015118790497,0.853658536585366,0.0,0.0,0.0,0.0,0.0
0.5,0.5760869565217348,0.7407407407407405,0.484550561797753,0.5140388768898487,0.7520325203252033,0.0,0.0,0.0,0.0,0.0
0.5,0.7173913043478208,0.654320987654323,0.2429775280898876,0.5529157667386609,0.48373983739837406,0.0,0.0,0.0,0.0,0.0
0.5,0.5217391304347814,0.49382716049382935,0.3623595505617978,0.4319654427645788,0.1869918699186992,0.0,0.0,0.0,0.0,0.0
1.0,0.6521739130434767,0.518518518518519,0.5365168539325842,0.3434125269978401,0.8658536585365855,0.0,0.0,0.0,0.0,0.0
1.0,0.21739130434782084,0.3333333333333357,0.6769662921348314,0.19006479481641458,0.06910569105691057,0.0,0.0,0.0,0.0,0.0
0.5,0.6630434782608603,0.5925925925925952,0.6320224719101122,0.4190064794816414,0.0,0.0,0.0,0.0,0.0,0.0
0.5,0.6956521739130395,0.654320987654323,0.2247191011235956,0.6285097192224622,0.10162601626016261,0.0,0.0,0.0,0.0,0.0
1.0,0.4347826086956488,0.3950617283950635,0.8202247191011238,0.10151187904967596,0.7967479674796749,0.0,0.0,0.0,0.0,0.0
1.0,0.6630434782608603,0.6049382716049436,0.943820224719101,0.11231101511879049,0.7235772357723578,0.0,0.0,0.0,0.0,0.0
0.5,0.45652173913043015,0.4197530864197603,0.9396067415730338,0.05399568034557234,0.31300813008130085,0.0,0.0,0.0,0.0,0.0
0.5,0.6195652173912976,0.6419753086419746,0.4339887640449438,0.5291576673866091,0.06097560975609757,0.0,0.0,0.0,0.0,0.0
0.5,0.22826086956521152,0.308641975308646,0.3075842696629214,0.6393088552915767,0.16666666666666669,0.0,0.0,0.0,0.0,0.0
0.5,0.2391304347826022,0.3333333333333357,0.460674157303371,0.49028077753779686,0.8495934959349595,0.0,0.0,0.0,0.0,0.0
0.5,0.2391304347826022,0.44444444444444997,0.4030898876404494,0.40388768898488114,0.8008130081300814,0.0,0.0,0.0,0.0,0.0
1.0,0.4782608695652115,0.654320987654323,0.353932584269663,0.6479481641468683,0.6829268292682927,0.0,0.0,0.0,0.0,0.0
0.5,0.5869565217391255,0.5432098765432158,0.5042134831460674,0.33261339092872566,0.7764227642276423,0.0,0.0,0.0,0.0,0.0
1.0,0.7934782608695627,0.5925925925925952,0.3328651685393258,0.7840172786177104,0.23170731707317074,0.0,0.0,0.0,0.0,0.0
1.0,0.3260869565217348,0.2839506172839492,0.818820224719101,0.12742980561555073,0.3902439024390244,0.0,0.0,0.0,0.0,0.0
0.5,0.5652173913043441,0.7654320987654302,0.7963483146067414,0.17710583153347725,0.8414634146341464,0.0,0.0,0.0,0.0,0.0
1.0,0.8478260869565233,0.8148148148148167,0.6179775280898878,0.24838012958963285,0.410569105691057,0.0,0.0,0.0,0.0,0.0
1.0,0.5760869565217348,0.46913580246913966,0.4339887640449438,0.3002159827213823,0.5853658536585367,0.0,0.0,0.0,0.0,0.0
0.0,0.7499999999999929,0.5308641975308674,0.4002808988764046,0.5075593952483801,0.15447154471544716,0.0,0.0,0.0,0.0,0.0
1.0,0.7826086956521721,0.7654320987654302,0.2303370786516854,0.7386609071274297,0.508130081300813,0.0,0.0,0.0,0.0,0.0
0.0,0.4239130434782581,0.6049382716049436,0.7317415730337078,0.2267818574514039,0.6504065040650407,0.0,0.0,0.0,0.0,0.0
0.5,0.7608695652173907,0.7037037037037024,0.460674157303371,0.3153347732181425,0.30487804878048785,0.0,0.0,0.0,0.0,0.0
1.0,0.5434782608695627,0.46913580246913966,0.372191011235955,0.48164146868250535,0.5894308943089431,0.0,0.0,0.0,0.0,0.0
0.5,0.3913043478260789,0.5061728395061778,0.1460674157303372,0.9028077753779697,0.878048780487805,0.0,0.0,0.0,1.0,0.0
0.5,0.4021739130434767,0.5679012345679055,0.5632022471910114,0.3088552915766738,0.3373983739837399,0.0,0.0,0.0,0.0,0.0
0.5,0.17391304347825098,0.2962962962963047,0.7837078651685394,0.1879049676025918,0.24390243902439027,0.0,0.0,0.0,0.0,0.0
0.5,0.28260869565216495,0.4074074074074119,0.4901685393258426,0.3779697624190065,0.1910569105691057,0.0,0.0,0.0,0.0,0.0
0.5,0.6630434782608603,0.6172839506172849,0.6882022471910114,0.16630669546436283,0.7357723577235773,0.0,0.0,0.0,0.0,0.0
0.5,0.45652173913043015,0.44444444444444997,0.473314606741573,0.47948164146868244,0.6056910569105691,0.0,0.0,0.0,0.0,0.0
0.5,0.7282608695652115,0.6296296296296333,0.6067415730337078,0.1922246220302375,0.9552845528455286,1.0,0.0,0.0,0.0,0.0
0.0,0.891304347826086,0.8765432098765444,0.3103932584269664,0.771058315334773,0.34146341463414637,0.0,0.0,0.0,0.0,0.0
1.0,0.5869565217391255,0.6049382716049436,0.4087078651685394,0.36501079913606904,0.13414634146341464,0.0,0.0,0.0,0.0,0.0
0.5,0.25,0.3209876543209944,0.609550561797753,0.25053995680345564,0.1585365853658537,0.0,0.0,0.0,0.0,0.0
0.5,0.3260869565217348,0.4197530864197603,0.2851123595505618,0.5442764578833692,0.861788617886179,0.0,0.0,0.0,0.0,0.0
1.0,0.5217391304347814,0.4320987654321016,0.7078651685393258,0.16414686825053992,0.38617886178861793,0.0,0.0,0.0,0.0,1.0
1.0,0.5434782608695627,0.45679012345679126,0.6025280898876406,0.28077753779697623,0.6097560975609757,0.0,0.0,0.0,0.0,0.0
1.0,0.5326086956521721,0.46913580246913966,0.627808988764045,0.17710583153347725,0.20731707317073172,0.0,0.0,0.0,0.0,0.0
0.5,0.6086956521739069,0.6419753086419746,0.5870786516853934,0.3002159827213823,0.7357723577235773,0.0,0.0,0.0,0.0,0.0
1.0,0.5869565217391255,0.6049382716049436,0.330056179775281,0.5658747300215982,0.34146341463414637,0.0,0.0,0.0,0.0,0.0
0.5,0.5760869565217348,0.7407407407407405,0.4283707865168538,0.5961123110151187,0.0894308943089431,0.0,0.0,0.0,0.0,0.0
0.0,0.4891304347826093,0.6419753086419746,0.342696629213483,0.5853131749460043,0.6829268292682927,0.0,0.0,0.0,0.0,0.0
1.0,0.5760869565217348,0.5555555555555571,0.0702247191011236,0.6954643628509718,0.0934959349593496,0.0,0.0,0.0,0.0,0.0
0.0,0.46739130434782794,0.5432098765432158,0.4887640449438202,0.36069114470842323,0.2520325203252033,0.0,0.0,0.0,0.0,0.0
0.5,0.5978260869565162,0.6172839506172849,0.5702247191011238,0.3066954643628509,0.5853658536585367,0.0,0.0,0.0,0.0,0.0
0.0,0.6195652173912976,0.6049382716049436,0.2570224719101124,0.6587473002159827,0.4308943089430895,0.0,0.0,0.0,0.0,0.0
0.5,0.46739130434782794,0.3950617283950635,0.3356741573033708,0.7149028077753781,0.48780487804878053,0.0,0.0,0.0,0.0,0.0
0.5,0.5869565217391255,0.5061728395061778,0.252808988764045,0.712742980561555,0.7439024390243903,0.0,0.0,0.0,0.0,0.0
0.5,0.7934782608695627,0.6049382716049436,0.5140449438202246,0.3758099352051836,0.8089430894308944,0.0,0.0,0.0,0.0,0.0
1.0,0.6630434782608603,0.5925925925925952,0.3764044943820226,0.5442764578833692,0.7439024390243903,0.0,0.0,0.0,0.0,0.0
0.5,0.19565217391303946,0.2716049382716008,0.383426966292135,0.6457883369330453,0.6747967479674798,0.0,0.0,0.0,0.0,0.0
1.0,0.7391304347826093,0.7037037037037024,0.3988764044943822,0.5032397408207343,0.13414634146341464,0.0,0.0,0.0,0.0,0.0
0.5,0.4891304347826093,0.6790123456790127,0.675561797752809,0.17710583153347725,0.7032520325203253,0.0,0.0,0.0,0.0,0.0
1.0,0.6847826086956488,0.6296296296296333,0.2247191011235956,0.6349892008639308,0.5691056910569107,0.0,0.0,0.0,0.0,0.0
0.0,0.5434782608695627,0.518518518518519,0.3117977528089888,0.6911447084233262,0.8333333333333334,0.0,0.0,0.0,0.0,0.0
0.5,0.9021739130434767,0.8395061728395063,0.1446629213483146,0.9136069114470842,0.410569105691057,0.0,0.0,0.0,0.0,0.0
0.5,0.891304347826086,0.790123456790127,0.2008426966292136,0.7688984881209504,0.4634146341463415,0.0,0.0,0.0,0.0,0.0
1.0,0.5869565217391255,0.6049382716049436,0.8356741573033706,0.1511879049676026,0.8739837398373985,0.0,0.0,0.0,0.0,0.0
0.5,0.4239130434782581,0.6172839506172849,0.4943820224719102,0.48596112311015116,0.06910569105691057,0.0,0.0,0.0,0.0,0.0
0.5,0.4782608695652115,0.4197530864197603,0.4101123595505618,0.4298056155507559,0.5,0.0,0.0,0.0,0.0,0.0
0.5,0.5326086956521721,0.5061728395061778,0.4185393258426966,0.4708423326133908,0.4308943089430895,0.0,0.0,0.0,0.0,0.0
0.0,0.6195652173912976,0.6790123456790127,0.5884831460674158,0.2721382289416847,0.07723577235772358,0.0,0.0,0.0,0.0,0.0
1.0,0.21739130434782084,0.3209876543209944,0.3876404494382022,0.8531317494600432,0.8414634146341464,0.0,0.0,1.0,1.0,0.0
0.5,0.29347826086956275,0.3703703703703738,0.3918539325842698,0.6069114470842332,0.8292682926829269,0.0,0.0,0.0,0.0,0.0
0.5,0.45652173913043015,0.6296296296296333,0.2682584269662922,0.609071274298056,0.6260162601626017,0.0,0.0,0.0,0.0,0.0
0.0,0.29347826086956275,0.22222222222222143,0.7022471910112358,0.16630669546436283,0.10569105691056911,0.0,0.0,0.0,0.0,0.0
0.5,0.8586956521739069,0.7160493827160508,0.4634831460674158,0.3844492440604751,0.0,0.0,0.0,0.0,0.0,0.0
0.5,0.7826086956521721,0.5555555555555571,0.1741573033707866,0.7321814254859611,0.34959349593495936,0.0,1.0,0.0,0.0,0.0
0.5,0.4999999999999929,0.4320987654321016,0.5828651685393258,0.3131749460043196,0.451219512195122,0.0,0.0,0.0,0.0,0.0
0.0,0.20652173913043015,0.2962962962963047,0.824438202247191,0.1533477321814254,0.5691056910569107,0.0,0.0,0.0,0.0,0.0
1.0,0.6195652173912976,0.7160493827160508,0.4873595505617978,0.5140388768898487,0.6707317073170732,0.0,0.0,0.0,0.0,0.0
0.5,0.8043478260869534,0.654320987654323,0.717696629213483,0.20950323974082075,0.6097560975609757,0.0,0.0,0.0,0.0,0.0
0.5,0.6304347826086953,0.6296296296296333,0.5969101123595506,0.2764578833693304,0.48373983739837406,0.0,0.0,0.0,0.0,0.0
1.0,0.9130434782608674,0.864197530864196,0.4901685393258426,0.48812095032397407,0.7886178861788619,0.0,0.0,0.0,0.0,0.0
1.0,0.5217391304347814,0.45679012345679126,0.5421348314606742,0.24838012958963285,0.5040650406504066,0.0,0.0,0.0,0.0,0.0
0.5,0.3913043478260789,0.6049382716049436,0.3132022471910112,0.5118790496760258,0.04878048780487805,0.0,0.0,0.0,0.0,0.0
1.0,0.21739130434782084,0.3456790123456841,0.478932584269663,0.630669546436285,0.7154471544715448,0.0,0.0,0.0,0.0,0.0
1.0,0.5652173913043441,0.5925925925925952,0.401685393258427,0.49244060475161977,0.05691056910569106,0.0,0.0,0.0,0.0,0.0
1.0,0.19565217391303946,0.2716049382716008,0.598314606741573,0.40604751619870405,0.6747967479674798,0.0,0.0,0.0,0.0,0.0
0.5,0.25,0.46913580246913966,0.5421348314606742,0.347732181425486,0.25609756097560976,0.0,0.0,0.0,0.0,0.0
0.5,0.29347826086956275,0.3209876543209944,0.3117977528089888,0.7796976241900648,0.8861788617886179,0.0,0.0,0.0,1.0,0.0
0.5,0.6304347826086953,0.7283950617283992,0.3497191011235954,0.6047516198704104,0.821138211382114,0.0,0.0,0.0,0.0,0.0
1.0,0.9782608695652186,0.9506172839506135,0.6193820224719102,0.25917926565874727,0.21544715447154475,0.0,0.0,0.0,0.0,0.0
0.5,0.9673913043478208,0.9506172839506135,0.782303370786517,0.17494600431965435,0.3170731707317074,0.0,0.0,0.0,0.0,0.0
1.0,0.22826086956521152,0.3456790123456841,0.6390449438202246,0.2613390928725702,0.34146341463414637,0.0,0.0,0.0,0.0,0.0
0.5,0.3152173913043441,0.4074074074074119,0.3230337078651686,0.75377969762419,0.5894308943089431,0.0,0.0,0.0,0.0,0.0
1.0,0.3913043478260789,0.518518518518519,0.6488764044943822,0.24406047516198692,0.34959349593495936,0.0,0.0,0.0,0.0,0.0
0.0,0.5978260869565162,0.5925925925925952,0.5280898876404494,0.4319654427645788,0.894308943089431,0.0,0.0,0.0,0.0,0.0
0.5,0.30434782608695343,0.3950617283950635,0.2584269662921348,0.4708423326133908,0.459349593495935,0.0,0.0,0.0,0.0,0.0
0.5,0.2717391304347814,0.3456790123456841,0.7247191011235954,0.16630669546436283,0.8089430894308944,0.0,0.0,0.0,0.0,0.0
1.0,0.7173913043478208,0.49382716049382935,0.5407303370786518,0.3758099352051836,0.5487804878048781,0.0,0.0,0.0,0.0,0.0
1.0,0.7608695652173907,0.7530864197530889,0.3651685393258426,0.5032397408207343,0.7113821138211383,0.0,0.0,0.0,0.0,0.0
0.5,0.46739130434782794,0.4074074074074119,0.4058988764044942,0.6198704103671706,0.29268292682926833,0.0,0.0,0.0,0.0,0.0
0.0,0.28260869565216495,0.4197530864197603,0.353932584269663,0.531317494600432,0.032520325203252036,0.0,0.0,0.0,0.0,0.0
1.0,0.38043478260869534,0.49382716049382935,0.2935393258426966,0.6177105831533478,0.5406504065040652,0.0,0.0,0.0,0.0,0.0
0.5,0.6956521739130395,0.5432098765432158,0.3075842696629214,0.6479481641468683,0.012195121951219513,0.0,0.0,0.0,0.0,0.0
0.5,0.30434782608695343,0.3580246913580325,0.359550561797753,0.5356371490280777,0.8333333333333334,0.0,0.0,0.0,0.0,0.0
0.5,0.2608695652173836,0.49382716049382935,0.4424157303370786,0.4514038876889849,0.7154471544715448,0.0,0.0,0.0,0.0,0.0
0.0,0.21739130434782084,0.3703703703703738,0.3581460674157302,0.5637149028077754,0.06504065040650407,0.0,0.0,0.0,0.0,0.0
0.5,0.7826086956521721,0.654320987654323,0.5126404494382022,0.3952483801295895,0.7642276422764228,0.0,0.0,0.0,0.0,0.0
0.0,0.44565217391303946,0.4074074074074119,0.3258426966292136,0.6825053995680346,0.2520325203252033,0.0,0.0,0.0,0.0,0.0
0.5,0.6956521739130395,0.5061728395061778,0.3019662921348314,0.5593952483801296,0.44308943089430897,0.0,0.0,0.0,0.0,0.0
0.5,0.44565217391303946,0.6419753086419746,0.7977528089887642,0.16630669546436283,0.04065040650406505,0.0,0.0,0.0,0.0,0.0
0.5,0.5869565217391255,0.6666666666666714,0.7092696629213482,0.22894168466522669,0.6544715447154472,0.0,0.0,0.0,0.0,0.0
1.0,0.30434782608695343,0.3950617283950635,0.3876404494382022,0.6522678185745139,0.467479674796748,0.0,0.0,0.0,0.0,0.0
0.0,0.4891304347826093,0.6049382716049436,0.3370786516853932,0.5291576673866091,0.47154471544715454,0.0,0.0,0.0,0.0,0.0
0.5,0.6521739130434767,0.5308641975308674,0.4536516853932586,0.44708423326133895,0.04471544715447155,0.0,0.0,0.0,0.0,0.0
1.0,0.22826086956521152,0.3209876543209944,0.2134831460674158,0.8164146868250539,0.459349593495935,0.0,0.0,0.0,0.0,0.0
1.0,0.4021739130434767,0.4074074074074119,0.3314606741573034,0.5421166306695464,0.10975609756097562,0.0,0.0,0.0,0.0,0.0
1.0,0.7173913043478208,0.5802469135802468,0.2668539325842696,0.6025917926565874,0.2967479674796748,0.0,1.0,0.0,0.0,0.0
1.0,0.5326086956521721,0.7283950617283992,0.3258426966292136,0.771058315334773,0.33333333333333337,0.0,0.0,0.0,0.0,0.0
0.5,0.6956521739130395,0.6419753086419746,0.3117977528089888,0.5680345572354211,0.8414634146341464,1.0,0.0,0.0,0.0,1.0
0.5,0.3369565217391255,0.46913580246913966,0.508426966292135,0.3563714902807775,0.475609756097561,0.0,0.0,0.0,0.0,0.0
0.5,0.29347826086956275,0.3950617283950635,0.2907303370786518,0.7300215982721381,0.3577235772357724,0.0,0.0,0.0,0.0,0.0
1.0,0.9239130434782581,0.9259259259259238,0.771067415730337,0.20518358531317493,0.5975609756097562,0.0,0.0,0.0,0.0,0.0
0.5,0.7934782608695627,0.7654320987654302,0.6320224719101122,0.2332613390928725,0.3617886178861789,0.0,0.0,0.0,0.0,0.0
0.5,0.05434782608695343,0.11111111111111427,0.6474719101123594,0.32613390928725705,0.467479674796748,0.0,0.0,0.0,0.0,0.0
0.5,0.5869565217391255,0.790123456790127,0.4424157303370786,0.5161987041036716,0.6300813008130082,0.0,0.0,0.0,0.0,0.0
1.0,0.4782608695652115,0.5555555555555571,0.3609550561797754,0.49028077753779686,0.12195121951219513,0.0,0.0,0.0,0.0,0.0
0.5,0.7608695652173907,0.6296296296296333,0.6558988764044942,0.2656587473002159,0.10569105691056911,0.0,0.0,0.0,0.0,0.0
0.5,0.5217391304347814,0.5925925925925952,0.4901685393258426,0.3434125269978401,0.44308943089430897,0.0,0.0,0.0,0.0,0.0
1.0,0.6739130434782581,0.6296296296296333,0.6250000000000002,0.3520518358531317,0.6788617886178863,0.0,0.0,0.0,0.0,0.0
0.0,0.21739130434782084,0.3580246913580325,0.7092696629213482,0.20086393088552912,0.6747967479674798,0.0,0.0,0.0,0.0,0.0
0.5,0.5326086956521721,0.46913580246913966,0.7668539325842698,0.17926565874730016,0.5325203252032521,0.0,0.0,0.0,0.0,0.0
1.0,0.4999999999999929,0.6913580246913611,0.7303370786516854,0.17926565874730016,0.5447154471544716,0.0,0.0,0.0,0.0,0.0
1.0,0.2391304347826022,0.308641975308646,0.7443820224719102,0.2613390928725702,0.06910569105691057,0.0,0.0,0.0,0.0,0.0
0.5,0.5869565217391255,0.5679012345679055,0.3862359550561798,0.4298056155507559,0.8414634146341464,0.0,0.0,0.0,0.0,0.0
0.0,0.20652173913043015,0.3580246913580325,0.425561797752809,0.5723542116630669,0.39837398373983746,0.0,0.0,0.0,0.0,0.0
0.5,0.5760869565217348,0.5432098765432158,0.4241573033707866,0.6436285097192225,0.07723577235772358,0.0,0.0,0.0,0.0,0.0
1.0,0.4999999999999929,0.4320987654321016,0.5491573033707866,0.3542116630669546,0.7195121951219513,0.0,0.0,0.0,0.0,0.0
0.5,0.5326086956521721,0.7283950617283992,0.3693820224719102,0.5874730021598271,0.2682926829268293,0.0,0.0,0.0,0.0,0.0
1.0,0.6847826086956488,0.6049382716049436,0.5196629213483146,0.40604751619870405,0.0,0.0,0.0,0.0,0.0,0.0
1.0,0.3260869565217348,0.3950617283950635,0.2907303370786518,0.6393088552915767,0.0934959349593496,0.0,0.0,0.0,0.0,0.0
0.0,0.7826086956521721,0.6666666666666714,0.9367977528089886,0.06911447084233258,0.8252032520325204,0.0,0.0,0.0,0.0,0.0
0.5,0.3913043478260789,0.5555555555555571,0.3679775280898878,0.4298056155507559,0.524390243902439,0.0,0.0,0.0,0.0,0.0
0.0,0.38043478260869534,0.3580246913580325,0.3735955056179774,0.6328293736501078,0.6097560975609757,0.0,0.0,0.0,0.0,0.0
1.0,0.7826086956521721,0.7654320987654302,0.4901685393258426,0.40388768898488114,0.3902439024390244,0.0,0.0,0.0,0.0,0.0
1.0,0.021739130434781373,0.02469135802468969,0.276685393258427,0.6976241900647948,0.821138211382114,0.0,0.0,0.0,0.0,0.0
0.5,0.6086956521739069,0.6296296296296333,0.4353932584269662,0.5550755939524836,0.23170731707317074,0.0,0.0,0.0,0.0,0.0
0.0,0.38043478260869534,0.5061728395061778,0.5337078651685394,0.40388768898488114,0.2642276422764228,0.0,0.0,0.0,0.0,0.0
0.5,0.6521739130434767,0.654320987654323,0.5000000000000002,0.36285097192224613,0.83739837398374,0.0,0.0,0.0,0.0,0.0
0.5,0.6195652173912976,0.6913580246913611,0.2331460674157304,0.5809935205183585,0.2886178861788618,0.0,0.0,0.0,0.0,0.0
1.0,0.2717391304347814,0.4320987654321016,0.1573033707865168,0.8876889848812095,0.04878048780487805,0.0,0.0,0.0,0.0,0.0
1.0,0.35869565217391397,0.46913580246913966,0.7036516853932586,0.16630669546436283,0.1788617886178862,0.0,0.0,0.0,0.0,0.0
0.5,0.5978260869565162,0.6666666666666714,0.4171348314606742,0.4535637149028078,0.7154471544715448,0.0,0.0,0.0,0.0,0.0
0.5,0.22826086956521152,0.2962962962963047,0.2317415730337078,0.7257019438444925,0.2764227642276423,0.0,0.0,0.0,0.0,0.0
0.5,0.7934782608695627,0.8148148148148167,0.4929775280898878,0.3066954643628509,0.12601626016260165,0.0,0.0,0.0,0.0,0.0
1.0,0.35869565217391397,0.46913580246913966,0.5575842696629214,0.2980561555075594,0.28455284552845533,0.0,0.0,0.0,0.0,0.0
0.5,0.6739130434782581,0.5925925925925952,0.4943820224719102,0.40820734341252696,0.8292682926829269,0.0,0.0,0.0,0.0,0.0
1.0,0.36956521739129755,0.5061728395061778,0.4466292134831462,0.531317494600432,0.1951219512195122,0.0,0.0,0.0,0.0,0.0
0.5,0.4782608695652115,0.48148148148148806,0.303370786516854,0.673866090712743,0.5853658536585367,0.0,0.0,0.0,0.0,0.0
0.5,0.9130434782608674,0.8395061728395063,0.6839887640449438,0.12958963282937364,0.5650406504065041,0.0,0.0,0.0,0.0,0.0
0.0,0.18478260869564878,0.3333333333333357,0.1713483146067416,0.7451403887688985,0.6829268292682927,0.0,0.0,0.0,0.0,0.0
0.5,0.6630434782608603,0.6172839506172849,0.592696629213483,0.3045356371490281,0.3821138211382114,0.0,0.0,0.0,0.0,0.0
1.0,0.7934782608695627,0.8148148148148167,0.5379213483146066,0.3563714902807775,0.1869918699186992,0.0,0.0,0.0,0.0,0.0
0.5,0.5326086956521721,0.5061728395061778,0.2387640449438202,0.8488120950323974,0.10569105691056911,0.0,0.0,0.0,0.0,0.0
0.5,0.5869565217391255,0.8148148148148167,0.5533707865168538,0.28293736501079914,0.40650406504065045,0.0,0.0,0.0,0.0,0.0
0.5,0.5326086956521721,0.7160493827160508,0.6404494382022474,0.2375809935205183,0.12601626016260165,0.0,0.0,0.0,0.0,0.0
0.5,0.4239130434782581,0.3703703703703738,0.4648876404494382,0.4708423326133908,0.7967479674796749,0.0,0.0,0.0,0.0,0.0
0.0,0.7065217391304301,0.6666666666666714,0.3932584269662922,0.6479481641468683,0.6056910569105691,0.0,0.0,0.0,0.0,0.0
0.0,0.8695652173913047,0.7037037037037024,0.657303370786517,0.2267818574514039,0.20325203252032523,0.0,0.0,0.0,0.0,0.0
1.0,0.5543478260869534,0.7407407407407405,0.460674157303371,0.2786177105831533,0.8130081300813009,0.0,0.0,0.0,0.0,0.0
1.0,0.6521739130434767,0.6419753086419746,0.4620786516853934,0.36285097192224613,0.6463414634146342,0.0,0.0,0.0,0.0,0.0
0.5,0.28260869565216495,0.24691358024691112,0.175561797752809,0.7580993520518358,0.3536585365853659,0.0,0.0,0.0,0.0,0.0
1.0,0.4021739130434767,0.5555555555555571,0.1615168539325842,0.8012958963282937,0.04065040650406505,0.0,0.0,0.0,0.0,0.0
1.0,0.7934782608695627,0.7037037037037024,0.806179775280899,0.20302375809935203,0.6138211382113822,0.0,0.0,0.0,0.0,0.0
0.5,0.5760869565217348,0.48148148148148806,0.3412921348314606,0.7235421166306695,0.2682926829268293,0.0,0.0,0.0,0.0,0.0
1.0,0.35869565217391397,0.4074074074074119,0.4185393258426966,0.44708423326133895,0.024390243902439025,0.0,0.0,0.0,0.0,0.0
1.0,0.6630434782608603,0.6296296296296333,0.8412921348314606,0.13822894168466515,0.024390243902439025,0.0,0.0,0.0,0.0,0.0
0.5,0.45652173913043015,0.5308641975308674,0.2331460674157304,0.7041036717062634,0.3739837398373984,0.0,0.0,0.0,0.0,0.0
1.0,0.7282608695652115,0.5802469135802468,0.5969101123595506,0.28077753779697623,0.39430894308943093,0.0,0.0,0.0,0.0,0.0
1.0,0.19565217391303946,0.2839506172839492,0.7120786516853934,0.11879049676025921,0.6463414634146342,0.0,0.0,0.0,0.0,0.0
0.5,0.5652173913043441,0.6913580246913611,0.431179775280899,0.4686825053995679,0.1585365853658537,0.0,0.0,0.0,0.0,0.0
1.0,0.3913043478260789,0.5925925925925952,0.4803370786516854,0.3974082073434124,0.10975609756097562,0.0,0.0,0.0,0.0,0.0
0.5,0.28260869565216495,0.4197530864197603,0.5786516853932586,0.25701943844492436,0.13008130081300814,0.0,0.0,0.0,0.0,0.0
0.0,0.2717391304347814,0.2716049382716008,0.585674157303371,0.28941684665226775,0.052845528455284556,0.0,0.0,0.0,0.0,0.0
0.5,0.5108695652173907,0.5555555555555571,0.8103932584269662,0.14686825053995678,0.7845528455284554,0.0,0.0,0.0,0.0,0.0
1.0,0.5652173913043441,0.518518518518519,0.4213483146067414,0.630669546436285,0.5040650406504066,0.0,0.0,0.0,0.0,0.0
0.5,0.46739130434782794,0.46913580246913966,0.3792134831460674,0.4600431965442764,0.6829268292682927,0.0,0.0,0.0,0.0,0.0
1.0,0.6956521739130395,0.6419753086419746,0.353932584269663,0.6025917926565874,0.2682926829268293,0.0,0.0,0.0,0.0,0.0
0.5,0.6086956521739069,0.6172839506172849,0.4002808988764046,0.347732181425486,0.8455284552845529,0.0,0.0,0.0,0.0,0.0
0.5,0.9021739130434767,0.8148148148148167,0.3764044943820226,0.5032397408207343,0.48373983739837406,0.0,0.0,0.0,0.0,0.0
0.5,0.9673913043478208,0.9506172839506135,0.3848314606741574,0.6328293736501078,0.3902439024390244,0.0,0.0,0.0,0.0,0.0
0.5,0.7282608695652115,0.654320987654323,0.6306179775280898,0.3045356371490281,0.07317073170731708,0.0,0.0,0.0,0.0,0.0
0.5,0.6739130434782581,0.5802469135802468,0.205056179775281,0.5723542116630669,0.0975609756097561,0.0,0.0,0.0,0.0,0.0
0.5,0.3152173913043441,0.3209876543209944,0.8735955056179774,0.24838012958963285,0.3902439024390244,0.0,0.0,0.0,0.0,0.0
0.5,0.5326086956521721,0.7283950617283992,0.2429775280898876,0.7213822894168467,0.5365853658536586,0.0,0.0,0.0,0.0,0.0
0.5,0.21739130434782084,0.3333333333333357,0.3876404494382022,0.4168466522678185,0.23983739837398377,0.0,0.0,0.0,0.0,0.0
0.5,0.38043478260869534,0.3703703703703738,0.431179775280899,0.29157667386609065,0.2886178861788618,0.0,0.0,0.0,0.0,0.0
0.5,0.6413043478260789,0.7407407407407405,0.3932584269662922,0.609071274298056,0.8292682926829269,0.0,0.0,0.0,0.0,0.0
1.0,0.5869565217391255,0.6296296296296333,0.425561797752809,0.4557235421166307,0.2886178861788618,0.0,0.0,0.0,0.0,0.0
0.5,0.2717391304347814,0.18518518518518334,0.2359550561797754,0.7818574514038876,0.7073170731707318,0.0,0.0,0.0,0.0,0.0
0.5,0.6739130434782581,0.6419753086419746,0.9943820224719102,0.06695464362850967,0.49593495934959353,0.0,0.0,0.0,0.0,0.0
0.5,0.25,0.44444444444444997,0.5997191011235954,0.32181425485961124,0.024390243902439025,0.0,0.0,0.0,0.0,0.0
0.5,0.2391304347826022,0.3333333333333357,0.484550561797753,0.427645788336933,0.6504065040650407,0.0,0.0,0.0,0.0,0.0
0.5,0.6739130434782581,0.6419753086419746,0.585674157303371,0.40820734341252696,0.6504065040650407,0.0,0.0,0.0,0.0,0.0
0.0,0.7391304347826093,0.6419753086419746,0.377808988764045,0.48380129589632825,0.8048780487804879,0.0,0.0,0.0,0.0,0.0
1.0,0.5434782608695627,0.5061728395061778,0.366573033707865,0.4730021598272137,0.012195121951219513,0.0,0.0,0.0,0.0,0.0
1.0,0.8152173913043441,0.6296296296296333,0.3764044943820226,0.531317494600432,0.13008130081300814,0.0,0.0,0.0,0.0,0.0
0.5,0.5326086956521721,0.7283950617283992,0.1952247191011236,0.6652267818574513,0.8739837398373985,0.0,0.0,0.0,0.0,0.0
0.5,0.10869565217390686,0.18518518518518334,0.151685393258427,0.8315334773218142,0.11788617886178863,0.0,0.0,0.0,0.0,0.0
1.0,0.46739130434782794,0.44444444444444997,0.2865168539325842,0.609071274298056,0.10162601626016261,0.0,0.0,0.0,0.0,0.0
0.5,0.5434782608695627,0.518518518518519,0.2724719101123596,0.7602591792656586,0.016260162601626018,0.0,0.0,0.0,0.0,0.0
0.0,0.2391304347826022,0.3333333333333357,0.8567415730337078,0.0820734341252699,0.11382113821138212,0.0,0.0,0.0,0.0,0.0
0.5,0.5869565217391255,0.654320987654323,0.3918539325842698,0.4708423326133908,0.5121951219512195,0.0,0.0,0.0,0.0,0.0
1.0,0.03260869565217206,0.04938271604938649,0.431179775280899,0.48812095032397407,0.6951219512195123,0.0,0.0,0.0,0.0,0.0
0.5,0.5217391304347814,0.48148148148148806,0.8103932584269662,0.11447084233261329,0.22357723577235775,0.0,0.0,0.0,0.0,0.0
0.5,0.4891304347826093,0.6419753086419746,0.508426966292135,0.44492440604751615,0.6747967479674798,0.0,0.0,0.0,0.0,0.0
1.0,0.17391304347825098,0.2592592592592595,0.3412921348314606,0.6609071274298055,0.5284552845528456,0.0,0.0,0.0,0.0,0.0
0.5,0.7173913043478208,0.5925925925925952,0.4129213483146066,0.48164146868250535,0.5203252032520326,0.0,0.0,0.0,0.0,0.0
1.0,0.5543478260869534,0.5061728395061778,0.7612359550561798,0.22246220302375808,0.7926829268292683,0.0,0.0,0.0,0.0,0.0
0.0,0.18478260869564878,0.2962962962963047,0.4691011235955058,0.4600431965442764,0.902439024390244,0.0,0.0,0.0,0.0,0.0
0.5,0.21739130434782084,0.308641975308646,0.2991573033707866,0.7041036717062634,0.861788617886179,0.0,0.0,0.0,1.0,0.0
0.5,0.4130434782608674,0.5555555555555571,0.4396067415730338,0.5377969762419006,0.42276422764227645,0.0,0.0,0.0,0.0,0.0
0.5,0.7934782608695627,0.790123456790127,0.3328651685393258,0.6803455723542116,0.7398373983739838,0.0,0.0,0.0,0.0,0.0
1.0,0.2608695652173836,0.3827160493827222,0.2345505617977528,0.7969762419006479,0.426829268292683,0.0,0.0,0.0,0.0,0.0
1.0,0.3478260869565162,0.3703703703703738,0.6727528089887642,0.17710583153347725,0.06097560975609757,0.0,0.0,0.0,0.0,0.0
0.0,0.29347826086956275,0.3703703703703738,0.449438202247191,0.3498920086393087,0.020325203252032523,0.0,0.0,0.0,0.0,0.0
0.5,0.36956521739129755,0.5061728395061778,0.4873595505617978,0.33261339092872566,0.0,0.0,0.0,0.0,0.0,0.0
1.0,0.3913043478260789,0.6049382716049436,0.7542134831460674,0.11231101511879049,0.8008130081300814,0.0,0.0,0.0,0.0,0.0
1.0,0.3478260869565162,0.48148148148148806,0.3623595505617978,0.6069114470842332,0.43495934959349597,0.0,0.0,0.0,0.0,0.0
0.0,0.5652173913043441,0.518518518518519,0.300561797752809,0.5572354211663066,0.853658536585366,1.0,0.0,0.0,0.0,0.0
0.5,0.9130434782608674,0.827160493827158,0.2317415730337078,0.6673866090712743,0.6178861788617886,0.0,0.0,0.0,0.0,0.0
0.5,0.28260869565216495,0.4074074074074119,0.5617977528089886,0.35853131749460043,0.42276422764227645,0.0,0.0,0.0,0.0,0.0
0.5,0.6195652173912976,0.654320987654323,0.303370786516854,0.8185745140388767,0.7723577235772359,0.0,0.0,0.0,1.0,0.0
1.0,0.21739130434782084,0.3456790123456841,0.7401685393258426,0.16414686825053992,0.5609756097560976,0.0,0.0,0.0,0.0,0.0
0.5,0.44565217391303946,0.4074074074074119,0.3103932584269664,0.5874730021598271,0.34959349593495936,0.0,0.0,0.0,0.0,0.0
0.5,0.7934782608695627,0.8148148148148167,0.651685393258427,0.25269978401727855,0.21138211382113822,0.0,0.0,0.0,0.0,0.0
1.0,0.38043478260869534,0.5061728395061778,0.1474719101123596,0.9028077753779697,0.32113821138211385,0.0,0.0,0.0,0.0,0.0
1.0,0.29347826086956275,0.3580246913580325,0.271067415730337,0.7688984881209504,0.8699186991869919,0.0,0.0,0.0,0.0,0.0
1.0,0.4347826086956488,0.3703703703703738,0.3876404494382022,0.33477321814254857,0.3536585365853659,0.0,0.0,0.0,0.0,0.0
0.5,0.9130434782608674,0.8148148148148167,0.2823033707865168,0.5572354211663066,0.49186991869918706,0.0,0.0,0.0,0.0,0.0
0.5,0.3260869565217348,0.4197530864197603,0.297752808988764,0.6414686825053995,0.5406504065040652,0.0,0.0,0.0,0.0,0.0
0.5,0.7934782608695627,0.790123456790127,0.4480337078651686,0.5874730021598271,0.6951219512195123,0.0,0.0,0.0,0.0,0.0
1.0,0.7608695652173907,0.5432098765432158,0.7696629213483146,0.28725701943844484,0.4552845528455285,0.0,0.0,0.0,0.0,0.0
1.0,0.9565217391304373,0.9506172839506135,0.4705056179775282,0.48164146868250535,0.426829268292683,0.0,0.0,0.0,0.0,0.0
0.5,0.3478260869565162,0.49382716049382935,0.633426966292135,0.3822894168466522,0.3170731707317074,0.0,0.0,0.0,0.0,0.0
1.0,0.7717391304347743,0.5432098765432158,0.5533707865168538,0.33909287257019427,0.5528455284552846,0.0,0.0,0.0,0.0,0.0
0.0,0.35869565217391397,0.45679012345679126,0.359550561797753,0.5831533477321813,0.6056910569105691,0.0,0.0,0.0,0.0,0.0
0.5,0.9021739130434767,0.8395061728395063,0.2275280898876404,0.7343412526997839,0.5121951219512195,0.0,0.0,0.0,0.0,0.0
0.0,0.5326086956521721,0.7283950617283992,0.6727528089887642,0.1879049676025918,0.6585365853658537,0.0,0.0,0.0,0.0,0.0
0.5,0.5978260869565162,0.5925925925925952,0.419943820224719,0.40820734341252696,0.1910569105691057,0.0,0.0,0.0,0.0,0.0
0.5,0.6630434782608603,0.654320987654323,0.633426966292135,0.2699784017278618,0.6300813008130082,0.0,0.0,0.0,0.0,0.0
1.0,0.25,0.3827160493827222,0.7022471910112358,0.24838012958963285,0.32113821138211385,0.0,0.0,0.0,0.0,0.0
1.0,0.3369565217391255,0.4320987654321016,0.4325842696629214,0.6717062634989202,0.052845528455284556,0.0,0.0,0.0,0.0,0.0
0.0,0.6413043478260789,0.5925925925925952,0.4522471910112358,0.5075593952483801,0.3170731707317074,0.0,0.0,0.0,0.0,0.0
0.5,0.5869565217391255,0.654320987654323,0.2148876404494382,0.7170626349892006,0.2764227642276423,0.0,0.0,0.0,0.0,0.0
1.0,0.5760869565217348,0.7407407407407405,0.2893258426966292,0.6911447084233262,0.853658536585366,0.0,0.0,0.0,0.0,0.0
1.0,0.7499999999999929,0.7160493827160508,0.7738764044943822,0.10583153347732177,0.47154471544715454,0.0,0.0,0.0,0.0,0.0
0.5,0.3369565217391255,0.3580246913580325,0.5730337078651686,0.35853131749460043,0.49593495934959353,0.0,0.0,0.0,0.0,0.0
0.0,0.6086956521739069,0.7037037037037024,0.2865168539325842,0.48812095032397407,0.49186991869918706,0.0,0.0,0.0,0.0,0.0
1.0,0.3369565217391255,0.308641975308646,0.5632022471910114,0.4514038876889849,0.7764227642276423,0.0,0.0,0.0,0.0,0.0
0.5,0.2608695652173836,0.2962962962963047,0.7738764044943822,0.22894168466522669,0.7195121951219513,0.0,0.0,0.0,0.0,0.0
0.5,0.7608695652173907,0.7530864197530889,0.353932584269663,0.5334773218142548,0.39837398373983746,0.0,0.0,0.0,0.0,0.0
1.0,0.20652173913043015,0.3209876543209944,0.348314606741573,0.509719222462203,0.1869918699186992,0.0,0.0,0.0,0.0,0.0
0.5,0.5869565217391255,0.46913580246913966,0.5547752808988766,0.33045356371490275,0.13821138211382114,0.0,0.0,0.0,0.0,0.0
0.5,0.20652173913043015,0.3703703703703738,0.4578651685393258,0.41468682505399557,0.2682926829268293,0.0,0.0,0.0,0.0,0.0
0.5,0.6195652173912976,0.6666666666666714,0.074438202247191,0.9568034557235421,0.7195121951219513,0.0,0.0,0.0,1.0,0.0
0.5,0.21739130434782084,0.3333333333333357,0.3469101123595506,0.5529157667386609,0.06097560975609757,0.0,0.0,0.0,0.0,0.0
1.0,0.18478260869564878,0.2716049382716008,0.324438202247191,0.5637149028077754,0.6707317073170732,0.0,0.0,0.0,0.0,0.0
0.5,0.7608695652173907,0.7160493827160508,0.455056179775281,0.3758099352051836,0.22357723577235775,0.0,0.0,0.0,0.0,0.0
0.5,0.4999999999999929,0.44444444444444997,0.6137640449438202,0.2375809935205183,0.7967479674796749,0.0,0.0,0.0,0.0,0.0
0.5,0.5108695652173907,0.45679012345679126,0.297752808988764,0.5269978401727862,0.7357723577235773,0.0,0.0,0.0,0.0,0.0
0.5,0.44565217391303946,0.4320987654321016,0.5955056179775282,0.25053995680345564,0.5894308943089431,0.0,0.0,0.0,0.0,0.0
0.5,0.21739130434782084,0.308641975308646,0.8019662921348314,0.14470842332613387,0.508130081300813,0.0,0.0,0.0,0.0,0.0
1.0,0.5543478260869534,0.7654320987654302,0.2134831460674158,0.8250539956803455,0.03658536585365854,0.0,0.0,0.0,0.0,0.0
1.0,0.9347826086956488,0.9506172839506135,0.3946629213483146,0.6263498920086392,0.6951219512195123,0.0,0.0,0.0,0.0,0.0
0.5,0.5760869565217348,0.48148148148148806,0.7008426966292134,0.22894168466522669,0.3170731707317074,0.0,0.0,0.0,0.0,0.0
0.5,0.6086956521739069,0.5802469135802468,0.5070224719101122,0.3434125269978401,0.6016260162601627,0.0,0.0,0.0,0.0,0.0
0.5,0.6956521739130395,0.6172839506172849,0.4901685393258426,0.42548596112311,0.3739837398373984,0.0,0.0,0.0,0.0,0.0
1.0,0.6413043478260789,0.5679012345679055,0.2752808988764046,0.4989200863930886,0.22764227642276424,0.0,0.0,0.0,0.0,0.0
0.0,0.3913043478260789,0.5432098765432158,0.2570224719101124,0.920086393088553,0.6544715447154472,0.0,0.0,0.0,0.0,0.0
0.0,0.3152173913043441,0.2716049382716008,0.3918539325842698,0.548596112311015,0.6951219512195123,0.0,0.0,0.0,0.0,0.0
1.0,0.36956521739129755,0.518518518518519,0.3202247191011236,0.5399568034557235,0.20731707317073172,0.0,0.0,0.0,0.0,0.0
0.5,0.3260869565217348,0.2716049382716008,0.303370786516854,0.5982721382289415,0.4024390243902439,0.0,0.0,0.0,0.0,0.0
1.0,0.6739130434782581,0.654320987654323,0.4508426966292134,0.48596112311015116,0.44308943089430897,0.0,0.0,0.0,0.0,0.0
1.0,0.2608695652173836,0.18518518518518334,0.3117977528089888,0.509719222462203,0.008130081300813009,0.0,0.0,0.0,0.0,0.0
0.5,0.4021739130434767,0.3580246913580325,0.6530898876404494,0.2311015118790497,0.39837398373983746,0.0,0.0,0.0,0.0,0.0
0.5,0.38043478260869534,0.5432098765432158,0.4185393258426966,0.5896328293736499,0.7601626016260163,0.0,0.0,0.0,0.0,0.0
0.5,0.6521739130434767,0.6666666666666714,0.1685393258426966,0.6285097192224622,0.861788617886179,0.0,0.0,0.0,0.0,0.0
0.5,0.5108695652173907,0.48148148148148806,0.348314606741573,0.5961123110151187,0.1585365853658537,0.0,0.0,0.0,0.0,0.0
0.5,0.6956521739130395,0.6913580246913611,0.3342696629213484,0.5572354211663066,0.3455284552845529,0.0,0.0,0.0,0.0,0.0
0.5,0.5543478260869534,0.7160493827160508,0.4339887640449438,0.5291576673866091,0.6056910569105691,0.0,0.0,0.0,0.0,0.0
0.5,0.38043478260869534,0.4197530864197603,0.2949438202247192,0.7019438444924406,0.6788617886178863,0.0,0.0,0.0,0.0,0.0
1.0,0.7173913043478208,0.6419753086419746,0.3314606741573034,0.5961123110151187,0.0813008130081301,0.0,0.0,0.0,0.0,0.0
0.5,0.3478260869565162,0.45679012345679126,0.4691011235955058,0.43412526997840173,0.1829268292682927,0.0,0.0,0.0,0.0,0.0
0.5,0.5652173913043441,0.7283950617283992,0.4929775280898878,0.3801295896328294,0.3658536585365854,0.0,0.0,0.0,0.0,0.0
0.5,0.3478260869565162,0.3209876543209944,0.3862359550561798,0.5161987041036716,0.1788617886178862,0.0,0.0,0.0,0.0,0.0
0.5,0.4347826086956488,0.5802469135802468,0.7612359550561798,0.14470842332613387,0.6788617886178863,0.0,0.0,0.0,0.0,0.0
1.0,0.5434782608695627,0.518518518518519,0.4367977528089886,0.3974082073434124,0.13414634146341464,0.0,0.0,0.0,0.0,0.0
0.5,0.2717391304347814,0.3950617283950635,0.4536516853932586,0.28941684665226775,0.10569105691056911,0.0,0.0,0.0,0.0,0.0
1.0,0.36956521739129755,0.4320987654321016,0.3567415730337078,0.5529157667386609,0.7926829268292683,0.0,0.0,0.0,0.0,0.0
0.5,0.1630434782608674,0.23456790123456983,0.2176966292134832,0.5248380129589632,0.5203252032520326,0.0,0.0,0.0,0.0,0.0
0.5,0.28260869565216495,0.3827160493827222,0.603932584269663,0.24406047516198692,0.23170731707317074,0.0,0.0,0.0,0.0,0.0
0.5,0.38043478260869534,0.49382716049382935,0.0589887640449438,0.935205183585313,0.15040650406504066,0.0,0.0,0.0,0.0,0.0
0.0,0.36956521739129755,0.48148148148148806,0.6615168539325842,0.3066954643628509,0.5528455284552846,0.0,0.0,0.0,0.0,0.0
0.5,0.5869565217391255,0.6049382716049436,0.1474719101123596,0.5853131749460043,0.878048780487805,0.0,0.0,0.0,0.0,0.0
1.0,0.5760869565217348,0.5061728395061778,0.3707865168539326,0.49244060475161977,0.04878048780487805,0.0,0.0,0.0,0.0,0.0
0.5,0.17391304347825098,0.2716049382716008,0.622191011235955,0.21166306695464354,0.7195121951219513,0.0,0.0,0.0,0.0,0.0
0.0,0.3260869565217348,0.2716049382716008,0.3328651685393258,0.41252699784017277,0.7154471544715448,0.0,0.0,0.0,0.0,0.0
0.5,0.22826086956521152,0.3827160493827222,0.4859550561797754,0.4578833693304535,0.6707317073170732,0.0,0.0,0.0,0.0,0.0
1.0,0.1630434782608674,0.2716049382716008,0.7022471910112358,0.25269978401727855,0.3089430894308943,0.0,0.0,0.0,0.0,0.0
1.0,0.5543478260869534,0.5925925925925952,0.6474719101123594,0.24406047516198692,0.16666666666666669,0.0,0.0,0.0,0.0,0.0
0.5,0.36956521739129755,0.5061728395061778,0.401685393258427,0.3952483801295895,0.2520325203252033,0.0,0.0,0.0,0.0,0.0
1.0,0.5652173913043441,0.7654320987654302,0.6924157303370786,0.32613390928725705,0.39430894308943093,0.0,0.0,0.0,0.0,0.0
0.5,0.4891304347826093,0.45679012345679126,0.3553370786516854,0.6803455723542116,0.6422764227642277,0.0,0.0,0.0,0.0,0.0
0.5,0.7499999999999929,0.7037037037037024,0.443820224719101,0.3801295896328294,0.22357723577235775,0.0,0.0,0.0,0.0,0.0
0.5,0.5108695652173907,0.5061728395061778,0.4087078651685394,0.44276457883369325,0.3170731707317074,0.0,0.0,0.0,0.0,0.0
1.0,0.30434782608695343,0.3703703703703738,0.4831460674157302,0.4946004319654427,0.22764227642276424,0.0,0.0,0.0,0.0,0.0
0.5,0.1630434782608674,0.2592592592592595,0.5365168539325842,0.4190064794816414,0.5040650406504066,0.0,0.0,0.0,0.0,0.0
0.5,0.22826086956521152,0.3580246913580325,0.4115168539325842,0.47948164146868244,0.43495934959349597,0.0,0.0,0.0,0.0,0.0
0.5,0.4782608695652115,0.45679012345679126,0.303370786516854,0.427645788336933,0.3699186991869919,0.0,0.0,0.0,0.0,0.0
0.5,0.5108695652173907,0.45679012345679126,0.443820224719101,0.3369330453563715,0.1869918699186992,0.0,0.0,0.0,0.0,0.0
0.5,0.7717391304347743,0.654320987654323,0.205056179775281,0.7451403887688985,0.7154471544715448,0.0,0.0,0.0,0.0,0.0
0.0,0.5543478260869534,0.7654320987654302,0.3581460674157302,0.5745140388768899,0.16666666666666669,0.0,0.0,0.0,0.0,1.0
0.5,0.4130434782608674,0.308641975308646,0.1910112359550562,0.8682505399568032,0.14634146341463417,0.0,0.0,0.0,0.0,0.0
0.5,0.6086956521739069,0.7777777777777786,0.491573033707865,0.5161987041036716,0.6585365853658537,0.0,0.0,0.0,0.0,0.0
1.0,0.6739130434782581,0.6049382716049436,0.279494382022472,0.8207343412526997,0.2723577235772358,0.0,0.0,0.0,0.0,0.0
1.0,0.5217391304347814,0.4320987654321016,0.771067415730337,0.29373650107991367,0.8861788617886179,0.0,0.0,0.0,0.0,0.0
0.5,0.5326086956521721,0.5432098765432158,0.6544943820224718,0.22462203023758098,0.17479674796747968,0.0,0.0,0.0,0.0,0.0
1.0,0.4347826086956488,0.4197530864197603,0.2837078651685394,0.550755939524838,0.13821138211382114,0.0,0.0,0.0,0.0,0.0
1.0,0.7608695652173907,0.6790123456790127,0.925561797752809,0.0820734341252699,0.451219512195122,0.0,0.0,0.0,0.0,0.0
0.5,0.28260869565216495,0.4074074074074119,0.6264044943820226,0.1922246220302375,0.10569105691056911,0.0,0.0,0.0,0.0,0.0
0.5,0.3913043478260789,0.5432098765432158,0.3061797752808988,0.5248380129589632,0.3089430894308943,0.0,0.0,0.0,0.0,0.0
0.5,0.7608695652173907,0.7530864197530889,0.5491573033707866,0.49028077753779686,0.8739837398373985,0.0,0.0,0.0,0.0,0.0
0.0,0.2608695652173836,0.48148148148148806,0.7219101123595506,0.2613390928725702,0.853658536585366,0.0,0.0,0.0,0.0,0.0
0.5,0.30434782608695343,0.22222222222222143,0.7036516853932586,0.28077753779697623,0.8130081300813009,0.0,0.0,0.0,0.0,0.0
1.0,0.19565217391303946,0.3456790123456841,0.6151685393258426,0.2656587473002159,0.7886178861788619,0.0,0.0,0.0,0.0,0.0
0.5,0.8804347826086882,0.7407407407407405,0.1573033707865168,0.673866090712743,0.20731707317073172,0.0,1.0,0.0,0.0,0.0
0.5,0.3478260869565162,0.308641975308646,0.5786516853932586,0.263498920086393,0.1869918699186992,0.0,0.0,0.0,0.0,0.0
0.5,0.5434782608695627,0.45679012345679126,0.4030898876404494,0.28941684665226775,0.6016260162601627,0.0,0.0,0.0,0.0,0.0
0.5,0.44565217391303946,0.6049382716049436,0.330056179775281,0.712742980561555,0.04065040650406505,0.0,0.0,0.0,0.0,0.0
0.5,0.2391304347826022,0.3950617283950635,0.3651685393258426,0.5053995680345572,0.0,0.0,0.0,0.0,0.0,0.0
0.5,0.2391304347826022,0.3333333333333357,0.758426966292135,0.1555075593952484,0.2723577235772358,0.0,0.0,0.0,0.0,0.0
1.0,0.3478260869565162,0.3209876543209944,0.2780898876404494,0.6565874730021597,0.0894308943089431,0.0,0.0,0.0,0.0,0.0
0.5,0.2717391304347814,0.2592592592592595,0.5814606741573034,0.3909287257019438,0.04471544715447155,0.0,0.0,0.0,0.0,0.0
0.5,0.44565217391303946,0.6172839506172849,0.3412921348314606,0.5529157667386609,0.8658536585365855,0.0,0.0,0.0,0.0,0.0
0.5,0.8152173913043441,0.790123456790127,0.3623595505617978,0.6911447084233262,0.32113821138211385,0.0,0.0,0.0,0.0,0.0
1.0,0.7499999999999929,0.7160493827160508,0.3735955056179774,0.5269978401727862,0.459349593495935,0.0,0.0,0.0,0.0,0.0
0.5,0.5108695652173907,0.44444444444444997,0.9887640449438202,0.05399568034557234,0.48780487804878053,0.0,0.0,0.0,0.0,0.0
0.5,0.44565217391303946,0.3456790123456841,0.9297752808988766,0.06047516198704095,0.3089430894308943,0.0,0.0,0.0,0.0,0.0
0.5,0.2391304347826022,0.3950617283950635,0.7205056179775282,0.2332613390928725,0.5406504065040652,0.0,0.0,0.0,0.0,0.0
1.0,0.6086956521739069,0.45679012345679126,0.7598314606741574,0.11879049676025921,0.48373983739837406,0.0,0.0,0.0,0.0,0.0
0.5,0.6739130434782581,0.5802469135802468,0.4087078651685394,0.427645788336933,0.21544715447154475,0.0,0.0,0.0,0.0,0.0
0.5,0.5652173913043441,0.7407407407407405,0.3679775280898878,0.5334773218142548,0.3373983739837399,0.0,0.0,0.0,0.0,0.0
0.5,0.8152173913043441,0.8024691358024683,0.4578651685393258,0.3542116630669546,0.21138211382113822,0.0,0.0,0.0,0.0,1.0
1.0,0.7499999999999929,0.7407407407407405,0.2949438202247192,0.48380129589632825,0.21544715447154475,0.0,0.0,0.0,0.0,0.0
0.5,0.3369565217391255,0.3827160493827222,0.2373595505617978,0.7904967602591793,0.0975609756097561,0.0,0.0,0.0,0.0,0.0
1.0,0.30434782608695343,0.3827160493827222,0.8820224719101122,0.11447084233261329,0.5975609756097562,0.0,0.0,0.0,0.0,0.0
0.0,0.7499999999999929,0.6666666666666714,0.4115168539325842,0.4211663066954643,0.3902439024390244,0.0,0.0,0.0,0.0,0.0
0.5,0.9782608695652186,0.9753086419753103,0.3174157303370786,0.775377969762419,0.07723577235772358,0.0,0.0,0.0,0.0,0.0
0.5,0.6847826086956488,0.6049382716049436,0.532303370786517,0.3088552915766738,0.6585365853658537,0.0,0.0,0.0,0.0,0.0
0.5,0.45652173913043015,0.4197530864197603,0.4115168539325842,0.5982721382289415,0.9065040650406505,0.0,0.0,0.0,0.0,0.0
1.0,0.6304347826086953,0.6172839506172849,0.5617977528089886,0.44492440604751615,0.008130081300813009,0.0,0.0,0.0,0.0,0.0
1.0,0.44565217391303946,0.6419753086419746,0.3693820224719102,0.5874730021598271,0.04878048780487805,0.0,0.0,0.0,0.0,0.0
1.0,0.35869565217391397,0.5432098765432158,0.580056179775281,0.2786177105831533,0.06097560975609757,0.0,0.0,0.0,0.0,0.0
0.0,0.5434782608695627,0.7283950617283992,0.342696629213483,0.7796976241900648,0.032520325203252036,0.0,0.0,0.0,0.0,0.0
0.5,0.4130434782608674,0.5679012345679055,0.3876404494382022,0.5745140388768899,0.34146341463414637,0.0,0.0,0.0,0.0,0.0
0.5,0.22826086956521152,0.3703703703703738,0.5632022471910114,0.3909287257019438,0.6260162601626017,0.0,0.0,0.0,0.0,0.0
1.0,0.35869565217391397,0.5061728395061778,0.3469101123595506,0.4967602591792656,0.3252032520325204,0.0,0.0,0.0,0.0,0.0
0.5,0.22826086956521152,0.3827160493827222,0.3988764044943822,0.40820734341252696,0.5203252032520326,0.0,0.0,0.0,0.0,0.0
0.5,0.22826086956521152,0.2962962962963047,0.353932584269663,0.5529157667386609,0.4471544715447155,0.0,0.0,0.0,0.0,0.0
1.0,0.38043478260869534,0.4320987654321016,0.377808988764045,0.6155507559395248,0.39837398373983746,0.0,0.0,0.0,0.0,0.0
0.5,0.3478260869565162,0.49382716049382935,0.3567415730337078,0.48596112311015116,0.48780487804878053,0.0,0.0,0.0,0.0,0.0
1.0,0.5869565217391255,0.6172839506172849,0.2303370786516854,0.5701943844492441,0.7439024390243903,0.0,0.0,0.0,0.0,0.0
0.5,0.7173913043478208,0.5679012345679055,0.4241573033707866,0.5658747300215982,0.0975609756097561,0.0,0.0,0.0,0.0,0.0
1.0,0.46739130434782794,0.4074074074074119,0.776685393258427,0.12958963282937364,0.5934959349593496,0.0,0.0,0.0,0.0,0.0
0.0,0.2391304347826022,0.3456790123456841,0.5252808988764046,0.41036717062634986,0.1910569105691057,0.0,0.0,0.0,0.0,0.0
0.5,0.043478260869562746,0.04938271604938649,0.3160112359550562,0.6004319654427646,0.475609756097561,0.0,0.0,0.0,0.0,0.0
0.5,0.3260869565217348,0.308641975308646,0.6741573033707866,0.17926565874730016,0.2723577235772358,0.0,0.0,0.0,0.0,0.0
0.5,0.5434782608695627,0.45679012345679126,0.7331460674157302,0.20086393088552912,0.7723577235772359,0.0,0.0,0.0,0.0,0.0
1.0,0.30434782608695343,0.24691358024691112,0.6320224719101122,0.22894168466522669,0.5894308943089431,0.0,0.0,0.0,0.0,0.0
0.5,0.7826086956521721,0.5555555555555571,0.5337078651685394,0.3174946004319653,0.6097560975609757,0.0,0.0,0.0,0.0,0.0
0.0,0.6630434782608603,0.5679012345679055,0.6011235955056178,0.4622030237580993,0.04471544715447155,0.0,0.0,0.0,0.0,0.0
1.0,0.4891304347826093,0.48148148148148806,0.228932584269663,0.7149028077753781,0.38617886178861793,0.0,0.0,0.0,0.0,0.0
0.5,0.3152173913043441,0.3703703703703738,0.592696629213483,0.20086393088552912,0.1910569105691057,0.0,0.0,0.0,0.0,0.0
0.5,0.5869565217391255,0.48148148148148806,0.8806179775280898,0.12742980561555073,0.7926829268292683,0.0,0.0,0.0,0.0,0.0
0.5,0.8804347826086882,0.864197530864196,0.4929775280898878,0.33261339092872566,0.39837398373983746,0.0,0.0,0.0,0.0,0.0
0.5,0.4130434782608674,0.5555555555555571,0.2373595505617978,0.7062634989200862,0.16666666666666669,0.0,0.0,0.0,0.0,0.0
0.5,0.7065217391304301,0.6172839506172849,0.4775280898876406,0.5010799136069113,0.24390243902439027,0.0,0.0,0.0,0.0,0.0
0.5,0.5326086956521721,0.7037037037037024,0.377808988764045,0.5982721382289415,0.13821138211382114,0.0,0.0,0.0,0.0,0.0
0.5,0.6956521739130395,0.5925925925925952,0.2724719101123596,0.4967602591792656,0.7439024390243903,0.0,0.0,0.0,0.0,0.0
0.5,0.7934782608695627,0.7530864197530889,0.6235955056179774,0.25269978401727855,0.0934959349593496,0.0,0.0,0.0,0.0,0.0
0.5,0.3260869565217348,0.5308641975308674,0.3637640449438202,0.5140388768898487,0.4471544715447155,0.0,0.0,0.0,0.0,0.0
0.5,0.6086956521739069,0.864197530864196,0.327247191011236,0.5118790496760258,0.4552845528455285,0.0,0.0,0.0,0.0,0.0
1.0,0.3369565217391255,0.5555555555555571,0.7612359550561798,0.25701943844492436,0.3252032520325204,0.0,0.0,0.0,0.0,0.0
0.5,0.5869565217391255,0.5061728395061778,0.3132022471910112,0.611231101511879,0.6138211382113822,0.0,0.0,0.0,0.0,0.0
0.5,0.19565217391303946,0.3333333333333357,0.4859550561797754,0.43844492440604743,0.6707317073170732,0.0,0.0,0.0,0.0,0.0
0.0,0.4130434782608674,0.6049382716049436,0.2092696629213484,0.6025917926565874,0.6016260162601627,0.0,0.0,0.0,0.0,0.0
0.5,0.21739130434782084,0.3703703703703738,0.5140449438202246,0.3455723542116631,0.8861788617886179,0.0,0.0,0.0,0.0,0.0
1.0,0.7608695652173907,0.7530864197530889,0.4101123595505618,0.6025917926565874,0.7317073170731708,0.0,0.0,0.0,0.0,0.0
1.0,0.6086956521739069,0.6296296296296333,0.4719101123595506,0.3196544276457882,0.2967479674796748,0.0,0.0,0.0,0.0,0.0
0.0,0.5326086956521721,0.654320987654323,0.8342696629213482,0.1598272138228941,0.6138211382113822,0.0,0.0,0.0,0.0,0.0
1.0,0.20652173913043015,0.3456790123456841,0.2542134831460674,0.7667386609071274,0.6626016260162603,0.0,0.0,0.0,0.0,0.0
0.5,0.03260869565217206,0.07407407407407618,0.6362359550561798,0.2721382289416847,0.22764227642276424,0.0,0.0,0.0,0.0,0.0
0.5,0.5869565217391255,0.46913580246913966,0.3904494382022474,0.6436285097192225,0.0,0.0,0.0,0.0,0.0,0.0
1.0,0.4891304347826093,0.44444444444444997,0.6741573033707866,0.32613390928725705,0.8455284552845529,0.0,0.0,0.0,0.0,0.0
0.5,0.18478260869564878,0.2716049382716008,0.4353932584269662,0.5615550755939525,0.7032520325203253,0.0,0.0,0.0,0.0,0.0
0.5,0.7717391304347743,0.5679012345679055,0.473314606741573,0.24838012958963285,0.49186991869918706,0.0,0.0,0.0,0.0,0.0
0.5,0.7826086956521721,0.5802469135802468,0.3258426966292136,0.6069114470842332,0.475609756097561,0.0,0.0,0.0,0.0,0.0
0.5,0.6086956521739069,0.5925925925925952,0.5842696629213482,0.44060475161987034,0.23170731707317074,0.0,0.0,0.0,0.0,0.0
1.0,0.5978260869565162,0.48148148148148806,0.5098314606741574,0.47948164146868244,0.7560975609756099,0.0,0.0,0.0,0.0,0.0
1.0,0.7499999999999929,0.6913580246913611,0.4592696629213482,0.3563714902807775,0.3699186991869919,0.0,0.0,0.0,0.0,0.0
0.5,0.4891304347826093,0.5061728395061778,0.794943820224719,0.28725701943844484,0.6219512195121952,0.0,0.0,0.0,0.0,0.0
1.0,0.5760869565217348,0.5061728395061778,0.6685393258426966,0.19006479481641458,0.5162601626016261,0.0,0.0,0.0,0.0,0.0
0.0,0.5869565217391255,0.6049382716049436,0.4522471910112358,0.44276457883369325,0.7276422764227644,0.0,0.0,0.0,0.0,0.0
1.0,0.6413043478260789,0.5679012345679055,0.2443820224719102,0.7429805615550755,0.19918699186991873,0.0,0.0,0.0,0.0,0.0
0.0,0.3260869565217348,0.3950617283950635,0.734550561797753,0.25269978401727855,0.032520325203252036,0.0,0.0,0.0,0.0,0.0
0.5,0.4891304347826093,0.4320987654321016,0.3047752808988764,0.48596112311015116,0.853658536585366,0.0,0.0,0.0,0.0,0.0
0.5,0.7934782608695627,0.7407407407407405,0.09971910112359561,0.7343412526997839,0.07723577235772358,0.0,0.0,0.0,0.0,0.0
0.0,0.6847826086956488,0.6296296296296333,0.353932584269663,0.5853131749460043,0.6178861788617886,0.0,0.0,0.0,0.0,0.0
1.0,0.4999999999999929,0.46913580246913966,0.5603932584269662,0.3909287257019438,0.6504065040650407,0.0,0.0,0.0,0.0,0.0
0.5,0.2608695652173836,0.3456790123456841,0.2668539325842696,0.7904967602591793,0.8252032520325204,0.0,0.0,0.0,1.0,0.0
0.5,0.3260869565217348,0.3950617283950635,0.122191011235955,0.7041036717062634,0.1788617886178862,0.0,0.0,0.0,0.0,0.0
0.5,0.25,0.46913580246913966,0.5491573033707866,0.2332613390928725,0.6138211382113822,0.0,0.0,0.0,0.0,0.0
0.5,0.8260869565217348,0.8024691358024683,0.592696629213483,0.2980561555075594,0.34959349593495936,0.0,0.0,0.0,0.0,0.0
0.5,0.5434782608695627,0.5555555555555571,0.2612359550561798,0.6198704103671706,0.14634146341463417,0.0,0.0,0.0,0.0,0.0
0.5,0.6086956521739069,0.7160493827160508,0.4522471910112358,0.4535637149028078,0.524390243902439,0.0,0.0,0.0,0.0,0.0
0.5,0.6521739130434767,0.654320987654323,0.2317415730337078,0.5269978401727862,0.3170731707317074,0.0,0.0,0.0,0.0,0.0
0.0,0.1630434782608674,0.2592592592592595,0.6235955056179774,0.22462203023758098,0.475609756097561,0.0,0.0,0.0,0.0,0.0
0.5,0.20652173913043015,0.3456790123456841,0.5154494382022474,0.4622030237580993,0.508130081300813,0.0,0.0,0.0,0.0,0.0
0.5,0.3260869565217348,0.4074074074074119,0.6657303370786518,0.2613390928725702,0.7276422764227644,0.0,0.0,0.0,0.0,0.0
1.0,0.36956521739129755,0.46913580246913966,0.4452247191011238,0.40388768898488114,0.47154471544715454,0.0,0.0,0.0,0.0,0.0
0.0,0.36956521739129755,0.5061728395061778,0.3356741573033708,0.44492440604751615,0.3455284552845529,0.0,0.0,0.0,0.0,0.0
1.0,0.6630434782608603,0.6790123456790127,0.502808988764045,0.3498920086393087,0.11382113821138212,0.0,0.0,0.0,0.0,0.0
0.0,0.8043478260869534,0.8395061728395063,0.4831460674157302,0.3520518358531317,0.10569105691056911,0.0,0.0,0.0,0.0,0.0
0.5,0.7608695652173907,0.7160493827160508,0.4873595505617978,0.3822894168466522,0.23170731707317074,0.0,0.0,0.0,0.0,0.0
0.5,0.5326086956521721,0.7037037037037024,0.4213483146067414,0.5248380129589632,0.5731707317073171,0.0,0.0,0.0,0.0,0.0
1.0,0.4782608695652115,0.44444444444444997,0.303370786516854,0.4708423326133908,0.8983739837398375,1.0,0.0,0.0,0.0,0.0
0.5,0.46739130434782794,0.6049382716049436,0.6446629213483146,0.32397408207343414,0.6056910569105691,0.0,0.0,0.0,0.0,0.0
0.5,0.19565217391303946,0.2716049382716008,0.223314606741573,0.6263498920086392,0.7276422764227644,0.0,0.0,0.0,0.0,0.0
0.5,0.6956521739130395,0.46913580246913966,0.1615168539325842,0.980561555075594,0.9308943089430896,0.0,1.0,0.0,1.0,0.0
0.0,0.5326086956521721,0.7160493827160508,0.3497191011235954,0.5075593952483801,0.5162601626016261,0.0,0.0,0.0,0.0,0.0
1.0,0.3913043478260789,0.5308641975308674,0.4269662921348314,0.3563714902807775,0.524390243902439,0.0,0.0,0.0,0.0,0.0
0.5,0.9456521739130395,0.8765432098765444,0.5042134831460674,0.48812095032397407,0.8048780487804879,0.0,0.0,0.0,0.0,0.0
0.5,0.22826086956521152,0.3333333333333357,0.4887640449438202,0.4622030237580993,0.8658536585365855,0.0,0.0,0.0,0.0,0.0
0.5,0.6956521739130395,0.5925925925925952,0.4775280898876406,0.3153347732181425,0.7357723577235773,0.0,0.0,0.0,0.0,0.0
0.5,0.21739130434782084,0.3456790123456841,0.2345505617977528,0.8099352051835853,0.7560975609756099,0.0,0.0,0.0,0.0,0.0
1.0,0.5652173913043441,0.5061728395061778,0.327247191011236,0.6133909287257018,0.4471544715447155,0.0,0.0,0.0,0.0,0.0
0.5,0.5543478260869534,0.7777777777777786,0.6292134831460674,0.3196544276457882,0.467479674796748,0.0,0.0,0.0,0.0,0.0
0.5,0.3913043478260789,0.3950617283950635,0.800561797752809,0.12311015118790491,0.13414634146341464,0.0,0.0,0.0,0.0,0.0
1.0,0.7499999999999929,0.5802469135802468,0.383426966292135,0.5917926565874729,0.6788617886178863,0.0,0.0,0.0,0.0,0.0
0.5,0.3260869565217348,0.3827160493827222,0.3806179775280898,0.6241900647948164,0.6747967479674798,0.0,0.0,0.0,0.0,0.0
1.0,0.8695652173913047,0.7530864197530889,0.3623595505617978,0.5356371490280777,0.24796747967479676,0.0,0.0,0.0,0.0,0.0
0.5,0.5543478260869534,0.6790123456790127,0.4044943820224718,0.5701943844492441,0.6666666666666667,0.0,0.0,0.0,0.0,0.0
0.5,0.8478260869565233,0.827160493827158,0.3146067415730338,0.4557235421166307,0.43495934959349597,0.0,0.0,0.0,0.0,0.0
0.5,0.6195652173912976,0.790123456790127,0.2724719101123596,0.6436285097192225,0.1951219512195122,0.0,0.0,0.0,0.0,0.0
0.5,0.4239130434782581,0.5802469135802468,0.2752808988764046,0.5766738660907127,0.1585365853658537,0.0,0.0,0.0,0.0,0.0
0.5,0.36956521739129755,0.4197530864197603,0.5955056179775282,0.2721382289416847,0.008130081300813009,0.0,0.0,0.0,0.0,0.0
1.0,0.3260869565217348,0.3456790123456841,0.6264044943820226,0.36717062634989195,0.6910569105691058,0.0,0.0,0.0,0.0,0.0
0.5,0.9565217391304373,0.9012345679012341,0.3160112359550562,0.5442764578833692,0.11382113821138212,0.0,0.0,0.0,0.0,0.0
1.0,0.36956521739129755,0.5061728395061778,0.5435393258426966,0.47516198704103674,0.8130081300813009,0.0,0.0,0.0,0.0,0.0
0.5,0.3478260869565162,0.45679012345679126,0.5294943820224718,0.3844492440604751,0.15040650406504066,0.0,0.0,0.0,0.0,0.0
0.5,0.891304347826086,0.790123456790127,0.6896067415730338,0.2311015118790497,0.0,0.0,0.0,0.0,0.0,0.0
1.0,0.20652173913043015,0.2716049382716008,0.7921348314606742,0.1922246220302375,0.7642276422764228,0.0,0.0,0.0,0.0,0.0
1.0,0.17391304347825098,0.2716049382716008,0.3623595505617978,0.593952483801296,0.24390243902439027,0.0,0.0,0.0,0.0,0.0
0.5,0.28260869565216495,0.2592592592592595,0.6769662921348314,0.2980561555075594,0.41463414634146345,0.0,0.0,0.0,0.0,0.0
0.5,0.3913043478260789,0.5432098765432158,0.2963483146067416,0.48812095032397407,0.7276422764227644,0.0,0.0,0.0,0.0,0.0
1.0,0.5108695652173907,0.48148148148148806,0.3370786516853932,0.6177105831533478,0.2723577235772358,0.0,0.0,0.0,0.0,0.0
1.0,0.1630434782608674,0.2716049382716008,0.3174157303370786,0.5226781857451402,0.5894308943089431,0.0,0.0,0.0,0.0,0.0
0.5,0.22826086956521152,0.3827160493827222,0.407303370786517,0.5637149028077754,0.6788617886178863,0.0,0.0,0.0,0.0,0.0
0.0,0.5869565217391255,0.6296296296296333,0.1587078651685394,0.8228941684665227,0.8292682926829269,0.0,0.0,0.0,0.0,0.0
0.5,0.3478260869565162,0.44444444444444997,0.6179775280898878,0.28077753779697623,0.44308943089430897,0.0,0.0,0.0,0.0,0.0
0.5,0.8804347826086882,0.8024691358024683,0.5575842696629214,0.33909287257019427,0.3658536585365854,0.0,0.0,0.0,0.0,0.0
1.0,0.2717391304347814,0.49382716049382935,0.7261235955056178,0.24190064794816413,0.8130081300813009,0.0,0.0,0.0,0.0,0.0
1.0,0.5760869565217348,0.45679012345679126,0.4747191011235954,0.36933045356371497,0.3658536585365854,0.0,0.0,0.0,0.0,0.0
0.5,0.8369565217391255,0.8395061728395063,0.622191011235955,0.22462203023758098,0.3536585365853659,0.0,0.0,0.0,0.0,0.0
0.5,0.38043478260869534,0.5308641975308674,0.497191011235955,0.427645788336933,0.7723577235772359,0.0,0.0,0.0,0.0,0.0
1.0,0.5869565217391255,0.48148148148148806,0.359550561797753,0.4946004319654427,0.24796747967479676,0.0,0.0,0.0,0.0,0.0
0.5,0.9239130434782581,0.9012345679012341,0.443820224719101,0.47948164146868244,0.15447154471544716,0.0,0.0,0.0,0.0,0.0
0.0,0.891304347826086,0.7777777777777786,0.300561797752809,0.7084233261339092,0.3252032520325204,0.0,0.0,0.0,0.0,0.0
1.0,0.5543478260869534,0.5061728395061778,0.353932584269663,0.5075593952483801,0.8252032520325204,0.0,0.0,0.0,0.0,0.0
0.5,0.38043478260869534,0.518518518518519,0.5154494382022474,0.40388768898488114,0.21544715447154475,0.0,0.0,0.0,0.0,0.0
0.5,0.7391304347826093,0.7037037037037024,0.7064606741573034,0.2332613390928725,0.4308943089430895,0.0,0.0,0.0,0.0,0.0
0.5,0.5652173913043441,0.7160493827160508,0.4269662921348314,0.4946004319654427,0.3170731707317074,0.0,0.0,0.0,0.0,0.0
0.5,0.7934782608695627,0.7283950617283992,0.3792134831460674,0.36501079913606904,0.5487804878048781,0.0,0.0,0.0,0.0,0.0
1.0,0.8695652173913047,0.7530864197530889,0.4957865168539326,0.44276457883369325,0.8333333333333334,0.0,0.0,0.0,0.0,0.0
1.0,0.38043478260869534,0.518518518518519,0.2078651685393258,0.8963282937365011,0.1869918699186992,0.0,0.0,0.0,0.0,0.0
1.0,0.6086956521739069,0.5925925925925952,0.366573033707865,0.4989200863930886,0.10975609756097562,0.0,0.0,0.0,0.0,0.0
1.0,0.4782608695652115,0.48148148148148806,0.5014044943820226,0.3088552915766738,0.3699186991869919,0.0,0.0,0.0,0.0,0.0
0.5,0.6956521739130395,0.5925925925925952,0.2401685393258428,0.6457883369330453,0.6869918699186992,0.0,0.0,0.0,0.0,0.0
0.5,0.9021739130434767,0.9012345679012341,0.609550561797753,0.2332613390928725,0.49593495934959353,0.0,0.0,0.0,0.0,0.0
0.0,0.9456521739130395,0.8888888888888857,0.4382022471910114,0.5723542116630669,0.0,0.0,0.0,0.0,0.0,0.0
0.5,0.3478260869565162,0.3827160493827222,0.5702247191011238,0.2267818574514039,0.04471544715447155,0.0,0.0,0.0,0.0,0.0
1.0,0.38043478260869534,0.49382716049382935,0.359550561797753,0.5550755939524836,0.32926829268292684,0.0,0.0,0.0,0.0,0.0
0.5,0.9347826086956488,0.9135802469135825,0.178370786516854,0.9244060475161986,0.5284552845528456,0.0,0.0,0.0,0.0,0.0
0.5,0.6195652173912976,0.7037037037037024,0.4143258426966294,0.4190064794816414,0.30487804878048785,0.0,0.0,0.0,0.0,0.0
1.0,0.6847826086956488,0.6049382716049436,0.5842696629213482,0.3455723542116631,0.8455284552845529,0.0,0.0,0.0,0.0,0.0
0.5,0.4021739130434767,0.5432098765432158,0.5575842696629214,0.4708423326133908,0.22357723577235775,0.0,0.0,0.0,0.0,0.0
1.0,0.20652173913043015,0.3456790123456841,0.6011235955056178,0.24838012958963285,0.8008130081300814,0.0,0.0,0.0,0.0,0.0
0.5,0.4891304347826093,0.4197530864197603,0.4241573033707866,0.427645788336933,0.8414634146341464,0.0,0.0,0.0,0.0,0.0
0.5,0.6521739130434767,0.6296296296296333,0.3441011235955058,0.7580993520518358,0.3577235772357724,0.0,0.0,0.0,0.0,0.0
0.0,0.29347826086956275,0.2592592592592595,0.568820224719101,0.33045356371490275,0.4634146341463415,0.0,0.0,0.0,0.0,0.0
0.5,0.5108695652173907,0.6790123456790127,0.2359550561797754,0.5183585313174945,0.83739837398374,0.0,0.0,0.0,0.0,0.0
0.5,0.21739130434782084,0.2962962962963047,0.3862359550561798,0.5529157667386609,0.821138211382114,0.0,0.0,0.0,0.0,0.0
0.5,0.6086956521739069,0.7283950617283992,0.6853932584269662,0.28941684665226775,0.6016260162601627,0.0,0.0,0.0,0.0,0.0
0.0,0.3478260869565162,0.45679012345679126,0.324438202247191,0.5745140388768899,0.41463414634146345,0.0,0.0,0.0,0.0,0.0
1.0,0.7499999999999929,0.6666666666666714,0.765449438202247,0.3002159827213823,0.7276422764227644,0.0,0.0,0.0,0.0,0.0
0.5,0.5217391304347814,0.4197530864197603,0.5168539325842698,0.29373650107991367,0.8699186991869919,0.0,0.0,0.0,0.0,0.0
0.5,0.6521739130434767,0.6049382716049436,0.5294943820224718,0.36069114470842323,0.459349593495935,0.0,0.0,0.0,0.0,0.0
0.5,0.09782608695651618,0.16049382716049365,0.324438202247191,0.609071274298056,0.6585365853658537,0.0,0.0,0.0,0.0,0.0
0.5,0.45652173913043015,0.6172839506172849,0.3581460674157302,0.5529157667386609,0.4308943089430895,0.0,0.0,0.0,0.0,0.0
1.0,0.7608695652173907,0.6296296296296333,0.7556179775280898,0.17926565874730016,0.8739837398373985,0.0,0.0,0.0,0.0,0.0
1.0,0.9456521739130395,0.9382716049382722,0.9283707865168538,0.1511879049676026,0.3577235772357724,0.0,0.0,0.0,0.0,0.0
0.5,0.7391304347826093,0.6790123456790127,0.3890449438202246,0.5788336933045355,0.8048780487804879,0.0,0.0,0.0,0.0,0.0
1.0,0.29347826086956275,0.4074074074074119,0.359550561797753,0.3974082073434124,0.13821138211382114,0.0,0.0,0.0,0.0,0.0
0.5,0.3152173913043441,0.2592592592592595,0.2415730337078652,0.673866090712743,0.28455284552845533,0.0,0.0,0.0,0.0,0.0
0.5,0.6086956521739069,0.6172839506172849,0.247191011235955,0.5593952483801296,0.6138211382113822,0.0,0.0,0.0,0.0,0.0
1.0,0.6413043478260789,0.5802469135802468,0.279494382022472,0.4643628509719222,0.475609756097561,0.0,0.0,0.0,0.0,0.0
1.0,0.3152173913043441,0.3950617283950635,0.6053370786516854,0.33261339092872566,0.06097560975609757,0.0,0.0,0.0,0.0,0.0
0.0,0.3369565217391255,0.308641975308646,0.6025280898876406,0.2699784017278618,0.04065040650406505,0.0,0.0,0.0,0.0,0.0
0.5,0.6195652173912976,0.7407407407407405,0.6839887640449438,0.24190064794816413,0.6097560975609757,0.0,0.0,0.0,0.0,0.0
0.5,0.3152173913043441,0.23456790123456983,0.460674157303371,0.2354211663066954,0.8495934959349595,1.0,0.0,0.0,0.0,0.0
0.5,0.3369565217391255,0.46913580246913966,0.473314606741573,0.3887688984881209,0.4308943089430895,0.0,0.0,0.0,0.0,0.0
0.5,0.7173913043478208,0.6790123456790127,0.6657303370786518,0.1943844492440605,0.0934959349593496,0.0,0.0,0.0,0.0,0.0
0.5,0.5434782608695627,0.48148148148148806,0.4002808988764046,0.531317494600432,0.7276422764227644,0.0,0.0,0.0,0.0,0.0
0.5,0.6195652173912976,0.6049382716049436,0.6432584269662922,0.28725701943844484,0.04878048780487805,0.0,0.0,0.0,0.0,0.0
0.0,0.6630434782608603,0.6666666666666714,0.3679775280898878,0.4600431965442764,0.5853658536585367,0.0,0.0,0.0,0.0,0.0
0.0,0.9239130434782581,0.9259259259259238,0.2780898876404494,0.6976241900647948,0.5691056910569107,0.0,0.0,0.0,0.0,0.0
0.5,0.2391304347826022,0.3209876543209944,0.580056179775281,0.36069114470842323,0.31300813008130085,0.0,0.0,0.0,0.0,0.0
0.5,0.6195652173912976,0.654320987654323,0.872191011235955,0.12311015118790491,0.7073170731707318,0.0,0.0,0.0,0.0,0.0
1.0,0.5326086956521721,0.45679012345679126,0.383426966292135,0.6198704103671706,0.8333333333333334,0.0,0.0,0.0,0.0,0.0
0.0,0.19565217391303946,0.2716049382716008,0.25561797752809,0.7321814254859611,0.7073170731707318,0.0,0.0,0.0,0.0,0.0
1.0,0.5543478260869534,0.7283950617283992,0.247191011235955,0.7624190064794816,0.6504065040650407,0.0,0.0,0.0,0.0,0.0
0.5,0.5760869565217348,0.5555555555555571,0.1896067415730338,0.6673866090712743,0.032520325203252036,0.0,0.0,0.0,0.0,0.0
1.0,0.6521739130434767,0.518518518518519,0.4466292134831462,0.4190064794816414,0.10975609756097562,0.0,0.0,0.0,0.0,0.0
1.0,0.6630434782608603,0.6172839506172849,0.7148876404494382,0.263498920086393,0.020325203252032523,0.0,0.0,0.0,0.0,0.0
0.5,0.1630434782608674,0.2716049382716008,0.2162921348314606,0.7861771058315334,0.020325203252032523,0.0,0.0,0.0,0.0,0.0
0.5,0.7717391304347743,0.7530864197530889,0.396067415730337,0.43412526997840173,0.5813008130081302,0.0,0.0,0.0,0.0,0.0
0.5,0.36956521739129755,0.518518518518519,0.609550561797753,0.2786177105831533,0.8252032520325204,0.0,0.0,0.0,0.0,0.0
1.0,0.19565217391303946,0.308641975308646,0.4859550561797754,0.3844492440604751,0.7439024390243903,0.0,0.0,0.0,0.0,0.0
0.5,0.7065217391304301,0.6790123456790127,0.2120786516853932,0.6954643628509718,0.2764227642276423,0.0,0.0,0.0,0.0,0.0
0.5,0.5108695652173907,0.6913580246913611,0.473314606741573,0.41252699784017277,0.17479674796747968,0.0,0.0,0.0,0.0,0.0
0.0,0.7173913043478208,0.6419753086419746,0.5716292134831462,0.3066954643628509,0.4308943089430895,0.0,0.0,0.0,0.0,0.0
0.0,0.7934782608695627,0.5802469135802468,0.3174157303370786,0.7170626349892006,0.21138211382113822,0.0,0.0,0.0,0.0,0.0
0.5,0.36956521739129755,0.3333333333333357,0.2668539325842696,0.5788336933045355,0.24390243902439027,0.0,0.0,0.0,0.0,0.0
0.5,0.891304347826086,0.8148148148148167,0.5632022471910114,0.32613390928725705,0.3008130081300813,0.0,0.0,0.0,0.0,0.0
0.5,0.5108695652173907,0.654320987654323,0.6376404494382022,0.29157667386609065,0.7357723577235773,0.0,0.0,0.0,0.0,0.0
1.0,0.6086956521739069,0.7777777777777786,0.2696629213483146,0.7775377969762418,0.7398373983739838,0.0,0.0,0.0,0.0,0.0
0.5,0.7717391304347743,0.5555555555555571,0.3679775280898878,0.5680345572354211,0.508130081300813,0.0,0.0,0.0,0.0,0.0
0.5,0.6413043478260789,0.5555555555555571,0.2837078651685394,0.47948164146868244,0.17073170731707318,0.0,0.0,0.0,0.0,0.0
0.5,0.4239130434782581,0.3456790123456841,0.273876404494382,0.7192224622030237,0.40650406504065045,0.0,0.0,0.0,0.0,0.0
0.5,0.28260869565216495,0.5061728395061778,0.3904494382022474,0.6565874730021597,0.15447154471544716,0.0,0.0,0.0,0.0,0.0
1.0,0.9130434782608674,0.8765432098765444,0.705056179775281,0.25269978401727855,0.8252032520325204,0.0,0.0,0.0,0.0,0.0
0.5,0.5434782608695627,0.7283950617283992,0.4662921348314606,0.5356371490280777,0.2804878048780488,0.0,0.0,0.0,0.0,0.0
0.0,0.4891304347826093,0.49382716049382935,0.2598314606741574,0.5896328293736499,0.6016260162601627,0.0,0.0,0.0,0.0,0.0
1.0,0.46739130434782794,0.5432098765432158,0.3820224719101122,0.5615550755939525,0.3089430894308943,0.0,0.0,0.0,0.0,0.0
0.5,0.4021739130434767,0.5925925925925952,0.8033707865168538,0.16846652267818563,0.22764227642276424,0.0,0.0,0.0,0.0,0.0
0.5,0.4347826086956488,0.4197530864197603,0.407303370786517,0.4362850971922245,0.508130081300813,0.0,0.0,0.0,0.0,0.0
0.5,0.5326086956521721,0.5679012345679055,0.3679775280898878,0.6652267818574513,0.13821138211382114,0.0,0.0,0.0,0.0,0.0
0.5,0.7282608695652115,0.6172839506172849,0.3792134831460674,0.48812095032397407,0.3739837398373984,0.0,0.0,0.0,0.0,0.0
0.5,0.9673913043478208,1.0,0.3061797752808988,0.7300215982721381,0.5772357723577236,0.0,0.0,0.0,0.0,0.0
0.5,0.38043478260869534,0.5061728395061778,0.431179775280899,0.44276457883369325,0.5040650406504066,0.0,0.0,0.0,0.0,0.0
0.5,0.6086956521739069,0.6172839506172849,0.4691011235955058,0.4665226781857451,0.853658536585366,0.0,0.0,0.0,0.0,0.0
1.0,0.8804347826086882,0.7283950617283992,0.3398876404494382,0.5464362850971921,0.7479674796747968,0.0,0.0,0.0,0.0,0.0
0.5,0.3152173913043441,0.3333333333333357,0.4143258426966294,0.49244060475161977,0.7439024390243903,0.0,0.0,0.0,0.0,0.0
0.5,0.3913043478260789,0.3456790123456841,0.5575842696629214,0.41036717062634986,0.48373983739837406,0.0,0.0,0.0,0.0,0.0
0.5,0.6739130434782581,0.5432098765432158,0.502808988764045,0.47732181425485964,0.21138211382113822,0.0,0.0,0.0,0.0,0.0
1.0,0.30434782608695343,0.2592592592592595,0.5969101123595506,0.2699784017278618,0.23170731707317074,0.0,0.0,0.0,0.0,0.0
0.5,0.6739130434782581,0.6296296296296333,0.2345505617977528,0.8293736501079914,0.052845528455284556,0.0,0.0,0.0,0.0,0.0
0.5,0.2391304347826022,0.4197530864197603,0.6011235955056178,0.21814254859611226,0.8577235772357724,0.0,0.0,0.0,0.0,0.0
0.5,0.6956521739130395,0.6049382716049436,0.3707865168539326,0.7948164146868248,0.1910569105691057,0.0,0.0,0.0,0.0,0.0
0.5,0.5760869565217348,0.5555555555555571,0.3707865168539326,0.5572354211663066,0.06910569105691057,0.0,0.0,0.0,0.0,0.0
1.0,0.5869565217391255,0.5925925925925952,0.955056179775281,0.04535637149028071,0.451219512195122,0.0,0.0,0.0,0.0,0.0
1.0,0.9456521739130395,0.9382716049382722,0.3258426966292136,0.7062634989200862,0.33333333333333337,0.0,0.0,0.0,0.0,0.0
0.5,0.3260869565217348,0.3333333333333357,0.4227528089887642,0.5032397408207343,0.6991869918699187,0.0,0.0,0.0,0.0,0.0
0.0,0.28260869565216495,0.23456790123456983,0.4353932584269662,0.3434125269978401,0.6544715447154472,0.0,0.0,0.0,0.0,0.0
0.5,0.21739130434782084,0.308641975308646,0.431179775280899,0.4514038876889849,0.06504065040650407,0.0,0.0,0.0,0.0,0.0
0.5,0.8152173913043441,0.6049382716049436,0.3103932584269664,0.4989200863930886,0.8252032520325204,0.0,0.0,0.0,0.0,0.0
1.0,0.46739130434782794,0.4197530864197603,0.4044943820224718,0.5226781857451402,0.2723577235772358,0.0,0.0,0.0,0.0,0.0
0.5,0.7499999999999929,0.654320987654323,0.5224719101123594,0.3045356371490281,0.7520325203252033,0.0,0.0,0.0,0.0,0.0
0.5,0.6630434782608603,0.6172839506172849,0.5716292134831462,0.3498920086393087,0.17479674796747968,0.0,0.0,0.0,0.0,0.0
0.5,0.6195652173912976,0.6790123456790127,0.460674157303371,0.49244060475161977,0.10569105691056911,0.0,0.0,0.0,0.0,0.0
1.0,0.9347826086956488,0.9135802469135825,0.407303370786517,0.49028077753779686,0.39430894308943093,0.0,0.0,0.0,0.0,0.0
1.0,0.7065217391304301,0.5061728395061778,0.5098314606741574,0.42548596112311,0.49186991869918706,0.0,0.0,0.0,0.0,0.0
0.5,0.6413043478260789,0.518518518518519,0.646067415730337,0.2764578833693304,0.6951219512195123,0.0,0.0,0.0,0.0,0.0
0.5,0.3913043478260789,0.5061728395061778,0.3202247191011236,0.7818574514038876,0.34146341463414637,0.0,0.0,0.0,0.0,0.0
0.5,0.9021739130434767,0.7530864197530889,0.776685393258427,0.2764578833693304,0.4024390243902439,0.0,0.0,0.0,0.0,0.0
1.0,0.3369565217391255,0.2962962962963047,0.4382022471910114,0.5593952483801296,0.8252032520325204,0.0,0.0,0.0,0.0,0.0
0.5,0.5652173913043441,0.654320987654323,0.8089887640449438,0.17710583153347725,0.052845528455284556,0.0,0.0,0.0,0.0,0.0
0.5,0.4130434782608674,0.3209876543209944,0.5870786516853934,0.24406047516198692,0.49186991869918706,0.0,0.0,0.0,0.0,0.0
0.5,0.44565217391303946,0.44444444444444997,0.5070224719101122,0.3434125269978401,0.8008130081300814,0.0,0.0,0.0,0.0,0.0
1.0,0.7065217391304301,0.6172839506172849,0.3328651685393258,0.6889848812095032,0.3577235772357724,0.0,0.0,0.0,0.0,0.0
1.0,0.6413043478260789,0.5432098765432158,0.1573033707865168,0.7883369330453562,0.1585365853658537,0.0,0.0,0.0,0.0,0.0
0.0,0.5760869565217348,0.6049382716049436,0.9087078651685394,0.13174946004319654,0.3170731707317074,0.0,0.0,0.0,0.0,0.0
0.5,0.5326086956521721,0.44444444444444997,0.4901685393258426,0.4989200863930886,0.21544715447154475,0.0,0.0,0.0,0.0,0.0
1.0,0.5434782608695627,0.7160493827160508,0.3679775280898878,0.5874730021598271,0.1626016260162602,0.0,0.0,0.0,0.0,0.0
0.5,0.5543478260869534,0.518518518518519,0.271067415730337,0.5053995680345572,0.3008130081300813,0.0,0.0,0.0,0.0,0.0
0.5,0.5543478260869534,0.5925925925925952,0.8918539325842698,0.10799136069114468,0.05691056910569106,0.0,0.0,0.0,0.0,0.0
0.0,0.8695652173913047,0.6790123456790127,0.5955056179775282,0.25053995680345564,0.13821138211382114,0.0,0.0,0.0,0.0,0.0
0.5,0.44565217391303946,0.6296296296296333,0.271067415730337,0.7300215982721381,0.8739837398373985,0.0,0.0,0.0,1.0,0.0
0.5,0.5108695652173907,0.46913580246913966,0.6910112359550562,0.21814254859611226,0.04471544715447155,0.0,0.0,0.0,0.0,0.0
0.5,0.5326086956521721,0.46913580246913966,0.3286516853932584,0.4535637149028078,0.524390243902439,0.0,0.0,0.0,0.0,0.0
0.5,0.21739130434782084,0.3456790123456841,0.383426966292135,0.7365010799136069,0.7276422764227644,0.0,0.0,0.0,0.0,0.0
0.5,0.30434782608695343,0.4320987654321016,0.8693820224719102,0.14686825053995678,0.3373983739837399,0.0,0.0,0.0,0.0,0.0
0.5,0.3369565217391255,0.2839506172839492,0.4564606741573034,0.6004319654427646,0.10162601626016261,0.0,0.0,0.0,0.0,0.0
1.0,0.22826086956521152,0.3703703703703738,0.5603932584269662,0.25485961123110146,0.6544715447154472,0.0,0.0,0.0,0.0,0.0
0.5,0.8152173913043441,0.827160493827158,0.271067415730337,0.7991360691144709,0.032520325203252036,0.0,0.0,0.0,0.0,0.0
0.5,0.13043478260868824,0.22222222222222143,0.2205056179775282,0.8423326133909286,0.3617886178861789,0.0,0.0,0.0,0.0,0.0
0.5,0.2608695652173836,0.3456790123456841,0.4466292134831462,0.4600431965442764,0.8170731707317074,0.0,0.0,0.0,0.0,0.0
0.0,0.22826086956521152,0.2716049382716008,0.2907303370786518,0.6889848812095032,0.5325203252032521,0.0,0.0,0.0,0.0,0.0
1.0,0.5869565217391255,0.6419753086419746,0.425561797752809,0.40604751619870405,0.4308943089430895,0.0,0.0,0.0,0.0,0.0
0.5,0.28260869565216495,0.22222222222222143,0.5491573033707866,0.33909287257019427,0.6219512195121952,0.0,0.0,0.0,0.0,0.0
0.5,0.3913043478260789,0.49382716049382935,0.3735955056179774,0.6198704103671706,0.5975609756097562,0.0,0.0,0.0,0.0,0.0
0.5,0.5978260869565162,0.49382716049382935,0.3904494382022474,0.5226781857451402,0.6422764227642277,0.0,0.0,0.0,0.0,0.0
1.0,0.4239130434782581,0.3950617283950635,0.5477528089887642,0.37365010799136056,0.861788617886179,0.0,0.0,0.0,0.0,0.0
0.5,0.20652173913043015,0.2962962962963047,0.6727528089887642,0.24190064794816413,0.0,0.0,0.0,0.0,0.0,0.0
0.5,0.6086956521739069,0.654320987654323,0.279494382022472,0.6717062634989202,0.5528455284552846,0.0,0.0,0.0,0.0,0.0
0.5,0.4347826086956488,0.3703703703703738,0.556179775280899,0.3498920086393087,0.8577235772357724,0.0,0.0,0.0,0.0,0.0
1.0,0.29347826086956275,0.3456790123456841,0.5646067415730338,0.2786177105831533,0.0975609756097561,0.0,0.0,0.0,0.0,0.0
0.5,0.5326086956521721,0.45679012345679126,0.4817415730337078,0.32829373650107985,0.1869918699186992,0.0,0.0,0.0,0.0,0.0
0.5,0.5108695652173907,0.4074074074074119,0.7387640449438202,0.25917926565874727,0.32113821138211385,0.0,0.0,0.0,0.0,0.0
0.5,0.7826086956521721,0.5555555555555571,0.5660112359550562,0.2613390928725702,0.2601626016260163,0.0,0.0,0.0,0.0,0.0
0.0,0.8695652173913047,0.6913580246913611,0.4480337078651686,0.4190064794816414,0.15447154471544716,0.0,0.0,0.0,0.0,0.0
0.5,0.45652173913043015,0.5308641975308674,0.321629213483146,0.6220302375809934,0.22764227642276424,0.0,0.0,0.0,0.0,0.0
0.5,0.5434782608695627,0.5925925925925952,0.4761235955056178,0.41036717062634986,0.8821138211382115,0.0,0.0,0.0,0.0,0.0
0.5,0.5760869565217348,0.5061728395061778,0.4480337078651686,0.48164146868250535,0.5406504065040652,0.0,0.0,0.0,0.0,0.0
1.0,0.17391304347825098,0.22222222222222143,0.2092696629213484,0.6695464362850971,0.49186991869918706,0.0,0.0,0.0,0.0,0.0
0.5,0.21739130434782084,0.3703703703703738,0.3988764044943822,0.36069114470842323,0.878048780487805,0.0,0.0,0.0,0.0,0.0
1.0,0.46739130434782794,0.5432098765432158,0.6502808988764046,0.20518358531317493,0.2967479674796748,0.0,0.0,0.0,0.0,0.0
0.5,0.3913043478260789,0.5308641975308674,0.853932584269663,0.16198704103671702,0.6747967479674798,0.0,0.0,0.0,0.0,0.0
0.5,0.30434782608695343,0.2839506172839492,0.7317415730337078,0.2332613390928725,0.24796747967479676,0.0,0.0,0.0,0.0,0.0
0.5,0.5652173913043441,0.7283950617283992,0.25561797752809,0.710583153347732,0.3455284552845529,0.0,0.0,0.0,0.0,0.0
0.5,0.5217391304347814,0.4197530864197603,0.3047752808988764,0.5745140388768899,0.31300813008130085,0.0,0.0,0.0,0.0,0.0
0.5,0.22826086956521152,0.3333333333333357,0.5898876404494382,0.3131749460043196,0.2642276422764228,0.0,0.0,0.0,0.0,0.0
0.5,0.4130434782608674,0.5432098765432158,0.353932584269663,0.6198704103671706,0.9308943089430896,0.0,0.0,0.0,1.0,0.0
0.5,0.22826086956521152,0.4320987654321016,0.127808988764045,0.7386609071274297,0.49186991869918706,0.0,0.0,0.0,0.0,0.0
0.5,0.5108695652173907,0.4197530864197603,0.348314606741573,0.5464362850971921,0.3658536585365854,0.0,0.0,0.0,0.0,0.0
1.0,0.7934782608695627,0.6666666666666714,0.473314606741573,0.4946004319654427,0.3577235772357724,0.0,0.0,0.0,0.0,0.0
0.5,0.38043478260869534,0.3950617283950635,0.2752808988764046,0.5745140388768899,0.8292682926829269,0.0,0.0,0.0,0.0,0.0
0.5,0.9130434782608674,0.864197530864196,0.4002808988764046,0.5010799136069113,0.6829268292682927,0.0,0.0,0.0,0.0,0.0
0.5,0.28260869565216495,0.4197530864197603,0.4508426966292134,0.4946004319654427,0.016260162601626018,0.0,0.0,0.0,0.0,0.0
0.5,0.5326086956521721,0.49382716049382935,0.1292134831460674,0.8768898488120951,0.06097560975609757,0.0,0.0,0.0,0.0,0.0
0.5,0.17391304347825098,0.24691358024691112,0.3946629213483146,0.4600431965442764,0.024390243902439025,0.0,0.0,0.0,0.0,0.0
0.5,0.4021739130434767,0.5308641975308674,0.6867977528089886,0.28293736501079914,0.5853658536585367,0.0,0.0,0.0,0.0,0.0
0.5,0.6195652173912976,0.7037037037037024,0.5477528089887642,0.3779697624190065,0.41869918699187,0.0,0.0,0.0,0.0,0.0
0.5,0.5869565217391255,0.6666666666666714,0.4143258426966294,0.5766738660907127,0.6707317073170732,0.0,0.0,0.0,0.0,0.0
0.5,0.38043478260869534,0.49382716049382935,0.2682584269662922,0.8315334773218142,0.5,0.0,0.0,0.0,0.0,0.0
0.5,0.7934782608695627,0.5802469135802468,0.247191011235955,0.8012958963282937,0.2723577235772358,0.0,1.0,0.0,0.0,0.0
0.5,0.3152173913043441,0.3950617283950635,0.592696629213483,0.25701943844492436,0.32113821138211385,0.0,0.0,0.0,0.0,0.0
1.0,0.3913043478260789,0.5308641975308674,0.5308988764044942,0.5442764578833692,0.23577235772357727,0.0,0.0,0.0,0.0,0.0
0.5,0.38043478260869534,0.5308641975308674,0.6867977528089886,0.22246220302375808,0.6097560975609757,0.0,0.0,0.0,0.0,0.0
0.5,0.22826086956521152,0.3209876543209944,0.2570224719101124,0.548596112311015,0.04471544715447155,0.0,0.0,0.0,0.0,0.0
1.0,0.44565217391303946,0.518518518518519,0.5393258426966294,0.44276457883369325,0.3536585365853659,0.0,0.0,0.0,0.0,0.0
0.5,0.7282608695652115,0.49382716049382935,0.324438202247191,0.3498920086393087,0.8495934959349595,0.0,0.0,0.0,0.0,0.0
0.5,0.2391304347826022,0.3703703703703738,0.3792134831460674,0.3779697624190065,0.4552845528455285,0.0,0.0,0.0,0.0,0.0
0.5,0.7934782608695627,0.7654320987654302,0.5828651685393258,0.33261339092872566,0.2804878048780488,0.0,0.0,0.0,0.0,0.0
0.5,0.30434782608695343,0.4074074074074119,0.5252808988764046,0.3434125269978401,0.22764227642276424,0.0,0.0,0.0,0.0,0.0
0.5,0.6086956521739069,0.790123456790127,0.3370786516853932,0.43412526997840173,0.25609756097560976,0.0,0.0,0.0,0.0,0.0
1.0,0.5760869565217348,0.7654320987654302,0.6264044943820226,0.32829373650107985,0.0,0.0,0.0,0.0,0.0,0.0
0.0,0.7826086956521721,0.6419753086419746,0.2429775280898876,0.7645788336933044,0.410569105691057,0.0,1.0,0.0,0.0,0.0
0.5,0.6956521739130395,0.6172839506172849,0.6432584269662922,0.25485961123110146,0.7804878048780488,0.0,0.0,0.0,0.0,0.0
1.0,0.2391304347826022,0.3950617283950635,0.3553370786516854,0.5334773218142548,0.008130081300813009,0.0,0.0,0.0,0.0,0.0
1.0,0.45652173913043015,0.45679012345679126,0.2865168539325842,0.7796976241900648,0.13008130081300814,0.0,0.0,0.0,0.0,0.0
1.0,0.4782608695652115,0.4197530864197603,0.5898876404494382,0.3974082073434124,0.6910569105691058,0.0,0.0,0.0,0.0,0.0
0.5,0.38043478260869534,0.49382716049382935,0.4859550561797754,0.5161987041036716,0.5528455284552846,0.0,0.0,0.0,0.0,0.0
0.0,0.7173913043478208,0.5679012345679055,0.6601123595505618,0.2656587473002159,0.40650406504065045,0.0,0.0,0.0,0.0,0.0
0.5,0.2717391304347814,0.49382716049382935,0.5112359550561798,0.37149028077753765,0.10162601626016261,0.0,0.0,0.0,0.0,0.0
0.5,0.5760869565217348,0.5432098765432158,0.1601123595505618,0.6457883369330453,0.5284552845528456,0.0,0.0,0.0,0.0,0.0
0.5,0.30434782608695343,0.2839506172839492,0.383426966292135,0.48164146868250535,0.23983739837398377,0.0,0.0,0.0,0.0,0.0
0.5,0.4239130434782581,0.6049382716049436,0.4424157303370786,0.4535637149028078,0.3577235772357724,0.0,0.0,0.0,0.0,0.0
0.5,0.45652173913043015,0.6172839506172849,0.4058988764044942,0.44924406047516185,0.42276422764227645,0.0,0.0,0.0,0.0,0.0
0.5,0.8804347826086882,0.7283950617283992,0.3735955056179774,0.4665226781857451,0.5365853658536586,0.0,0.0,0.0,0.0,0.0
0.0,0.25,0.48148148148148806,0.6825842696629214,0.25917926565874727,0.6300813008130082,0.0,0.0,0.0,0.0,0.0
0.5,0.25,0.3580246913580325,0.4817415730337078,0.47516198704103674,0.23170731707317074,0.0,0.0,0.0,0.0,0.0
0.5,0.4347826086956488,0.4074074074074119,0.3258426966292136,0.593952483801296,0.6341463414634148,0.0,0.0,0.0,0.0,0.0
0.5,0.5760869565217348,0.6296296296296333,0.2696629213483146,0.7149028077753781,0.7276422764227644,0.0,0.0,0.0,0.0,0.0
0.5,0.6630434782608603,0.6666666666666714,0.4058988764044942,0.5269978401727862,0.6463414634146342,0.0,0.0,0.0,0.0,0.0
1.0,0.5978260869565162,0.6296296296296333,0.5140449438202246,0.33261339092872566,0.32113821138211385,0.0,0.0,0.0,0.0,0.0
1.0,0.4021739130434767,0.5679012345679055,0.5603932584269662,0.28509719222462193,0.7195121951219513,0.0,0.0,0.0,0.0,0.0
0.5,0.1521739130434696,0.24691358024691112,0.478932584269663,0.36069114470842323,0.33333333333333337,0.0,0.0,0.0,0.0,0.0
0.5,0.29347826086956275,0.2962962962963047,0.8342696629213482,0.09071274298056153,0.8130081300813009,0.0,0.0,0.0,0.0,0.0
0.0,0.6086956521739069,0.6172839506172849,0.3089887640449438,0.44276457883369325,0.8414634146341464,0.0,0.0,0.0,0.0,0.0
0.5,0.28260869565216495,0.2962962962963047,0.5646067415730338,0.28941684665226775,0.861788617886179,0.0,0.0,0.0,0.0,0.0
0.5,0.1630434782608674,0.2592592592592595,0.5477528089887642,0.3520518358531317,0.5121951219512195,0.0,0.0,0.0,0.0,0.0
0.0,0.9347826086956488,0.9135802469135825,0.8525280898876406,0.14254859611231097,0.06910569105691057,0.0,0.0,0.0,0.0,0.0
1.0,0.4782608695652115,0.3950617283950635,0.5168539325842698,0.33045356371490275,0.33333333333333337,0.0,0.0,0.0,0.0,0.0
0.5,0.5326086956521721,0.5308641975308674,0.425561797752809,0.4319654427645788,0.7398373983739838,0.0,0.0,0.0,0.0,0.0
0.5,0.4347826086956488,0.3580246913580325,0.3356741573033708,0.6220302375809934,0.3373983739837399,0.0,0.0,0.0,0.0,0.0
0.5,0.38043478260869534,0.5061728395061778,0.252808988764045,0.5161987041036716,0.10162601626016261,0.0,0.0,0.0,0.0,0.0
0.5,0.5434782608695627,0.7037037037037024,0.5070224719101122,0.4643628509719222,0.39430894308943093,0.0,0.0,0.0,0.0,0.0
0.5,0.2391304347826022,0.3580246913580325,0.6853932584269662,0.20086393088552912,0.5528455284552846,0.0,0.0,0.0,0.0,0.0
0.5,0.4347826086956488,0.4197530864197603,0.4382022471910114,0.5161987041036716,0.22357723577235775,0.0,0.0,0.0,0.0,0.0
0.5,0.5760869565217348,0.6049382716049436,0.4564606741573034,0.3174946004319653,0.2520325203252033,0.0,0.0,0.0,0.0,0.0
1.0,0.7717391304347743,0.7530864197530889,0.6474719101123594,0.36933045356371497,0.7926829268292683,0.0,0.0,0.0,0.0,0.0
1.0,0.46739130434782794,0.44444444444444997,0.5196629213483146,0.2656587473002159,0.4552845528455285,0.0,0.0,0.0,0.0,0.0
0.5,0.5869565217391255,0.6296296296296333,0.4157303370786518,0.6263498920086392,0.2886178861788618,0.0,0.0,0.0,0.0,0.0
0.5,0.7173913043478208,0.6172839506172849,0.2626404494382022,0.6522678185745139,0.0813008130081301,0.0,0.0,0.0,0.0,0.0
1.0,0.4239130434782581,0.3456790123456841,0.4817415730337078,0.37149028077753765,0.5487804878048781,0.0,0.0,0.0,0.0,0.0
0.5,0.4782608695652115,0.6666666666666714,0.521067415730337,0.4514038876889849,0.7804878048780488,0.0,0.0,0.0,0.0,0.0
0.5,0.4999999999999929,0.5308641975308674,0.3707865168539326,0.5572354211663066,0.6585365853658537,0.0,0.0,0.0,0.0,0.0
0.5,0.28260869565216495,0.4197530864197603,0.4747191011235954,0.3455723542116631,0.06097560975609757,0.0,0.0,0.0,0.0,0.0
0.5,0.45652173913043015,0.6296296296296333,0.9691011235955058,0.047516198704103674,0.8577235772357724,0.0,0.0,0.0,0.0,0.0
1.0,0.6086956521739069,0.5802469135802468,0.5519662921348314,0.43844492440604743,0.3739837398373984,0.0,0.0,0.0,0.0,0.0
0.5,0.9891304347826022,0.9876543209876516,0.5955056179775282,0.28941684665226775,0.020325203252032523,0.0,0.0,0.0,0.0,0.0
0.5,0.3369565217391255,0.2962962962963047,0.5828651685393258,0.2721382289416847,0.3821138211382114,0.0,0.0,0.0,0.0,0.0
0.5,0.2391304347826022,0.3950617283950635,0.342696629213483,0.6544276457883369,0.06910569105691057,0.0,0.0,0.0,0.0,0.0
1.0,0.8586956521739069,0.6790123456790127,0.7092696629213482,0.25485961123110146,0.13414634146341464,0.0,0.0,0.0,0.0,0.0
0.5,0.3152173913043441,0.4197530864197603,0.3455056179775282,0.6133909287257018,0.6666666666666667,0.0,0.0,0.0,0.0,0.0
0.5,0.7065217391304301,0.46913580246913966,0.4803370786516854,0.4211663066954643,0.9227642276422765,0.0,0.0,0.0,0.0,0.0
0.5,0.8586956521739069,0.7037037037037024,0.4648876404494382,0.4557235421166307,0.934959349593496,0.0,0.0,0.0,0.0,0.0
0.5,0.7499999999999929,0.5802469135802468,0.7865168539325842,0.17278617710583155,0.6910569105691058,0.0,0.0,0.0,0.0,0.0
0.5,0.7499999999999929,0.5308641975308674,0.4213483146067414,0.6177105831533478,0.0813008130081301,0.0,0.0,0.0,0.0,0.0
0.5,0.8152173913043441,0.6419753086419746,0.181179775280899,0.693304535637149,0.1626016260162602,0.0,1.0,0.0,0.0,0.0
1.0,0.30434782608695343,0.3950617283950635,0.2387640449438202,0.5637149028077754,0.7032520325203253,0.0,0.0,0.0,0.0,0.0
0.5,0.4130434782608674,0.3580246913580325,0.3160112359550562,0.5745140388768899,0.7967479674796749,0.0,0.0,0.0,0.0,0.0
0.0,0.8152173913043441,0.8148148148148167,0.4213483146067414,0.5853131749460043,0.9065040650406505,0.0,0.0,0.0,0.0,0.0
0.5,0.891304347826086,0.7777777777777786,0.2570224719101124,0.7429805615550755,0.12195121951219513,0.0,1.0,0.0,0.0,0.0
0.0,0.6304347826086953,0.6666666666666714,0.6109550561797754,0.20302375809935203,0.6504065040650407,0.0,0.0,0.0,0.0,0.0
1.0,0.4782608695652115,0.5925925925925952,0.5772471910112358,0.33045356371490275,0.5447154471544716,0.0,0.0,0.0,0.0,0.0
0.5,0.3260869565217348,0.5308641975308674,0.455056179775281,0.531317494600432,0.2967479674796748,0.0,0.0,0.0,0.0,0.0
0.5,0.4021739130434767,0.5679012345679055,0.9620786516853934,0.08423326133909281,0.8983739837398375,0.0,0.0,0.0,0.0,0.0
1.0,0.3260869565217348,0.4197530864197603,0.3103932584269664,0.5809935205183585,0.06097560975609757,0.0,0.0,0.0,0.0,0.0
0.0,0.7717391304347743,0.6419753086419746,0.366573033707865,0.44492440604751615,0.7073170731707318,0.0,0.0,0.0,0.0,0.0
0.5,0.13043478260868824,0.22222222222222143,0.5379213483146066,0.32397408207343414,0.83739837398374,0.0,0.0,0.0,0.0,0.0
0.5,0.9456521739130395,0.9259259259259238,0.5632022471910114,0.40172786177105835,0.42276422764227645,0.0,0.0,0.0,0.0,0.0
0.5,0.6630434782608603,0.5802469135802468,0.4396067415730338,0.32613390928725705,0.6219512195121952,0.0,0.0,0.0,0.0,0.0
1.0,0.5108695652173907,0.49382716049382935,0.6587078651685394,0.18358531317494597,0.4552845528455285,0.0,0.0,0.0,0.0,0.0
0.5,0.8152173913043441,0.790123456790127,0.473314606741573,0.427645788336933,0.1951219512195122,0.0,0.0,0.0,0.0,0.0
1.0,0.38043478260869534,0.5061728395061778,0.4929775280898878,0.36501079913606904,0.1910569105691057,0.0,0.0,0.0,0.0,0.0
1.0,0.6521739130434767,0.6666666666666714,0.5589887640449438,0.2332613390928725,0.12601626016260165,0.0,0.0,0.0,0.0,0.0
1.0,0.8695652173913047,0.7037037037037024,0.297752808988764,0.8423326133909286,0.016260162601626018,0.0,0.0,0.0,0.0,0.0
0.5,0.5217391304347814,0.4320987654321016,0.3623595505617978,0.49244060475161977,0.6016260162601627,0.0,0.0,0.0,0.0,0.0
0.5,0.19565217391303946,0.3209876543209944,0.8286516853932586,0.07991360691144711,0.6869918699186992,0.0,0.0,0.0,0.0,0.0
0.0,0.5434782608695627,0.7283950617283992,0.3932584269662922,0.4643628509719222,0.41463414634146345,0.0,0.0,0.0,0.0,0.0
0.5,0.4021739130434767,0.5802469135802468,0.5365168539325842,0.3455723542116631,0.5162601626016261,0.0,0.0,0.0,0.0,0.0
0.5,0.5652173913043441,0.7160493827160508,0.657303370786517,0.36285097192224613,0.2642276422764228,0.0,0.0,0.0,0.0,0.0
0.5,0.5978260869565162,0.6296296296296333,0.3146067415730338,0.5399568034557235,0.20731707317073172,0.0,0.0,0.0,0.0,0.0
1.0,0.7065217391304301,0.6666666666666714,0.297752808988764,0.5291576673866091,0.6951219512195123,0.0,0.0,0.0,0.0,0.0
0.5,0.7391304347826093,0.5925925925925952,0.5280898876404494,0.3434125269978401,0.5040650406504066,0.0,0.0,0.0,0.0,0.0
0.5,0.5326086956521721,0.4197530864197603,0.4157303370786518,0.5809935205183585,0.0894308943089431,0.0,0.0,0.0,0.0,0.0
0.5,0.5543478260869534,0.7407407407407405,0.3890449438202246,0.4211663066954643,0.6585365853658537,0.0,0.0,0.0,0.0,0.0
1.0,0.3260869565217348,0.24691358024691112,0.359550561797753,0.5118790496760258,0.451219512195122,0.0,0.0,0.0,0.0,0.0
1.0,0.6847826086956488,0.6419753086419746,0.550561797752809,0.4319654427645788,0.5650406504065041,0.0,0.0,0.0,0.0,0.0
0.5,0.3260869565217348,0.2962962962963047,0.4522471910112358,0.5615550755939525,0.3252032520325204,0.0,0.0,0.0,0.0,0.0
0.5,0.8043478260869534,0.5925925925925952,0.3693820224719102,0.44924406047516185,0.8577235772357724,1.0,0.0,0.0,0.0,0.0
1.0,0.36956521739129755,0.518518518518519,0.6615168539325842,0.1943844492440605,0.7926829268292683,0.0,0.0,0.0,0.0,0.0
0.5,0.38043478260869534,0.5308641975308674,0.321629213483146,0.5658747300215982,0.43495934959349597,0.0,0.0,0.0,0.0,0.0
1.0,0.6086956521739069,0.518518518518519,0.396067415730337,0.49244060475161977,0.8495934959349595,0.0,0.0,0.0,0.0,0.0
1.0,0.5326086956521721,0.5555555555555571,0.3581460674157302,0.6781857451403888,0.02845528455284553,0.0,0.0,0.0,0.0,0.0
0.5,0.7065217391304301,0.6666666666666714,0.4382022471910114,0.36285097192224613,0.8008130081300814,0.0,0.0,0.0,0.0,0.0
0.5,0.6086956521739069,0.6790123456790127,0.2387640449438202,0.8704103671706263,0.5650406504065041,0.0,0.0,0.0,0.0,0.0
1.0,0.8260869565217348,0.654320987654323,0.3075842696629214,0.44492440604751615,0.21138211382113822,0.0,0.0,0.0,0.0,0.0
0.5,0.5652173913043441,0.5061728395061778,0.5154494382022474,0.37365010799136056,0.6016260162601627,0.0,0.0,0.0,0.0,0.0
1.0,0.7065217391304301,0.6419753086419746,0.1629213483146068,0.8704103671706263,0.1951219512195122,0.0,0.0,0.0,0.0,0.0
0.5,0.5108695652173907,0.4197530864197603,0.3061797752808988,0.5269978401727862,0.0,0.0,0.0,0.0,0.0,0.0
1.0,0.5869565217391255,0.6296296296296333,0.401685393258427,0.5680345572354211,0.30487804878048785,0.0,0.0,0.0,0.0,0.0
0.5,0.5434782608695627,0.48148148148148806,0.3103932584269664,0.5291576673866091,0.3536585365853659,0.0,0.0,0.0,0.0,0.0
1.0,0.5326086956521721,0.46913580246913966,0.5351123595505618,0.28725701943844484,0.7439024390243903,0.0,0.0,0.0,0.0,0.0
0.5,0.5978260869565162,0.6296296296296333,0.633426966292135,0.1965442764578833,0.6056910569105691,0.0,0.0,0.0,0.0,0.0
0.5,0.5217391304347814,0.6913580246913611,0.6924157303370786,0.22030237580993517,0.6138211382113822,0.0,0.0,0.0,0.0,0.0
1.0,0.22826086956521152,0.3456790123456841,0.4058988764044942,0.4730021598272137,0.6097560975609757,0.0,0.0,0.0,0.0,0.0
1.0,0.6739130434782581,0.6049382716049436,0.5477528089887642,0.37365010799136056,0.15040650406504066,0.0,0.0,0.0,0.0,0.0
1.0,0.9239130434782581,0.864197530864196,0.455056179775281,0.3974082073434124,0.7317073170731708,0.0,0.0,0.0,0.0,0.0
0.5,0.6630434782608603,0.5802469135802468,0.556179775280899,0.36285097192224613,0.5406504065040652,0.0,0.0,0.0,0.0,0.0
0.5,0.8369565217391255,0.6790123456790127,0.4367977528089886,0.36501079913606904,0.2723577235772358,0.0,0.0,0.0,0.0,0.0
0.5,0.2608695652173836,0.18518518518518334,0.681179775280899,0.3822894168466522,0.020325203252032523,0.0,0.0,0.0,0.0,0.0
0.5,0.8804347826086882,0.7654320987654302,0.4887640449438202,0.3844492440604751,0.8252032520325204,0.0,0.0,0.0,0.0,0.0
0.0,0.4239130434782581,0.3333333333333357,0.2879213483146068,0.7149028077753781,0.23983739837398377,0.0,0.0,0.0,0.0,0.0
1.0,0.5543478260869534,0.5061728395061778,0.3342696629213484,0.5853131749460043,0.0,0.0,0.0,0.0,0.0,0.0
1.0,0.4239130434782581,0.3827160493827222,0.449438202247191,0.37365010799136056,0.44308943089430897,0.0,0.0,0.0,0.0,0.0
0.5,0.6521739130434767,0.5925925925925952,0.2907303370786518,0.5550755939524836,0.25609756097560976,0.0,0.0,0.0,0.0,0.0
0.5,0.4239130434782581,0.3456790123456841,0.4283707865168538,0.4362850971922245,0.6016260162601627,0.0,0.0,0.0,0.0,0.0
0.5,0.5652173913043441,0.518518518518519,0.4171348314606742,0.4298056155507559,0.6016260162601627,0.0,0.0,0.0,0.0,0.0
1.0,0.4782608695652115,0.3950617283950635,0.4143258426966294,0.4514038876889849,0.3536585365853659,0.0,0.0,0.0,0.0,0.0
1.0,0.09782608695651618,0.18518518518518334,0.6320224719101122,0.2375809935205183,0.0,0.0,0.0,0.0,0.0,0.0
0.5,0.21739130434782084,0.2716049382716008,0.556179775280899,0.3088552915766738,0.7845528455284554,0.0,0.0,0.0,0.0,0.0
0.5,0.46739130434782794,0.4197530864197603,0.5491573033707866,0.41252699784017277,0.3373983739837399,0.0,0.0,0.0,0.0,0.0
0.5,0.1630434782608674,0.2592592592592595,0.4171348314606742,0.4168466522678185,0.49593495934959353,0.0,0.0,0.0,0.0,0.0
0.5,0.22826086956521152,0.3580246913580325,0.478932584269663,0.4967602591792656,0.2967479674796748,0.0,0.0,0.0,0.0,0.0
1.0,0.30434782608695343,0.2592592592592595,0.6362359550561798,0.35853131749460043,0.20731707317073172,0.0,0.0,0.0,0.0,0.0
0.5,0.7173913043478208,0.5802469135802468,0.984550561797753,0.07127429805615548,0.6626016260162603,0.0,0.0,0.0,0.0,0.0
0.0,0.30434782608695343,0.2839506172839492,0.5435393258426966,0.32829373650107985,0.6463414634146342,0.0,0.0,0.0,0.0,0.0
1.0,0.22826086956521152,0.44444444444444997,0.443820224719101,0.36069114470842323,0.3577235772357724,0.0,0.0,0.0,0.0,0.0
0.5,0.3913043478260789,0.3703703703703738,0.5351123595505618,0.3023758099352052,0.4024390243902439,0.0,0.0,0.0,0.0,0.0
1.0,0.25,0.3580246913580325,0.366573033707865,0.6069114470842332,0.1869918699186992,0.0,0.0,0.0,0.0,0.0
0.5,0.4021739130434767,0.5555555555555571,0.491573033707865,0.5053995680345572,0.6463414634146342,0.0,0.0,0.0,0.0,0.0
0.5,0.7934782608695627,0.654320987654323,0.2612359550561798,0.8617710583153346,0.37804878048780494,0.0,1.0,0.0,0.0,0.0
0.5,0.4021739130434767,0.3950617283950635,0.460674157303371,0.3412526997840172,0.06504065040650407,0.0,0.0,0.0,0.0,0.0
1.0,0.30434782608695343,0.3456790123456841,0.2654494382022472,0.6695464362850971,0.47154471544715454,0.0,0.0,0.0,0.0,0.0
0.5,0.8152173913043441,0.6296296296296333,0.3075842696629214,0.6565874730021597,0.12195121951219513,0.0,0.0,0.0,0.0,0.0
1.0,0.8369565217391255,0.864197530864196,0.5196629213483146,0.33909287257019427,0.49593495934959353,0.0,0.0,0.0,0.0,0.0
0.5,0.2717391304347814,0.22222222222222143,0.2879213483146068,0.4298056155507559,0.6463414634146342,0.0,0.0,0.0,0.0,0.0
1.0,0.38043478260869534,0.4197530864197603,0.2598314606741574,0.6263498920086392,0.475609756097561,0.0,0.0,0.0,0.0,0.0
0.5,0.1630434782608674,0.2716049382716008,0.4297752808988766,0.28725701943844484,0.5,0.0,0.0,0.0,0.0,0.0
0.5,0.3913043478260789,0.5679012345679055,0.3553370786516854,0.40820734341252696,0.13008130081300814,0.0,0.0,0.0,0.0,0.0
0.5,0.7826086956521721,0.6419753086419746,0.4129213483146066,0.41252699784017277,0.5853658536585367,0.0,0.0,0.0,0.0,0.0
1.0,0.5434782608695627,0.7160493827160508,0.5014044943820226,0.4622030237580993,0.6138211382113822,0.0,0.0,0.0,0.0,0.0
0.5,0.4239130434782581,0.6172839506172849,0.7780898876404494,0.1490280777537797,0.9146341463414636,1.0,0.0,0.0,0.0,0.0
0.5,0.4891304347826093,0.46913580246913966,0.5042134831460674,0.4362850971922245,0.5731707317073171,0.0,0.0,0.0,0.0,0.0
0.5,0.7608695652173907,0.5555555555555571,0.2963483146067416,0.7624190064794816,0.23170731707317074,0.0,0.0,0.0,0.0,0.0
0.0,0.6956521739130395,0.5555555555555571,0.6137640449438202,0.2311015118790497,0.17073170731707318,0.0,0.0,0.0,0.0,0.0
0.5,0.7282608695652115,0.5802469135802468,1.0000000000000002,0.06695464362850967,0.6544715447154472,0.0,0.0,0.0,0.0,0.0
0.5,0.7934782608695627,0.5679012345679055,0.4157303370786518,0.43844492440604743,0.426829268292683,0.0,0.0,0.0,0.0,0.0
1.0,0.3260869565217348,0.3333333333333357,0.366573033707865,0.5917926565874729,0.7235772357723578,0.0,0.0,0.0,0.0,0.0
0.5,0.35869565217391397,0.3209876543209944,0.1334269662921348,0.8725701943844493,0.13008130081300814,0.0,0.0,0.0,0.0,0.0
0.5,0.4999999999999929,0.4320987654321016,0.2106741573033708,0.6630669546436283,0.24796747967479676,0.0,0.0,0.0,0.0,0.0
0.5,0.8152173913043441,0.6666666666666714,0.7556179775280898,0.21382289416846645,0.3536585365853659,0.0,0.0,0.0,0.0,0.0
0.5,0.1630434782608674,0.2716049382716008,0.6011235955056178,0.33045356371490275,0.29268292682926833,0.0,0.0,0.0,0.0,0.0
1.0,0.5869565217391255,0.6049382716049436,0.4227528089887642,0.386609071274298,0.34146341463414637,0.0,0.0,0.0,0.0,0.0
0.5,0.1521739130434696,0.2962962962963047,0.3750000000000002,0.44924406047516185,0.7926829268292683,0.0,0.0,0.0,0.0,0.0
0.5,0.5652173913043441,0.7037037037037024,0.3497191011235954,0.5917926565874729,0.20731707317073172,0.0,0.0,0.0,0.0,0.0
1.0,0.9239130434782581,0.8765432098765444,0.3328651685393258,0.6004319654427646,0.8130081300813009,0.0,0.0,0.0,0.0,0.0
1.0,0.7608695652173907,0.7407407407407405,0.4943820224719102,0.3930885529157666,0.020325203252032523,0.0,0.0,0.0,0.0,0.0
0.5,0.5543478260869534,0.49382716049382935,0.1839887640449438,0.6501079913606911,0.7276422764227644,0.0,0.0,0.0,0.0,0.0
0.5,0.5652173913043441,0.5308641975308674,0.4747191011235954,0.5399568034557235,0.34959349593495936,0.0,0.0,0.0,0.0,0.0
0.5,0.4782608695652115,0.4197530864197603,0.2303370786516854,0.7602591792656586,0.5650406504065041,0.0,0.0,0.0,0.0,0.0
1.0,0.44565217391303946,0.4197530864197603,0.3904494382022474,0.6155507559395248,0.28455284552845533,0.0,0.0,0.0,0.0,0.0
0.0,0.5108695652173907,0.7037037037037024,0.6432584269662922,0.3110151187904967,0.6300813008130082,0.0,0.0,0.0,0.0,0.0
0.5,0.6304347826086953,0.6666666666666714,0.741573033707865,0.1943844492440605,0.6910569105691058,0.0,0.0,0.0,0.0,0.0
1.0,0.7065217391304301,0.6172839506172849,0.2808988764044944,0.5529157667386609,0.1788617886178862,0.0,0.0,0.0,0.0,0.0
0.5,0.5326086956521721,0.5432098765432158,0.3609550561797754,0.6695464362850971,0.16666666666666669,0.0,0.0,0.0,0.0,0.0
0.5,0.7608695652173907,0.7777777777777786,0.2401685393258428,0.693304535637149,0.6707317073170732,0.0,0.0,0.0,0.0,0.0
0.0,0.5543478260869534,0.48148148148148806,0.327247191011236,0.5010799136069113,0.2682926829268293,0.0,0.0,0.0,0.0,0.0
0.0,0.22826086956521152,0.3456790123456841,0.401685393258427,0.5399568034557235,0.25609756097560976,0.0,0.0,0.0,0.0,0.0
0.5,0.2391304347826022,0.308641975308646,0.5997191011235954,0.29157667386609065,0.467479674796748,0.0,0.0,0.0,0.0,0.0
0.5,0.21739130434782084,0.3580246913580325,0.3693820224719102,0.6479481641468683,0.5853658536585367,0.0,0.0,0.0,0.0,0.0
0.5,0.38043478260869534,0.5308641975308674,0.6011235955056178,0.2656587473002159,0.7439024390243903,0.0,0.0,0.0,0.0,0.0
0.5,0.6956521739130395,0.6666666666666714,0.401685393258427,0.36933045356371497,0.5203252032520326,0.0,0.0,0.0,0.0,0.0
1.0,0.7934782608695627,0.5802469135802468,0.4901685393258426,0.3455723542116631,0.31300813008130085,0.0,0.0,0.0,0.0,0.0
1.0,0.2717391304347814,0.20987654320987303,0.4283707865168538,0.3455723542116631,0.23170731707317074,0.0,0.0,0.0,0.0,0.0
0.5,0.4347826086956488,0.5925925925925952,0.4859550561797754,0.4578833693304535,0.06910569105691057,0.0,0.0,0.0,0.0,0.0
0.5,0.3369565217391255,0.5432098765432158,0.3820224719101122,0.47732181425485964,0.3821138211382114,0.0,0.0,0.0,0.0,0.0
0.5,0.6086956521739069,0.6790123456790127,0.8511235955056178,0.1166306695464363,0.4634146341463415,0.0,0.0,0.0,0.0,0.0
0.5,0.7282608695652115,0.5061728395061778,0.4171348314606742,0.4298056155507559,0.8089430894308944,0.0,0.0,0.0,0.0,0.0
1.0,0.3478260869565162,0.48148148148148806,0.5463483146067414,0.2786177105831533,0.5162601626016261,0.0,0.0,0.0,0.0,0.0
0.5,0.5543478260869534,0.49382716049382935,0.4283707865168538,0.3369330453563715,0.7195121951219513,0.0,0.0,0.0,0.0,0.0
0.0,0.5760869565217348,0.6172839506172849,0.4466292134831462,0.5442764578833692,0.7113821138211383,0.0,0.0,0.0,0.0,0.0
0.5,0.30434782608695343,0.24691358024691112,0.4157303370786518,0.5377969762419006,0.5528455284552846,0.0,0.0,0.0,0.0,0.0
0.5,0.3478260869565162,0.3333333333333357,0.7724719101123594,0.12742980561555073,0.032520325203252036,0.0,0.0,0.0,0.0,0.0
0.0,0.22826086956521152,0.3827160493827222,0.1980337078651686,0.7213822894168467,0.6869918699186992,0.0,0.0,0.0,0.0,0.0
0.5,0.20652173913043015,0.3580246913580325,0.830056179775281,0.06263498920086391,0.12195121951219513,0.0,0.0,0.0,0.0,0.0
1.0,0.36956521739129755,0.5432098765432158,0.4536516853932586,0.6609071274298055,0.21544715447154475,0.0,0.0,0.0,0.0,0.0
0.0,0.7608695652173907,0.6666666666666714,0.5056179775280898,0.3758099352051836,0.2967479674796748,0.0,0.0,0.0,0.0,0.0
1.0,0.5108695652173907,0.4197530864197603,0.3932584269662922,0.5529157667386609,0.04471544715447155,0.0,0.0,0.0,0.0,0.0
1.0,0.2608695652173836,0.45679012345679126,0.3904494382022474,0.509719222462203,0.5772357723577236,0.0,0.0,0.0,0.0,0.0
0.5,0.8695652173913047,0.6913580246913611,0.3174157303370786,0.6846652267818574,0.06504065040650407,0.0,0.0,0.0,0.0,0.0
1.0,0.46739130434782794,0.3950617283950635,0.5407303370786518,0.32829373650107985,0.31300813008130085,0.0,0.0,0.0,0.0,0.0
0.5,0.6413043478260789,0.7283950617283992,0.3904494382022474,0.7084233261339092,0.8455284552845529,0.0,0.0,0.0,1.0,0.0
0.5,0.6630434782608603,0.6296296296296333,0.6980337078651686,0.24406047516198692,0.7520325203252033,0.0,0.0,0.0,0.0,0.0
0.5,0.8586956521739069,0.7037037037037024,0.077247191011236,0.7451403887688985,0.91869918699187,0.0,1.0,0.0,1.0,0.0
0.5,0.2608695652173836,0.4074074074074119,0.4985955056179774,0.4989200863930886,0.12195121951219513,0.0,0.0,0.0,0.0,0.0
0.5,0.7499999999999929,0.7283950617283992,0.967696629213483,0.00647948164146861,0.821138211382114,0.0,0.0,0.0,0.0,0.0
0.0,0.28260869565216495,0.2592592592592595,0.6348314606741574,0.3002159827213823,0.5772357723577236,0.0,0.0,0.0,0.0,0.0
1.0,0.7391304347826093,0.6172839506172849,0.5969101123595506,0.22030237580993517,0.32926829268292684,0.0,0.0,0.0,0.0,0.0
1.0,0.3369565217391255,0.4197530864197603,0.4803370786516854,0.41468682505399557,0.34959349593495936,0.0,0.0,0.0,0.0,0.0
0.0,0.4347826086956488,0.5308641975308674,0.2668539325842696,0.5334773218142548,0.8983739837398375,0.0,0.0,0.0,0.0,0.0
0.0,0.9673913043478208,0.9382716049382722,0.6207865168539326,0.37149028077753765,0.10975609756097562,0.0,0.0,0.0,0.0,0.0
0.5,0.5434782608695627,0.7160493827160508,0.6741573033707866,0.29157667386609065,0.15447154471544716,0.0,0.0,0.0,0.0,0.0
1.0,0.7934782608695627,0.654320987654323,0.5730337078651686,0.2980561555075594,0.48373983739837406,0.0,0.0,0.0,0.0,0.0
0.5,0.5108695652173907,0.48148148148148806,0.377808988764045,0.5593952483801296,0.20731707317073172,0.0,0.0,0.0,0.0,0.0
0.5,0.5217391304347814,0.44444444444444997,0.705056179775281,0.1511879049676026,0.8252032520325204,0.0,0.0,0.0,0.0,0.0
0.5,0.7282608695652115,0.6790123456790127,0.9297752808988766,0.1555075593952484,0.1829268292682927,0.0,0.0,0.0,0.0,0.0
0.5,0.5108695652173907,0.4197530864197603,0.9817415730337078,0.07991360691144711,0.34146341463414637,0.0,0.0,0.0,0.0,0.0
0.5,0.3152173913043441,0.3703703703703738,0.8384831460674158,0.16846652267818563,0.14227642276422767,0.0,0.0,0.0,0.0,0.0
0.5,0.6086956521739069,0.5679012345679055,0.1938202247191012,0.6198704103671706,0.6097560975609757,0.0,0.0,0.0,0.0,0.0
1.0,0.5217391304347814,0.5555555555555571,0.3455056179775282,0.4730021598272137,0.83739837398374,0.0,0.0,0.0,0.0,0.0
0.5,0.7717391304347743,0.5432098765432158,0.6488764044943822,0.24838012958963285,0.37804878048780494,0.0,0.0,0.0,0.0,0.0
0.5,0.5543478260869534,0.7037037037037024,0.5182584269662922,0.1879049676025918,0.5487804878048781,0.0,0.0,0.0,0.0,0.0
0.5,0.11956521739129755,0.20987654320987303,0.4620786516853934,0.36069114470842323,0.1869918699186992,0.0,0.0,0.0,0.0,0.0
0.5,0.7717391304347743,0.5555555555555571,0.3047752808988764,0.7257019438444925,0.7113821138211383,0.0,0.0,0.0,0.0,0.0
0.5,0.20652173913043015,0.3580246913580325,0.6362359550561798,0.24190064794816413,0.7804878048780488,0.0,0.0,0.0,0.0,0.0
0.5,0.5434782608695627,0.518518518518519,0.6151685393258426,0.3023758099352052,0.14634146341463417,0.0,0.0,0.0,0.0,0.0
0.5,0.6086956521739069,0.6419753086419746,0.0632022471910112,1.0,0.44308943089430897,0.0,0.0,0.0,0.0,0.0
0.5,0.5108695652173907,0.4197530864197603,0.853932584269663,0.17494600431965435,0.4390243902439025,0.0,0.0,0.0,0.0,0.0
0.5,0.2608695652173836,0.18518518518518334,0.681179775280899,0.2721382289416847,0.12601626016260165,0.0,0.0,0.0,0.0,0.0
0.5,0.6086956521739069,0.6419753086419746,0.6067415730337078,0.25701943844492436,0.7439024390243903,0.0,0.0,0.0,0.0,0.0
1.0,0.6521739130434767,0.6790123456790127,0.3581460674157302,0.48164146868250535,0.02845528455284553,0.0,0.0,0.0,0.0,0.0
1.0,0.22826086956521152,0.3580246913580325,0.3525280898876406,0.5248380129589632,0.7845528455284554,0.0,0.0,0.0,0.0,0.0
1.0,0.8804347826086882,0.7160493827160508,0.5294943820224718,0.3520518358531317,0.4634146341463415,0.0,0.0,0.0,0.0,0.0
0.5,0.22826086956521152,0.3209876543209944,0.9424157303370786,0.036717062634989195,0.0975609756097561,0.0,0.0,0.0,0.0,0.0
0.5,0.30434782608695343,0.2592592592592595,0.5941011235955058,0.2786177105831533,0.5284552845528456,0.0,0.0,0.0,0.0,0.0
0.0,0.4239130434782581,0.3456790123456841,0.223314606741573,0.5917926565874729,0.5975609756097562,0.0,0.0,0.0,0.0,0.0
0.5,0.28260869565216495,0.4197530864197603,0.3848314606741574,0.5248380129589632,0.11382113821138212,0.0,0.0,0.0,0.0,0.0
1.0,0.4891304347826093,0.45679012345679126,0.7977528089887642,0.1490280777537797,0.7032520325203253,0.0,0.0,0.0,0.0,0.0
0.0,0.3152173913043441,0.3333333333333357,0.6952247191011238,0.3131749460043196,0.32926829268292684,0.0,0.0,0.0,0.0,0.0
0.5,0.4021739130434767,0.3703703703703738,0.455056179775281,0.3758099352051836,0.5447154471544716,0.0,0.0,0.0,0.0,0.0
0.5,0.8260869565217348,0.8024691358024683,0.2205056179775282,0.8142548596112309,0.3658536585365854,0.0,0.0,0.0,0.0,0.0
1.0,0.7173913043478208,0.49382716049382935,0.491573033707865,0.3412526997840172,0.8292682926829269,0.0,0.0,0.0,0.0,0.0
0.5,0.4239130434782581,0.5925925925925952,0.7331460674157302,0.20302375809935203,0.38617886178861793,0.0,0.0,0.0,0.0,0.0
1.0,0.3260869565217348,0.2839506172839492,0.3932584269662922,0.48380129589632825,0.7723577235772359,0.0,0.0,0.0,0.0,0.0
0.5,0.22826086956521152,0.4074074074074119,0.1980337078651686,0.7948164146868248,0.7032520325203253,0.0,0.0,0.0,0.0,0.0
1.0,0.6195652173912976,0.8024691358024683,0.6264044943820226,0.2699784017278618,0.2804878048780488,0.0,0.0,0.0,0.0,0.0
0.5,0.44565217391303946,0.44444444444444997,0.580056179775281,0.25269978401727855,0.1626016260162602,0.0,0.0,0.0,0.0,0.0
1.0,0.8695652173913047,0.864197530864196,0.6446629213483146,0.29157667386609065,0.42276422764227645,0.0,0.0,0.0,0.0,0.0
1.0,0.7173913043478208,0.6666666666666714,0.276685393258427,0.6803455723542116,0.7479674796747968,0.0,0.0,0.0,0.0,0.0
0.5,0.2391304347826022,0.3580246913580325,0.4634831460674158,0.4233261339092873,0.13008130081300814,0.0,0.0,0.0,0.0,0.0
1.0,0.7173913043478208,0.6049382716049436,0.321629213483146,0.5701943844492441,0.3617886178861789,0.0,0.0,0.0,0.0,0.0
0.5,0.7391304347826093,0.6172839506172849,0.247191011235955,0.630669546436285,0.16666666666666669,0.0,1.0,0.0,0.0,0.0
0.5,0.7717391304347743,0.5555555555555571,0.2078651685393258,0.548596112311015,0.21544715447154475,0.0,1.0,0.0,0.0,0.0
0.5,0.5543478260869534,0.6790123456790127,0.4058988764044942,0.37149028077753765,0.7601626016260163,0.0,0.0,0.0,0.0,0.0
1.0,0.9239130434782581,0.8518518518518547,0.4831460674157302,0.4708423326133908,0.6463414634146342,0.0,0.0,0.0,0.0,0.0
0.0,0.29347826086956275,0.2839506172839492,0.473314606741573,0.4211663066954643,0.20731707317073172,0.0,0.0,0.0,0.0,0.0
0.5,0.8260869565217348,0.654320987654323,0.8946629213483146,0.09719222462203025,0.5203252032520326,0.0,0.0,0.0,0.0,0.0
0.5,0.8369565217391255,0.6790123456790127,0.2219101123595506,0.6673866090712743,0.7073170731707318,0.0,1.0,0.0,0.0,0.0
0.5,0.28260869565216495,0.19753086419753174,0.9002808988764046,0.13390928725701945,0.020325203252032523,0.0,0.0,0.0,0.0,0.0
0.5,0.6956521739130395,0.6172839506172849,0.8146067415730338,0.12526997840172782,0.012195121951219513,0.0,0.0,0.0,0.0,0.0
0.5,0.9239130434782581,0.8765432098765444,0.327247191011236,0.8336933045356372,0.6341463414634148,0.0,0.0,0.0,0.0,0.0
0.5,0.6304347826086953,0.6296296296296333,0.7598314606741574,0.1598272138228941,0.410569105691057,0.0,0.0,0.0,0.0,0.0
0.5,0.7499999999999929,0.7283950617283992,0.508426966292135,0.3412526997840172,0.6178861788617886,0.0,0.0,0.0,0.0,0.0
1.0,0.44565217391303946,0.4197530864197603,0.2373595505617978,0.531317494600432,0.6991869918699187,0.0,0.0,0.0,0.0,0.0
0.5,0.5108695652173907,0.46913580246913966,0.4536516853932586,0.40388768898488114,0.3536585365853659,0.0,0.0,0.0,0.0,0.0
0.5,0.5760869565217348,0.5555555555555571,0.273876404494382,0.5874730021598271,0.2886178861788618,0.0,0.0,0.0,0.0,0.0
0.5,0.5108695652173907,0.46913580246913966,0.765449438202247,0.12742980561555073,0.15040650406504066,0.0,0.0,0.0,0.0,0.0
0.5,0.3152173913043441,0.2716049382716008,0.5168539325842698,0.3434125269978401,0.7560975609756099,0.0,0.0,0.0,0.0,0.0
0.5,0.45652173913043015,0.4320987654321016,0.8890449438202246,0.06263498920086391,0.06097560975609757,0.0,0.0,0.0,0.0,0.0
0.5,0.25,0.3580246913580325,0.7879213483146066,0.18142548596112307,0.17073170731707318,0.0,0.0,0.0,0.0,0.0
0.5,0.3369565217391255,0.2716049382716008,0.7865168539325842,0.1555075593952484,0.5447154471544716,0.0,0.0,0.0,0.0,0.0
0.5,0.6195652173912976,0.6419753086419746,0.407303370786517,0.5205183585313174,0.47154471544715454,0.0,0.0,0.0,0.0,0.0
0.5,0.9239130434782581,0.864197530864196,0.580056179775281,0.3563714902807775,0.5447154471544716,0.0,0.0,0.0,0.0,0.0
1.0,0.3913043478260789,0.3333333333333357,0.9044943820224718,0.12958963282937364,0.020325203252032523,0.0,0.0,0.0,0.0,0.0
1.0,0.9565217391304373,0.9259259259259238,0.5660112359550562,0.4535637149028078,0.524390243902439,0.0,0.0,0.0,0.0,0.0
0.5,0.2391304347826022,0.3333333333333357,0.3511235955056178,0.6457883369330453,0.8861788617886179,0.0,0.0,0.0,0.0,0.0
0.5,0.30434782608695343,0.308641975308646,0.4747191011235954,0.41468682505399557,0.6138211382113822,0.0,0.0,0.0,0.0,0.0
0.5,0.021739130434781373,0.04938271604938649,0.6558988764044942,0.2742980561555075,0.2723577235772358,0.0,0.0,0.0,0.0,0.0
1.0,0.3152173913043441,0.45679012345679126,0.3160112359550562,0.5701943844492441,0.3089430894308943,0.0,0.0,0.0,0.0,0.0
0.5,0.4239130434782581,0.5802469135802468,0.5435393258426966,0.37149028077753765,0.15040650406504066,0.0,0.0,0.0,0.0,0.0
1.0,0.2391304347826022,0.3333333333333357,0.3089887640449438,0.5226781857451402,0.10162601626016261,0.0,0.0,0.0,0.0,0.0
1.0,0.28260869565216495,0.4197530864197603,0.526685393258427,0.41252699784017277,0.23983739837398377,0.0,0.0,0.0,0.0,0.0
0.5,0.5434782608695627,0.6666666666666714,0.6924157303370786,0.18358531317494597,0.6422764227642277,0.0,0.0,0.0,0.0,0.0
0.5,0.25,0.4074074074074119,0.4325842696629214,0.4989200863930886,0.02845528455284553,0.0,0.0,0.0,0.0,0.0
0.5,0.5652173913043441,0.46913580246913966,0.8342696629213482,0.0755939524838013,0.0,0.0,0.0,0.0,0.0,0.0
0.5,0.44565217391303946,0.3580246913580325,0.3258426966292136,0.7840172786177104,0.7113821138211383,0.0,0.0,0.0,0.0,0.0
0.5,0.5869565217391255,0.6172839506172849,0.327247191011236,0.43844492440604743,0.8699186991869919,0.0,0.0,0.0,0.0,0.0
1.0,0.29347826086956275,0.23456790123456983,0.3876404494382022,0.5248380129589632,0.6626016260162603,0.0,0.0,0.0,0.0,0.0
0.5,0.7173913043478208,0.5925925925925952,0.9957865168539326,0.036717062634989195,0.7195121951219513,0.0,0.0,0.0,0.0,0.0
0.5,0.7065217391304301,0.6172839506172849,0.3623595505617978,0.630669546436285,0.23577235772357727,0.0,0.0,0.0,0.0,0.0
1.0,0.6956521739130395,0.6419753086419746,0.1643258426966292,0.920086393088553,0.14634146341463417,0.0,0.0,0.0,0.0,0.0
0.5,0.4021739130434767,0.5802469135802468,0.279494382022472,0.710583153347732,0.3617886178861789,0.0,0.0,0.0,0.0,0.0
0.5,0.6739130434782581,0.6296296296296333,0.8455056179775282,0.1166306695464363,0.48780487804878053,0.0,0.0,0.0,0.0,0.0
0.5,0.6630434782608603,0.5802469135802468,0.2120786516853932,0.4989200863930886,0.5406504065040652,0.0,0.0,0.0,0.0,0.0
1.0,0.7826086956521721,0.7777777777777786,0.4269662921348314,0.5615550755939525,0.7113821138211383,0.0,0.0,0.0,0.0,0.0
0.5,0.8152173913043441,0.6049382716049436,0.6853932584269662,0.22462203023758098,0.8170731707317074,0.0,0.0,0.0,0.0,0.0
0.5,0.22826086956521152,0.3456790123456841,0.425561797752809,0.6155507559395248,0.30487804878048785,0.0,0.0,0.0,0.0,0.0
0.5,0.38043478260869534,0.3580246913580325,0.348314606741573,0.5529157667386609,0.39430894308943093,0.0,0.0,0.0,0.0,0.0
0.5,0.4782608695652115,0.46913580246913966,0.2373595505617978,0.6393088552915767,0.7479674796747968,0.0,0.0,0.0,0.0,0.0
0.0,0.7499999999999929,0.6913580246913611,0.794943820224719,0.1965442764578833,0.020325203252032523,0.0,0.0,0.0,0.0,0.0
0.5,0.22826086956521152,0.3456790123456841,0.3188202247191012,0.5140388768898487,0.1910569105691057,0.0,0.0,0.0,0.0,0.0
1.0,0.6195652173912976,0.6172839506172849,0.3820224719101122,0.5615550755939525,0.41869918699187,0.0,0.0,0.0,0.0,0.0
0.5,0.3260869565217348,0.2962962962963047,0.9227528089887642,0.030237580993520474,0.3577235772357724,0.0,0.0,0.0,0.0,0.0
0.5,0.18478260869564878,0.23456790123456983,0.6980337078651686,0.33909287257019427,0.0813008130081301,0.0,0.0,0.0,0.0,0.0
0.5,0.36956521739129755,0.49382716049382935,0.5870786516853934,0.3369330453563715,0.7154471544715448,0.0,0.0,0.0,0.0,0.0
0.5,0.2608695652173836,0.44444444444444997,0.997191011235955,0.09719222462203025,0.06097560975609757,0.0,0.0,0.0,0.0,0.0
0.5,0.29347826086956275,0.3827160493827222,0.5589887640449438,0.3455723542116631,0.2967479674796748,0.0,0.0,0.0,0.0,0.0
0.5,0.6630434782608603,0.6296296296296333,0.2514044943820224,0.7149028077753781,0.016260162601626018,0.0,0.0,0.0,0.0,0.0
0.5,0.5326086956521721,0.7283950617283992,0.460674157303371,0.3369330453563715,0.6504065040650407,0.0,0.0,0.0,0.0,0.0
0.5,0.28260869565216495,0.2592592592592595,0.1446629213483146,0.8509719222462202,0.22357723577235775,0.0,0.0,0.0,0.0,0.0
0.5,0.7499999999999929,0.654320987654323,0.3932584269662922,0.5766738660907127,0.6097560975609757,0.0,0.0,0.0,0.0,0.0
1.0,0.6195652173912976,0.6172839506172849,0.4410112359550562,0.3779697624190065,0.47154471544715454,0.0,0.0,0.0,0.0,0.0
1.0,0.4347826086956488,0.3703703703703738,0.2907303370786518,0.630669546436285,0.8739837398373985,0.0,0.0,0.0,0.0,0.0
1.0,0.4021739130434767,0.308641975308646,0.2457865168539326,0.48812095032397407,0.20325203252032523,0.0,0.0,0.0,0.0,0.0
0.5,0.5108695652173907,0.7160493827160508,0.883426966292135,0.17710583153347725,0.3821138211382114,0.0,0.0,0.0,0.0,0.0
0.5,0.38043478260869534,0.5061728395061778,0.6741573033707866,0.17494600431965435,0.2723577235772358,0.0,0.0,0.0,0.0,0.0
1.0,0.2391304347826022,0.3703703703703738,0.3693820224719102,0.710583153347732,0.6829268292682927,0.0,0.0,0.0,0.0,0.0
0.5,0.3260869565217348,0.2839506172839492,0.3637640449438202,0.5874730021598271,0.2642276422764228,0.0,0.0,0.0,0.0,0.0
1.0,0.38043478260869534,0.3456790123456841,0.5533707865168538,0.28293736501079914,0.0,0.0,0.0,0.0,0.0,0.0
1.0,0.7717391304347743,0.6666666666666714,0.9887640449438202,0.049676025917926525,0.8008130081300814,0.0,0.0,0.0,0.0,0.0
1.0,0.1630434782608674,0.20987654320987303,0.3820224719101122,0.6436285097192225,0.41463414634146345,0.0,0.0,0.0,0.0,0.0
0.5,0.7173913043478208,0.6419753086419746,0.5042134831460674,0.35853131749460043,0.410569105691057,0.0,0.0,0.0,0.0,0.0
0.5,0.891304347826086,0.7283950617283992,0.5533707865168538,0.3887688984881209,0.4552845528455285,0.0,0.0,0.0,0.0,0.0
0.5,0.30434782608695343,0.3333333333333357,0.2134831460674158,0.43412526997840173,0.44308943089430897,0.0,0.0,0.0,0.0,0.0
1.0,0.6739130434782581,0.6296296296296333,0.377808988764045,0.5183585313174945,0.6382113821138212,0.0,0.0,0.0,0.0,0.0
0.0,0.7608695652173907,0.5432098765432158,0.2808988764044944,0.49244060475161977,0.0975609756097561,0.0,0.0,0.0,0.0,0.0
0.5,0.6304347826086953,0.5061728395061778,0.4353932584269662,0.40604751619870405,0.6056910569105691,0.0,0.0,0.0,0.0,0.0
0.5,0.22826086956521152,0.4320987654321016,0.5632022471910114,0.49028077753779686,0.7560975609756099,0.0,0.0,0.0,0.0,0.0
0.5,0.7499999999999929,0.6913580246913611,0.279494382022472,0.5680345572354211,0.3821138211382114,0.0,0.0,0.0,0.0,0.0
0.5,0.7717391304347743,0.7283950617283992,0.616573033707865,0.32181425485961124,0.2764227642276423,0.0,0.0,0.0,0.0,0.0
0.5,0.7608695652173907,0.7160493827160508,0.2823033707865168,0.6630669546436283,0.052845528455284556,0.0,0.0,0.0,0.0,0.0
0.5,0.4782608695652115,0.5679012345679055,0.2851123595505618,0.5723542116630669,0.008130081300813009,0.0,0.0,0.0,0.0,0.0
1.0,0.7608695652173907,0.7037037037037024,0.544943820224719,0.2721382289416847,0.06910569105691057,0.0,0.0,0.0,0.0,0.0
1.0,0.5869565217391255,0.6419753086419746,0.2612359550561798,0.6717062634989202,0.25609756097560976,0.0,0.0,0.0,0.0,0.0
1.0,0.9347826086956488,0.9259259259259238,0.3356741573033708,0.6025917926565874,0.8739837398373985,1.0,0.0,0.0,0.0,0.0
0.5,0.2391304347826022,0.3580246913580325,0.580056179775281,0.3434125269978401,0.5731707317073171,0.0,0.0,0.0,0.0,0.0
1.0,0.35869565217391397,0.5061728395061778,0.3314606741573034,0.5356371490280777,0.467479674796748,0.0,0.0,0.0,0.0,0.0
0.5,0.7826086956521721,0.5555555555555571,0.4129213483146066,0.4643628509719222,0.06504065040650407,0.0,0.0,0.0,0.0,0.0
0.5,0.3152173913043441,0.3333333333333357,0.2752808988764046,0.4967602591792656,0.2642276422764228,0.0,0.0,0.0,0.0,0.0
0.5,0.5652173913043441,0.7283950617283992,0.502808988764045,0.5982721382289415,0.6341463414634148,0.0,0.0,0.0,0.0,0.0
0.0,0.18478260869564878,0.2716049382716008,0.931179775280899,0.1555075593952484,0.7276422764227644,0.0,0.0,0.0,0.0,0.0
0.5,0.6847826086956488,0.654320987654323,0.4241573033707866,0.4319654427645788,0.5772357723577236,0.0,0.0,0.0,0.0,0.0
1.0,0.28260869565216495,0.23456790123456983,0.4719101123595506,0.5161987041036716,0.15040650406504066,0.0,0.0,0.0,0.0,0.0
0.5,0.8695652173913047,0.7283950617283992,0.4648876404494382,0.3153347732181425,0.5284552845528456,0.0,0.0,0.0,0.0,0.0
1.0,0.7065217391304301,0.6913580246913611,0.5042134831460674,0.4319654427645788,0.5772357723577236,0.0,0.0,0.0,0.0,0.0
0.5,0.7173913043478208,0.6666666666666714,0.372191011235955,0.5658747300215982,0.05691056910569106,0.0,0.0,0.0,0.0,0.0
0.5,0.5326086956521721,0.5061728395061778,0.6558988764044942,0.20518358531317493,0.052845528455284556,0.0,0.0,0.0,0.0,0.0
1.0,0.4021739130434767,0.5679012345679055,0.7106741573033706,0.20734341252699784,0.410569105691057,0.0,0.0,0.0,0.0,0.0
1.0,0.7717391304347743,0.654320987654323,0.3946629213483146,0.5205183585313174,0.4308943089430895,0.0,0.0,0.0,0.0,0.0
0.5,0.6304347826086953,0.48148148148148806,0.4480337078651686,0.6220302375809934,0.6504065040650407,0.0,0.0,0.0,0.0,0.0
0.5,0.8369565217391255,0.864197530864196,0.5168539325842698,0.4686825053995679,0.451219512195122,0.0,0.0,0.0,0.0,0.0
0.5,0.36956521739129755,0.49382716049382935,0.154494382022472,0.8423326133909286,0.508130081300813,0.0,0.0,0.0,0.0,0.0
1.0,0.5978260869565162,0.7777777777777786,0.3651685393258426,0.7170626349892006,0.6138211382113822,0.0,0.0,0.0,0.0,0.0
0.5,0.7608695652173907,0.654320987654323,0.3441011235955058,0.6004319654427646,0.7073170731707318,0.0,0.0,0.0,0.0,0.0
1.0,0.5543478260869534,0.49382716049382935,0.3974719101123594,0.42548596112311,0.7479674796747968,0.0,0.0,0.0,0.0,0.0
1.0,0.7717391304347743,0.7037037037037024,0.4101123595505618,0.5421166306695464,0.1869918699186992,0.0,0.0,0.0,0.0,0.0
0.5,0.5326086956521721,0.5679012345679055,0.026685393258427004,0.8509719222462202,0.1626016260162602,0.0,0.0,0.0,0.0,0.0
0.0,0.7173913043478208,0.654320987654323,0.2148876404494382,0.9395248380129588,0.451219512195122,0.0,0.0,0.0,0.0,0.0
0.5,0.8478260869565233,0.6913580246913611,0.4087078651685394,0.3174946004319653,0.8739837398373985,0.0,0.0,0.0,0.0,0.0
0.5,0.9130434782608674,0.864197530864196,0.5463483146067414,0.36933045356371497,0.7804878048780488,0.0,0.0,0.0,0.0,0.0
1.0,0.3913043478260789,0.5432098765432158,0.4634831460674158,0.4622030237580993,0.3252032520325204,0.0,0.0,0.0,0.0,0.0
0.0,0.5978260869565162,0.7407407407407405,0.4002808988764046,0.40172786177105835,0.1585365853658537,0.0,0.0,0.0,0.0,0.0
0.5,0.25,0.3333333333333357,0.4691011235955058,0.3045356371490281,0.2682926829268293,0.0,0.0,0.0,0.0,0.0
0.5,0.1521739130434696,0.2592592592592595,0.3047752808988764,0.5917926565874729,0.012195121951219513,0.0,0.0,0.0,0.0,0.0
0.0,0.19565217391303946,0.2839506172839492,0.5280898876404494,0.40388768898488114,0.9308943089430896,0.0,0.0,0.0,0.0,0.0
0.5,0.9456521739130395,0.9382716049382722,0.1558988764044944,0.7451403887688985,0.41463414634146345,0.0,0.0,0.0,0.0,0.0
0.5,0.5434782608695627,0.7037037037037024,0.8089887640449438,0.10151187904967596,0.13821138211382114,0.0,0.0,0.0,0.0,0.0
0.5,0.4347826086956488,0.4074074074074119,0.3314606741573034,0.5723542116630669,0.6422764227642277,0.0,0.0,0.0,0.0,0.0
0.5,0.8804347826086882,0.8148148148148167,0.6980337078651686,0.2267818574514039,0.2723577235772358,0.0,0.0,0.0,0.0,0.0
0.5,0.4891304347826093,0.6790123456790127,0.2612359550561798,0.5637149028077754,0.5934959349593496,0.0,0.0,0.0,0.0,0.0
0.5,0.38043478260869534,0.49382716049382935,0.598314606741573,0.43844492440604743,0.6869918699186992,0.0,0.0,0.0,0.0,0.0
1.0,0.5434782608695627,0.44444444444444997,0.2921348314606742,0.8164146868250539,0.8292682926829269,0.0,0.0,0.0,0.0,0.0
0.5,0.6630434782608603,0.6790123456790127,0.2415730337078652,0.6587473002159827,0.15040650406504066,0.0,0.0,0.0,0.0,0.0
0.5,0.4021739130434767,0.4197530864197603,0.4775280898876406,0.39956803455723544,0.7195121951219513,0.0,0.0,0.0,0.0,0.0
0.5,0.6195652173912976,0.8148148148148167,0.3679775280898878,0.3520518358531317,0.426829268292683,0.0,0.0,0.0,0.0,0.0
0.5,0.7717391304347743,0.7530864197530889,0.6882022471910114,0.21598272138228936,0.853658536585366,0.0,0.0,0.0,0.0,0.0
0.5,0.25,0.46913580246913966,0.609550561797753,0.347732181425486,0.17073170731707318,0.0,0.0,0.0,0.0,0.0
0.5,0.7282608695652115,0.6419753086419746,0.3820224719101122,0.4989200863930886,0.894308943089431,0.0,0.0,0.0,0.0,0.0
0.0,0.2391304347826022,0.46913580246913966,0.681179775280899,0.16846652267818563,0.9756097560975611,0.0,0.0,0.0,0.0,0.0
0.0,0.5652173913043441,0.7283950617283992,0.4536516853932586,0.347732181425486,0.04065040650406505,0.0,0.0,0.0,0.0,0.0
0.5,0.891304347826086,0.7530864197530889,0.3764044943820226,0.5421166306695464,0.7032520325203253,0.0,0.0,0.0,0.0,0.0
0.5,0.9239130434782581,0.864197530864196,0.675561797752809,0.1987041036717062,0.7235772357723578,0.0,0.0,0.0,0.0,0.0
0.5,0.09782608695651618,0.13580246913580396,0.2893258426966292,0.7170626349892006,0.5365853658536586,0.0,0.0,0.0,0.0,0.0
0.5,0.4347826086956488,0.4320987654321016,0.8314606741573034,0.08855291576673863,0.508130081300813,0.0,0.0,0.0,0.0,0.0
0.0,0.7499999999999929,0.7530864197530889,0.2064606741573034,0.9136069114470842,0.12601626016260165,0.0,0.0,0.0,0.0,0.0
0.5,0.7173913043478208,0.518518518518519,0.2682584269662922,0.6133909287257018,0.7317073170731708,0.0,1.0,0.0,0.0,0.0
1.0,0.6195652173912976,0.6913580246913611,0.3806179775280898,0.4622030237580993,0.23170731707317074,0.0,0.0,0.0,0.0,0.0
0.5,0.7173913043478208,0.49382716049382935,0.3384831460674158,0.49028077753779686,0.5691056910569107,0.0,0.0,0.0,0.0,0.0
1.0,0.5543478260869534,0.654320987654323,0.3511235955056178,0.5615550755939525,0.8089430894308944,0.0,0.0,0.0,0.0,0.0
0.5,0.6847826086956488,0.6419753086419746,0.734550561797753,0.20302375809935203,0.7845528455284554,0.0,0.0,0.0,0.0,0.0
1.0,0.3478260869565162,0.46913580246913966,0.1853932584269664,0.6220302375809934,0.5162601626016261,0.0,0.0,0.0,0.0,0.0
0.5,0.5869565217391255,0.7530864197530889,0.3328651685393258,0.5809935205183585,0.48373983739837406,0.0,0.0,0.0,0.0,0.0
1.0,0.8695652173913047,0.7160493827160508,0.5421348314606742,0.3563714902807775,0.1910569105691057,0.0,0.0,0.0,0.0,0.0
1.0,0.6086956521739069,0.8518518518518547,0.5224719101123594,0.44276457883369325,0.44308943089430897,0.0,0.0,0.0,0.0,0.0
0.0,0.2608695652173836,0.3333333333333357,0.1474719101123596,0.6349892008639308,0.3699186991869919,0.0,0.0,0.0,0.0,0.0
1.0,0.21739130434782084,0.3703703703703738,0.5042134831460674,0.36501079913606904,0.7479674796747968,0.0,0.0,0.0,0.0,0.0
1.0,0.38043478260869534,0.5061728395061778,0.2724719101123596,0.6371490280777536,0.10975609756097562,0.0,0.0,0.0,0.0,0.0
0.5,0.22826086956521152,0.3209876543209944,0.348314606741573,0.4946004319654427,0.459349593495935,0.0,0.0,0.0,0.0,0.0
1.0,0.7499999999999929,0.6296296296296333,0.3356741573033708,0.5809935205183585,0.012195121951219513,0.0,0.0,0.0,0.0,0.0
0.5,0.4130434782608674,0.5679012345679055,0.3202247191011236,0.47516198704103674,0.3008130081300813,0.0,0.0,0.0,0.0,0.0
0.5,0.6739130434782581,0.5925925925925952,0.276685393258427,0.6177105831533478,0.6504065040650407,0.0,0.0,0.0,0.0,0.0
0.5,0.21739130434782084,0.2962962962963047,0.6446629213483146,0.36285097192224613,0.83739837398374,0.0,0.0,0.0,0.0,0.0
0.5,0.29347826086956275,0.2592592592592595,0.6179775280898878,0.21166306695464354,0.0975609756097561,0.0,0.0,0.0,0.0,0.0
1.0,0.5652173913043441,0.6790123456790127,0.5168539325842698,0.3563714902807775,0.8333333333333334,0.0,0.0,0.0,0.0,0.0
0.5,0.5978260869565162,0.7654320987654302,0.4424157303370786,0.41468682505399557,0.0934959349593496,0.0,0.0,0.0,0.0,0.0
0.0,0.3913043478260789,0.5925925925925952,0.3455056179775282,0.427645788336933,0.07723577235772358,0.0,0.0,0.0,0.0,0.0
0.5,0.8260869565217348,0.8024691358024683,0.401685393258427,0.4730021598272137,0.8699186991869919,0.0,0.0,0.0,0.0,0.0
0.5,0.6956521739130395,0.5679012345679055,0.300561797752809,0.5291576673866091,0.23170731707317074,0.0,0.0,0.0,0.0,0.0
1.0,0.5869565217391255,0.6790123456790127,0.8230337078651686,0.13822894168466515,0.25609756097560976,0.0,0.0,0.0,0.0,0.0
0.5,0.9021739130434767,0.9012345679012341,0.4929775280898878,0.4233261339092873,0.467479674796748,0.0,0.0,0.0,0.0,0.0
1.0,0.46739130434782794,0.6296296296296333,0.342696629213483,0.6544276457883369,0.39837398373983746,0.0,0.0,0.0,0.0,0.0
0.0,0.5869565217391255,0.5925925925925952,0.5393258426966294,0.40172786177105835,0.524390243902439,0.0,0.0,0.0,0.0,0.0
0.5,0.8804347826086882,0.8148148148148167,0.4157303370786518,0.49028077753779686,0.3739837398373984,0.0,0.0,0.0,0.0,0.0
0.5,0.36956521739129755,0.518518518518519,0.5758426966292134,0.48380129589632825,0.5934959349593496,0.0,0.0,0.0,0.0,0.0
0.5,0.7608695652173907,0.6296296296296333,0.2724719101123596,0.5874730021598271,0.0894308943089431,0.0,1.0,0.0,0.0,0.0
0.5,0.38043478260869534,0.5061728395061778,0.4564606741573034,0.3498920086393087,0.2804878048780488,0.0,0.0,0.0,0.0,0.0
1.0,0.29347826086956275,0.2962962962963047,0.5674157303370786,0.263498920086393,0.12195121951219513,0.0,0.0,0.0,0.0,0.0
0.5,0.9347826086956488,0.9135802469135825,0.5660112359550562,0.25485961123110146,0.4390243902439025,0.0,0.0,0.0,0.0,0.0
0.5,0.38043478260869534,0.518518518518519,0.419943820224719,0.41036717062634986,0.1829268292682927,0.0,0.0,0.0,0.0,0.0
0.5,0.45652173913043015,0.3950617283950635,0.473314606741573,0.3930885529157666,0.49593495934959353,0.0,0.0,0.0,0.0,0.0
1.0,0.7499999999999929,0.7160493827160508,0.2485955056179776,0.710583153347732,0.14634146341463417,0.0,0.0,0.0,0.0,0.0
1.0,0.3152173913043441,0.4197530864197603,0.3848314606741574,0.6241900647948164,0.31300813008130085,0.0,0.0,0.0,0.0,0.0
0.0,0.20652173913043015,0.3456790123456841,0.419943820224719,0.41468682505399557,0.7601626016260163,0.0,0.0,0.0,0.0,0.0
0.5,0.3478260869565162,0.46913580246913966,0.5126404494382022,0.5269978401727862,0.5365853658536586,0.0,0.0,0.0,0.0,0.0
1.0,0.18478260869564878,0.2592592592592595,0.556179775280899,0.3023758099352052,0.3821138211382114,0.0,0.0,0.0,0.0,0.0
0.0,0.21739130434782084,0.3333333333333357,0.4887640449438202,0.33477321814254857,0.06504065040650407,0.0,0.0,0.0,0.0,0.0
0.5,0.6086956521739069,0.6666666666666714,0.4044943820224718,0.41468682505399557,0.3699186991869919,0.0,0.0,0.0,0.0,0.0
0.5,0.6521739130434767,0.5308641975308674,0.6769662921348314,0.24406047516198692,0.0,0.0,0.0,0.0,0.0,0.0
0.5,0.3369565217391255,0.4197530864197603,0.556179775280899,0.3455723542116631,0.5,0.0,0.0,0.0,0.0,0.0
1.0,0.11956521739129755,0.20987654320987303,0.327247191011236,0.6457883369330453,0.853658536585366,0.0,0.0,0.0,0.0,0.0
0.0,0.2608695652173836,0.23456790123456983,0.4985955056179774,0.3930885529157666,0.25609756097560976,0.0,0.0,0.0,0.0,0.0
0.5,0.2391304347826022,0.44444444444444997,0.4157303370786518,0.4168466522678185,0.0894308943089431,0.0,0.0,0.0,0.0,0.0
1.0,0.21739130434782084,0.3333333333333357,0.2626404494382022,0.6565874730021597,0.2886178861788618,0.0,0.0,0.0,0.0,0.0
1.0,0.3260869565217348,0.3333333333333357,0.5000000000000002,0.5032397408207343,0.2804878048780488,0.0,0.0,0.0,0.0,0.0
1.0,0.8586956521739069,0.7160493827160508,0.2148876404494382,0.8228941684665227,0.008130081300813009,0.0,1.0,0.0,0.0,0.0
1.0,0.7499999999999929,0.6172839506172849,0.5870786516853934,0.2786177105831533,0.6747967479674798,0.0,0.0,0.0,0.0,0.0
0.5,0.5869565217391255,0.5061728395061778,0.580056179775281,0.24622030237580994,0.5,0.0,0.0,0.0,0.0,0.0
0.5,0.7282608695652115,0.6419753086419746,0.4382022471910114,0.39956803455723544,0.21138211382113822,0.0,0.0,0.0,0.0,0.0
0.5,0.6630434782608603,0.5802469135802468,0.3553370786516854,0.6393088552915767,0.4390243902439025,0.0,0.0,0.0,0.0,0.0
0.5,0.5978260869565162,0.5555555555555571,0.4339887640449438,0.5658747300215982,0.7601626016260163,0.0,0.0,0.0,0.0,0.0
0.5,0.9130434782608674,0.9135802469135825,0.3132022471910112,0.6155507559395248,0.7439024390243903,0.0,0.0,0.0,0.0,0.0
0.5,0.11956521739129755,0.22222222222222143,0.5140449438202246,0.3455723542116631,0.23577235772357727,0.0,0.0,0.0,0.0,0.0
0.5,0.6630434782608603,0.5925925925925952,0.4115168539325842,0.41252699784017277,0.83739837398374,0.0,0.0,0.0,0.0,0.0
0.5,0.46739130434782794,0.4074074074074119,0.3230337078651686,0.6133909287257018,0.6219512195121952,0.0,0.0,0.0,0.0,0.0
0.5,0.5869565217391255,0.6296296296296333,0.8862359550561798,0.028077753779697567,0.23983739837398377,0.0,0.0,0.0,0.0,0.0
0.5,0.6304347826086953,0.6296296296296333,0.127808988764045,0.7688984881209504,0.6869918699186992,0.0,0.0,0.0,0.0,0.0
0.5,0.4347826086956488,0.3456790123456841,0.5702247191011238,0.2721382289416847,0.3008130081300813,0.0,0.0,0.0,0.0,0.0
0.5,0.14130434782608603,0.23456790123456983,0.3876404494382022,0.43412526997840173,0.3902439024390244,0.0,0.0,0.0,0.0,0.0
0.5,0.3152173913043441,0.3827160493827222,0.2514044943820224,0.8034557235421165,0.11382113821138212,0.0,0.0,0.0,0.0,0.0
0.5,0.3913043478260789,0.3703703703703738,0.5463483146067414,0.3023758099352052,0.3252032520325204,0.0,0.0,0.0,0.0,0.0
1.0,0.29347826086956275,0.2839506172839492,0.6137640449438202,0.20086393088552912,0.30487804878048785,0.0,0.0,0.0,0.0,0.0
0.5,0.38043478260869534,0.5308641975308674,0.4269662921348314,0.4600431965442764,0.6178861788617886,0.0,0.0,0.0,0.0,0.0
0.5,0.5434782608695627,0.6913580246913611,0.4803370786516854,0.44492440604751615,0.426829268292683,0.0,0.0,0.0,0.0,0.0
0.5,0.6195652173912976,0.5925925925925952,0.3160112359550562,0.5809935205183585,0.821138211382114,0.0,0.0,0.0,0.0,0.0
0.5,0.8369565217391255,0.6790123456790127,0.25,0.593952483801296,0.4308943089430895,0.0,1.0,0.0,0.0,0.0
0.5,0.6739130434782581,0.6172839506172849,0.3384831460674158,0.6695464362850971,0.0894308943089431,0.0,0.0,0.0,0.0,0.0
0.5,0.3913043478260789,0.5802469135802468,0.9101123595505618,0.11447084233261329,0.32926829268292684,0.0,0.0,0.0,0.0,0.0
0.5,0.6739130434782581,0.6049382716049436,0.3792134831460674,0.5161987041036716,0.8455284552845529,0.0,0.0,0.0,0.0,0.0
0.5,0.7717391304347743,0.5555555555555571,0.6320224719101122,0.17062634989200864,0.6666666666666667,0.0,0.0,0.0,0.0,0.0
0.5,0.5434782608695627,0.5679012345679055,0.4213483146067414,0.6803455723542116,0.20325203252032523,0.0,0.0,0.0,0.0,0.0
0.5,0.6521739130434767,0.5802469135802468,0.4508426966292134,0.5853131749460043,0.7845528455284554,0.0,0.0,0.0,0.0,0.0
1.0,0.4347826086956488,0.4320987654321016,0.5660112359550562,0.3844492440604751,0.524390243902439,0.0,0.0,0.0,0.0,0.0
0.0,0.29347826086956275,0.3827160493827222,0.3202247191011236,0.7278617710583153,0.2967479674796748,0.0,0.0,0.0,0.0,0.0
0.5,0.5217391304347814,0.7037037037037024,0.3693820224719102,0.44276457883369325,0.5975609756097562,0.0,0.0,0.0,0.0,0.0
0.5,0.4239130434782581,0.5555555555555571,0.7219101123595506,0.2267818574514039,0.04878048780487805,0.0,0.0,0.0,0.0,0.0
1.0,0.4130434782608674,0.3827160493827222,0.4325842696629214,0.4514038876889849,0.8495934959349595,0.0,0.0,0.0,0.0,0.0
0.0,0.9673913043478208,0.9629629629629619,0.6235955056179774,0.2613390928725702,0.3699186991869919,0.0,0.0,0.0,0.0,0.0
0.5,0.4891304347826093,0.518518518518519,0.5196629213483146,0.3563714902807775,0.6382113821138212,0.0,0.0,0.0,0.0,0.0
0.0,0.5434782608695627,0.49382716049382935,0.377808988764045,0.4622030237580993,0.5650406504065041,0.0,0.0,0.0,0.0,0.0
0.5,0.46739130434782794,0.654320987654323,0.7373595505617978,0.2354211663066954,0.49593495934959353,0.0,0.0,0.0,0.0,0.0
1.0,0.46739130434782794,0.6419753086419746,0.4087078651685394,0.4233261339092873,0.2601626016260163,0.0,0.0,0.0,0.0,0.0
0.0,0.3913043478260789,0.3333333333333357,0.6306179775280898,0.25269978401727855,0.06910569105691057,0.0,0.0,0.0,0.0,0.0
0.0,0.7608695652173907,0.5432098765432158,0.7092696629213482,0.22246220302375808,0.467479674796748,0.0,0.0,0.0,0.0,0.0
0.5,0.3913043478260789,0.518518518518519,0.4452247191011238,0.5205183585313174,0.467479674796748,0.0,0.0,0.0,0.0,0.0
0.5,0.2717391304347814,0.4320987654321016,0.2654494382022472,0.5874730021598271,0.06097560975609757,0.0,0.0,0.0,0.0,0.0
0.5,0.4782608695652115,0.6790123456790127,0.2373595505617978,0.6911447084233262,0.7154471544715448,0.0,0.0,0.0,0.0,0.0
0.5,0.46739130434782794,0.6419753086419746,0.4269662921348314,0.48380129589632825,0.6666666666666667,0.0,0.0,0.0,0.0,0.0
0.5,0.29347826086956275,0.22222222222222143,0.6109550561797754,0.32613390928725705,0.12601626016260165,0.0,0.0,0.0,0.0,0.0
0.5,0.2391304347826022,0.3580246913580325,0.2879213483146068,0.6069114470842332,0.8252032520325204,0.0,0.0,0.0,0.0,0.0
0.5,0.5543478260869534,0.6049382716049436,0.3455056179775282,0.5788336933045355,0.07723577235772358,0.0,0.0,0.0,0.0,0.0
1.0,0.2717391304347814,0.23456790123456983,0.2373595505617978,0.6328293736501078,0.41463414634146345,0.0,0.0,0.0,0.0,0.0
0.5,0.3478260869565162,0.4074074074074119,0.3862359550561798,0.5334773218142548,0.8821138211382115,0.0,0.0,0.0,0.0,0.0
0.5,0.9565217391304373,0.9753086419753103,0.5238764044943822,0.37365010799136056,0.524390243902439,0.0,0.0,0.0,0.0,0.0
0.5,0.6195652173912976,0.6419753086419746,0.8792134831460674,0.12095032397408201,0.7804878048780488,0.0,0.0,0.0,0.0,0.0
0.5,0.3478260869565162,0.5432098765432158,0.8792134831460674,0.19006479481641458,0.0813008130081301,0.0,0.0,0.0,0.0,0.0
0.5,0.2717391304347814,0.3333333333333357,0.7780898876404494,0.1598272138228941,0.5934959349593496,0.0,0.0,0.0,0.0,0.0
1.0,0.8695652173913047,0.8395061728395063,0.6896067415730338,0.2721382289416847,0.3089430894308943,0.0,0.0,0.0,0.0,0.0
0.5,0.4782608695652115,0.4320987654321016,0.8398876404494382,0.20518358531317493,0.8170731707317074,0.0,0.0,0.0,0.0,0.0
0.5,0.4999999999999929,0.4320987654321016,0.6193820224719102,0.3131749460043196,0.426829268292683,0.0,0.0,0.0,0.0,0.0
0.5,0.6195652173912976,0.6172839506172849,0.2921348314606742,0.5377969762419006,0.5,0.0,0.0,0.0,0.0,0.0
0.5,0.4891304347826093,0.6790123456790127,0.491573033707865,0.3412526997840172,0.5569105691056911,0.0,0.0,0.0,0.0,0.0
0.5,0.6304347826086953,0.6666666666666714,0.3455056179775282,0.48380129589632825,0.5,0.0,0.0,0.0,0.0,0.0
1.0,0.36956521739129755,0.46913580246913966,0.2963483146067416,0.5593952483801296,0.459349593495935,0.0,0.0,0.0,0.0,0.0
0.5,0.7826086956521721,0.5679012345679055,0.7092696629213482,0.24838012958963285,0.2682926829268293,0.0,0.0,0.0,0.0,0.0
0.0,0.4891304347826093,0.4074074074074119,0.3988764044943822,0.37149028077753765,0.7845528455284554,0.0,0.0,0.0,0.0,0.0
0.5,0.7391304347826093,0.6419753086419746,0.6671348314606742,0.22030237580993517,0.7560975609756099,0.0,0.0,0.0,0.0,0.0
0.0,0.7173913043478208,0.654320987654323,0.3469101123595506,0.6414686825053995,0.7073170731707318,0.0,0.0,0.0,0.0,0.0
0.5,0.3260869565217348,0.2716049382716008,0.353932584269663,0.427645788336933,0.5813008130081302,0.0,0.0,0.0,0.0,0.0
1.0,0.7391304347826093,0.7160493827160508,0.2219101123595506,0.6630669546436283,0.4024390243902439,0.0,0.0,0.0,0.0,0.0
1.0,0.9347826086956488,0.9135802469135825,0.4213483146067414,0.5853131749460043,0.2886178861788618,0.0,0.0,0.0,0.0,0.0
1.0,0.30434782608695343,0.24691358024691112,0.3679775280898878,0.6025917926565874,0.2967479674796748,0.0,0.0,0.0,0.0,0.0
0.5,0.20652173913043015,0.3209876543209944,0.6643258426966294,0.22030237580993517,0.5040650406504066,0.0,0.0,0.0,0.0,0.0
1.0,0.7282608695652115,0.5925925925925952,0.2780898876404494,0.8272138228941683,0.8170731707317074,0.0,0.0,0.0,0.0,0.0
0.5,0.2608695652173836,0.4320987654321016,0.2921348314606742,0.5269978401727862,0.6463414634146342,0.0,0.0,0.0,0.0,0.0
0.5,0.4239130434782581,0.6172839506172849,0.5014044943820226,0.3498920086393087,0.7113821138211383,0.0,0.0,0.0,0.0,0.0
1.0,0.9021739130434767,0.7530864197530889,0.3497191011235954,0.48380129589632825,0.6097560975609757,0.0,0.0,0.0,0.0,0.0
1.0,0.25,0.3580246913580325,0.5646067415730338,0.4730021598272137,0.3658536585365854,0.0,0.0,0.0,0.0,0.0
1.0,0.20652173913043015,0.2716049382716008,0.6306179775280898,0.3758099352051836,0.6341463414634148,0.0,0.0,0.0,0.0,0.0
0.0,0.4999999999999929,0.5061728395061778,0.3047752808988764,0.6177105831533478,0.48373983739837406,0.0,0.0,0.0,0.0,0.0
0.5,0.5434782608695627,0.5061728395061778,0.3750000000000002,0.75377969762419,0.5487804878048781,0.0,0.0,0.0,0.0,0.0
1.0,0.6956521739130395,0.5679012345679055,0.848314606741573,0.14254859611231097,0.13414634146341464,0.0,0.0,0.0,0.0,0.0
0.5,0.5652173913043441,0.7777777777777786,0.4143258426966294,0.40820734341252696,0.6219512195121952,0.0,0.0,0.0,0.0,0.0
1.0,0.5978260869565162,0.6790123456790127,0.4283707865168538,0.4319654427645788,0.3536585365853659,0.0,0.0,0.0,0.0,0.0
0.5,0.5434782608695627,0.4197530864197603,0.7247191011235954,0.22030237580993517,0.7235772357723578,0.0,0.0,0.0,0.0,0.0
0.0,0.6521739130434767,0.5802469135802468,0.4985955056179774,0.3952483801295895,0.2642276422764228,0.0,0.0,0.0,0.0,0.0
0.5,0.29347826086956275,0.4197530864197603,0.407303370786517,0.5226781857451402,0.5040650406504066,0.0,0.0,0.0,0.0,0.0
0.5,0.3152173913043441,0.3333333333333357,0.6783707865168538,0.3131749460043196,0.3008130081300813,0.0,0.0,0.0,0.0,0.0
0.5,0.29347826086956275,0.3827160493827222,0.8525280898876406,0.1533477321814254,0.7845528455284554,0.0,0.0,0.0,0.0,0.0
1.0,0.9673913043478208,0.9629629629629619,0.5252808988764046,0.37149028077753765,0.6666666666666667,0.0,0.0,0.0,0.0,0.0
0.0,0.30434782608695343,0.46913580246913966,0.4873595505617978,0.43412526997840173,0.2642276422764228,0.0,0.0,0.0,0.0,0.0
0.5,0.7065217391304301,0.5925925925925952,0.5126404494382022,0.3023758099352052,0.37804878048780494,0.0,0.0,0.0,0.0,0.0
0.5,0.3152173913043441,0.3209876543209944,0.5407303370786518,0.3434125269978401,0.3739837398373984,0.0,0.0,0.0,0.0,0.0
0.5,0.7282608695652115,0.6419753086419746,0.5000000000000002,0.3045356371490281,0.052845528455284556,0.0,0.0,0.0,0.0,0.0
0.5,0.1630434782608674,0.2839506172839492,0.5308988764044942,0.3930885529157666,0.03658536585365854,0.0,0.0,0.0,0.0,0.0
1.0,0.5543478260869534,0.6049382716049436,0.372191011235955,0.5356371490280777,0.08536585365853659,0.0,0.0,0.0,0.0,0.0
0.5,0.45652173913043015,0.44444444444444997,0.5533707865168538,0.3563714902807775,0.05691056910569106,0.0,0.0,0.0,0.0,0.0
1.0,0.45652173913043015,0.4320987654321016,0.4382022471910114,0.4643628509719222,0.06910569105691057,0.0,0.0,0.0,0.0,0.0
0.5,0.9021739130434767,0.864197530864196,0.3455056179775282,0.5961123110151187,0.8048780487804879,0.0,0.0,0.0,0.0,0.0
0.5,0.5217391304347814,0.5925925925925952,0.4339887640449438,0.6652267818574513,0.451219512195122,0.0,0.0,0.0,0.0,0.0
0.5,0.6195652173912976,0.5679012345679055,0.609550561797753,0.3110151187904967,0.5121951219512195,0.0,0.0,0.0,0.0,0.0
0.5,0.2391304347826022,0.3209876543209944,0.5646067415730338,0.2764578833693304,0.13008130081300814,0.0,0.0,0.0,0.0,0.0
1.0,0.9021739130434767,0.7777777777777786,0.353932584269663,0.3844492440604751,0.39837398373983746,0.0,0.0,0.0,0.0,0.0
0.5,0.6304347826086953,0.6172839506172849,0.2120786516853932,0.6069114470842332,0.4308943089430895,0.0,0.0,0.0,0.0,0.0
0.0,0.4239130434782581,0.6172839506172849,0.6362359550561798,0.20086393088552912,0.0934959349593496,0.0,0.0,0.0,0.0,0.0
0.5,0.22826086956521152,0.3456790123456841,0.8117977528089886,0.1533477321814254,0.3089430894308943,0.0,0.0,0.0,0.0,0.0
0.5,0.5652173913043441,0.7037037037037024,0.3637640449438202,0.5809935205183585,0.21544715447154475,0.0,0.0,0.0,0.0,0.0
0.5,0.6956521739130395,0.6049382716049436,0.1685393258426966,0.855291576673866,0.17073170731707318,0.0,0.0,0.0,0.0,0.0
0.5,0.5760869565217348,0.654320987654323,0.5056179775280898,0.3153347732181425,0.3617886178861789,0.0,0.0,0.0,0.0,0.0
0.5,0.7173913043478208,0.654320987654323,0.2387640449438202,0.5118790496760258,0.5284552845528456,0.0,0.0,0.0,0.0,0.0
0.0,0.891304347826086,0.7407407407407405,0.5632022471910114,0.2721382289416847,0.5813008130081302,0.0,0.0,0.0,0.0,0.0
1.0,0.6086956521739069,0.654320987654323,0.5238764044943822,0.40388768898488114,0.5162601626016261,0.0,0.0,0.0,0.0,0.0
0.5,0.3369565217391255,0.3703703703703738,0.2851123595505618,0.5356371490280777,0.5487804878048781,0.0,0.0,0.0,0.0,0.0
0.5,0.20652173913043015,0.2839506172839492,0.4087078651685394,0.509719222462203,0.6585365853658537,0.0,0.0,0.0,0.0,0.0
0.5,0.5434782608695627,0.46913580246913966,0.4087078651685394,0.40172786177105835,0.14227642276422767,0.0,0.0,0.0,0.0,0.0
1.0,0.4239130434782581,0.3333333333333357,0.4985955056179774,0.386609071274298,0.39837398373983746,0.0,0.0,0.0,0.0,0.0
0.5,0.22826086956521152,0.3456790123456841,0.4044943820224718,0.5140388768898487,0.1829268292682927,0.0,0.0,0.0,0.0,0.0
0.5,0.45652173913043015,0.4320987654321016,0.7120786516853934,0.1965442764578833,0.4390243902439025,0.0,0.0,0.0,0.0,0.0
0.5,0.9456521739130395,0.9382716049382722,0.4873595505617978,0.3174946004319653,0.8577235772357724,0.0,0.0,0.0,0.0,0.0
0.5,0.14130434782608603,0.22222222222222143,0.5252808988764046,0.32397408207343414,0.24390243902439027,0.0,0.0,0.0,0.0,0.0
0.5,0.4782608695652115,0.6419753086419746,0.2823033707865168,0.6069114470842332,0.7642276422764228,0.0,0.0,0.0,0.0,0.0
0.5,0.5217391304347814,0.4197530864197603,0.2387640449438202,0.8336933045356372,0.34959349593495936,0.0,0.0,0.0,0.0,0.0
0.5,0.9239130434782581,0.8518518518518547,0.7752808988764046,0.12526997840172782,0.6260162601626017,0.0,0.0,0.0,0.0,0.0
0.5,0.8260869565217348,0.6790123456790127,0.633426966292135,0.36285097192224613,0.2886178861788618,0.0,0.0,0.0,0.0,0.0
0.5,0.29347826086956275,0.4320987654321016,0.273876404494382,0.6393088552915767,0.3821138211382114,0.0,0.0,0.0,0.0,0.0
0.5,0.5652173913043441,0.48148148148148806,0.2570224719101124,0.6501079913606911,0.8902439024390245,0.0,0.0,0.0,0.0,0.0
0.5,0.7934782608695627,0.7777777777777786,0.6896067415730338,0.2613390928725702,0.28455284552845533,0.0,0.0,0.0,0.0,0.0
0.5,0.5978260869565162,0.7407407407407405,0.6629213483146066,0.2613390928725702,0.04878048780487805,0.0,0.0,0.0,0.0,0.0
1.0,0.30434782608695343,0.24691358024691112,0.353932584269663,0.44924406047516185,0.5975609756097562,0.0,0.0,0.0,0.0,0.0
0.0,0.5869565217391255,0.49382716049382935,0.6179775280898878,0.2721382289416847,0.0,0.0,0.0,0.0,0.0,0.0
1.0,0.4347826086956488,0.44444444444444997,0.4775280898876406,0.3844492440604751,0.8292682926829269,0.0,0.0,0.0,0.0,0.0
0.5,0.4999999999999929,0.44444444444444997,0.407303370786517,0.43844492440604743,0.23983739837398377,0.0,0.0,0.0,0.0,0.0
0.0,0.7391304347826093,0.5432098765432158,0.6067415730337078,0.21166306695464354,0.7154471544715448,0.0,0.0,0.0,0.0,0.0
0.5,0.3913043478260789,0.5555555555555571,0.3202247191011236,0.5701943844492441,0.821138211382114,0.0,0.0,0.0,0.0,0.0
0.5,0.3152173913043441,0.3950617283950635,0.7780898876404494,0.1166306695464363,0.10569105691056911,0.0,0.0,0.0,0.0,0.0
0.0,0.1521739130434696,0.22222222222222143,0.5955056179775282,0.29157667386609065,0.15447154471544716,0.0,0.0,0.0,0.0,0.0
0.5,0.5869565217391255,0.5802469135802468,0.2570224719101124,0.7019438444924406,0.8333333333333334,0.0,0.0,0.0,0.0,0.0
0.5,0.9021739130434767,0.7530864197530889,0.5393258426966294,0.25053995680345564,0.39430894308943093,0.0,0.0,0.0,0.0,0.0
0.5,0.3152173913043441,0.2716049382716008,0.8230337078651686,0.1533477321814254,0.7642276422764228,0.0,0.0,0.0,0.0,0.0
0.5,0.6086956521739069,0.7777777777777786,0.3623595505617978,0.5118790496760258,0.853658536585366,0.0,0.0,0.0,0.0,0.0
0.5,0.09782608695651618,0.19753086419753174,0.4101123595505618,0.36501079913606904,0.1788617886178862,0.0,0.0,0.0,0.0,0.0
1.0,0.38043478260869534,0.3580246913580325,0.5828651685393258,0.32397408207343414,0.21138211382113822,0.0,0.0,0.0,0.0,0.0
0.5,0.21739130434782084,0.3456790123456841,0.4508426966292134,0.4730021598272137,0.5772357723577236,0.0,0.0,0.0,0.0,0.0
0.5,0.6086956521739069,0.6666666666666714,0.3286516853932584,0.44492440604751615,0.0975609756097561,0.0,0.0,0.0,0.0,0.0
0.5,0.46739130434782794,0.4074074074074119,0.273876404494382,0.6868250539956802,0.6585365853658537,0.0,0.0,0.0,0.0,0.0
0.0,0.3478260869565162,0.45679012345679126,0.5477528089887642,0.3434125269978401,0.39430894308943093,0.0,0.0,0.0,0.0,0.0
1.0,0.7282608695652115,0.6296296296296333,0.842696629213483,0.06479481641468682,0.7723577235772359,0.0,0.0,0.0,0.0,0.0
1.0,0.6739130434782581,0.6172839506172849,0.3806179775280898,0.4168466522678185,0.06910569105691057,0.0,0.0,0.0,0.0,0.0
1.0,0.8369565217391255,0.827160493827158,0.6488764044943822,0.20518358531317493,0.524390243902439,0.0,0.0,0.0,0.0,0.0
1.0,0.5869565217391255,0.6419753086419746,0.4002808988764046,0.4686825053995679,0.4552845528455285,0.0,0.0,0.0,0.0,0.0
1.0,0.8804347826086882,0.7654320987654302,0.3314606741573034,0.6652267818574513,0.1585365853658537,0.0,0.0,0.0,0.0,0.0
1.0,0.6413043478260789,0.6172839506172849,0.2963483146067416,0.49028077753779686,0.6829268292682927,0.0,0.0,0.0,0.0,0.0
0.5,0.5434782608695627,0.7654320987654302,0.598314606741573,0.3002159827213823,0.7195121951219513,0.0,0.0,0.0,0.0,0.0
0.5,0.9347826086956488,0.9135802469135825,0.6769662921348314,0.20518358531317493,0.0,0.0,0.0,0.0,0.0,0.0
0.5,0.20652173913043015,0.3580246913580325,0.6587078651685394,0.25917926565874727,0.21138211382113822,0.0,0.0,0.0,0.0,0.0
0.5,0.38043478260869534,0.6049382716049436,0.8707865168539326,0.11447084233261329,0.8495934959349595,0.0,0.0,0.0,0.0,0.0
1.0,0.7499999999999929,0.7037037037037024,0.5000000000000002,0.32397408207343414,0.0975609756097561,0.0,0.0,0.0,0.0,0.0
0.5,0.10869565217390686,0.19753086419753174,0.5393258426966294,0.24406047516198692,0.020325203252032523,0.0,0.0,0.0,0.0,0.0
0.0,0.5978260869565162,0.6296296296296333,0.6109550561797754,0.2742980561555075,0.1626016260162602,0.0,0.0,0.0,0.0,0.0
0.5,0.4239130434782581,0.4074074074074119,0.3160112359550562,0.5853131749460043,0.0,0.0,0.0,0.0,0.0,0.0
1.0,0.7608695652173907,0.7530864197530889,0.9775280898876406,0.06263498920086391,0.5040650406504066,0.0,0.0,0.0,0.0,0.0
0.5,0.5326086956521721,0.45679012345679126,0.4831460674157302,0.36501079913606904,0.7886178861788619,0.0,0.0,0.0,0.0,0.0
0.5,0.38043478260869534,0.48148148148148806,0.4775280898876406,0.4708423326133908,0.6707317073170732,0.0,0.0,0.0,0.0,0.0
1.0,0.4021739130434767,0.5679012345679055,0.6348314606741574,0.3110151187904967,0.6829268292682927,0.0,0.0,0.0,0.0,0.0
1.0,0.3913043478260789,0.5432098765432158,0.4227528089887642,0.43844492440604743,0.24796747967479676,0.0,0.0,0.0,0.0,0.0
0.5,0.2608695652173836,0.18518518518518334,0.2935393258426966,0.4946004319654427,0.8008130081300814,0.0,0.0,0.0,0.0,0.0
0.5,0.5217391304347814,0.6913580246913611,0.4157303370786518,0.4190064794816414,0.5406504065040652,0.0,0.0,0.0,0.0,0.0
0.5,0.5760869565217348,0.518518518518519,0.4171348314606742,0.509719222462203,0.6219512195121952,0.0,0.0,0.0,0.0,0.0
1.0,0.7826086956521721,0.7777777777777786,0.4747191011235954,0.43412526997840173,0.7073170731707318,0.0,0.0,0.0,0.0,0.0
0.5,0.7826086956521721,0.5679012345679055,0.2008426966292136,0.8293736501079914,0.22357723577235775,0.0,1.0,0.0,0.0,0.0
0.5,0.22826086956521152,0.3456790123456841,0.4396067415730338,0.3520518358531317,0.5121951219512195,0.0,0.0,0.0,0.0,0.0
0.5,0.5652173913043441,0.7654320987654302,0.5098314606741574,0.4168466522678185,0.8252032520325204,0.0,0.0,0.0,0.0,0.0
0.5,0.8478260869565233,0.6666666666666714,0.3328651685393258,0.771058315334773,0.459349593495935,0.0,0.0,0.0,0.0,0.0
1.0,0.3913043478260789,0.48148148148148806,0.3525280898876406,0.5118790496760258,0.7317073170731708,0.0,0.0,0.0,0.0,0.0
1.0,0.891304347826086,0.8888888888888857,0.4873595505617978,0.3110151187904967,0.4471544715447155,0.0,0.0,0.0,0.0,0.0
0.5,0.6086956521739069,0.5802469135802468,0.3806179775280898,0.4967602591792656,0.17479674796747968,0.0,0.0,0.0,0.0,0.0
0.5,0.7499999999999929,0.7407407407407405,0.2064606741573034,0.7451403887688985,0.6260162601626017,0.0,0.0,0.0,0.0,0.0
0.5,0.7391304347826093,0.5432098765432158,0.5056179775280898,0.33909287257019427,0.6666666666666667,0.0,0.0,0.0,0.0,0.0
0.5,0.29347826086956275,0.23456790123456983,0.717696629213483,0.1943844492440605,0.6869918699186992,0.0,0.0,0.0,0.0,0.0
1.0,0.7065217391304301,0.6666666666666714,0.5814606741573034,0.20950323974082075,0.7195121951219513,0.0,0.0,0.0,0.0,0.0
1.0,0.6956521739130395,0.6666666666666714,0.5547752808988766,0.44060475161987034,0.7073170731707318,0.0,0.0,0.0,0.0,0.0
0.5,0.2717391304347814,0.2592592592592595,0.5337078651685394,0.3066954643628509,0.21544715447154475,0.0,0.0,0.0,0.0,0.0
1.0,0.7934782608695627,0.8024691358024683,0.3862359550561798,0.40388768898488114,0.13821138211382114,0.0,0.0,0.0,0.0,0.0
0.5,0.8152173913043441,0.8024691358024683,0.7008426966292134,0.2332613390928725,0.23577235772357727,0.0,0.0,0.0,0.0,0.0
0.5,0.4999999999999929,0.5555555555555571,0.4157303370786518,0.5658747300215982,0.7032520325203253,0.0,0.0,0.0,0.0,0.0
0.5,0.2391304347826022,0.3827160493827222,0.5674157303370786,0.3196544276457882,0.6747967479674798,0.0,0.0,0.0,0.0,0.0
0.5,0.3478260869565162,0.2839506172839492,0.3103932584269664,0.6047516198704104,0.13008130081300814,0.0,0.0,0.0,0.0,0.0
0.5,0.28260869565216495,0.3456790123456841,0.7022471910112358,0.18142548596112307,0.25609756097560976,0.0,0.0,0.0,0.0,0.0
0.5,0.2391304347826022,0.3827160493827222,0.491573033707865,0.4622030237580993,0.9065040650406505,0.0,0.0,0.0,0.0,0.0
0.5,0.6630434782608603,0.6296296296296333,0.348314606741573,0.5226781857451402,0.08536585365853659,0.0,0.0,0.0,0.0,0.0
0.5,0.5652173913043441,0.7530864197530889,0.580056179775281,0.3174946004319653,0.3536585365853659,0.0,0.0,0.0,0.0,0.0
0.5,0.7499999999999929,0.6296296296296333,0.2808988764044944,0.5788336933045355,0.1829268292682927,0.0,0.0,0.0,0.0,0.0
1.0,0.5326086956521721,0.7283950617283992,0.396067415730337,0.4600431965442764,0.3170731707317074,0.0,0.0,0.0,0.0,0.0
0.0,0.36956521739129755,0.49382716049382935,0.7219101123595506,0.20950323974082075,0.3008130081300813,0.0,0.0,0.0,0.0,0.0
0.0,0.8804347826086882,0.7654320987654302,0.4929775280898878,0.28293736501079914,0.853658536585366,0.0,0.0,0.0,0.0,0.0
0.5,0.44565217391303946,0.3950617283950635,0.3609550561797754,0.48380129589632825,0.3536585365853659,0.0,0.0,0.0,0.0,0.0
0.0,0.4999999999999929,0.5679012345679055,0.4943820224719102,0.5140388768898487,0.6260162601626017,0.0,0.0,0.0,0.0,0.0
0.5,0.7717391304347743,0.5802469135802468,0.383426966292135,0.593952483801296,0.5162601626016261,0.0,0.0,0.0,0.0,0.0
1.0,0.5217391304347814,0.48148148148148806,0.271067415730337,0.6911447084233262,0.5975609756097562,0.0,0.0,0.0,0.0,0.0
1.0,0.25,0.3333333333333357,0.3019662921348314,0.4708423326133908,0.8739837398373985,0.0,0.0,0.0,0.0,0.0
1.0,0.8695652173913047,0.827160493827158,0.4522471910112358,0.40604751619870405,0.2764227642276423,0.0,0.0,0.0,0.0,0.0
0.5,0.29347826086956275,0.48148148148148806,0.6320224719101122,0.3174946004319653,0.16666666666666669,0.0,0.0,0.0,0.0,0.0
0.5,0.5217391304347814,0.45679012345679126,0.5294943820224718,0.5961123110151187,0.10569105691056911,0.0,0.0,0.0,0.0,0.0
0.5,0.28260869565216495,0.3580246913580325,0.4002808988764046,0.3434125269978401,0.6829268292682927,0.0,0.0,0.0,0.0,0.0
0.5,0.36956521739129755,0.3456790123456841,0.5070224719101122,0.32613390928725705,0.6463414634146342,0.0,0.0,0.0,0.0,0.0
0.0,0.7608695652173907,0.7530864197530889,0.4101123595505618,0.49028077753779686,0.15447154471544716,0.0,0.0,0.0,0.0,0.0
1.0,0.5652173913043441,0.7283950617283992,0.4115168539325842,0.41036717062634986,0.8089430894308944,0.0,0.0,0.0,0.0,0.0
0.5,0.7826086956521721,0.790123456790127,0.4929775280898878,0.39956803455723544,0.012195121951219513,0.0,0.0,0.0,0.0,0.0
1.0,0.4782608695652115,0.4320987654321016,0.705056179775281,0.19006479481641458,0.7276422764227644,0.0,0.0,0.0,0.0,0.0
0.5,0.6847826086956488,0.6419753086419746,0.6306179775280898,0.24838012958963285,0.7682926829268294,0.0,0.0,0.0,0.0,0.0
0.5,0.3478260869565162,0.3333333333333357,0.4634831460674158,0.29157667386609065,0.6991869918699187,0.0,0.0,0.0,0.0,0.0
1.0,0.44565217391303946,0.4320987654321016,0.4030898876404494,0.5248380129589632,0.5487804878048781,0.0,0.0,0.0,0.0,0.0
1.0,0.1630434782608674,0.22222222222222143,0.3651685393258426,0.41252699784017277,0.052845528455284556,0.0,0.0,0.0,0.0,0.0
0.5,0.5217391304347814,0.5925925925925952,0.2429775280898876,0.5550755939524836,0.5121951219512195,0.0,0.0,0.0,0.0,0.0
0.5,0.5217391304347814,0.6913580246913611,0.4943820224719102,0.47948164146868244,0.3739837398373984,0.0,0.0,0.0,0.0,0.0
0.5,0.4782608695652115,0.4320987654321016,0.228932584269663,0.8056155507559395,0.5609756097560976,0.0,0.0,0.0,0.0,0.0
1.0,0.5217391304347814,0.6913580246913611,0.7935393258426966,0.14038876889848817,0.17073170731707318,0.0,0.0,0.0,0.0,0.0
0.5,0.3260869565217348,0.46913580246913966,0.5042134831460674,0.35853131749460043,0.5447154471544716,0.0,0.0,0.0,0.0,0.0
1.0,0.5978260869565162,0.5925925925925952,0.460674157303371,0.33909287257019427,0.21951219512195125,0.0,0.0,0.0,0.0,0.0
0.5,0.7934782608695627,0.5802469135802468,0.4648876404494382,0.48812095032397407,0.30487804878048785,0.0,0.0,0.0,0.0,0.0
1.0,0.6956521739130395,0.6666666666666714,0.4536516853932586,0.4190064794816414,0.6422764227642277,0.0,0.0,0.0,0.0,0.0
0.5,0.20652173913043015,0.3456790123456841,0.4705056179775282,0.5226781857451402,0.6626016260162603,0.0,0.0,0.0,0.0,0.0
0.5,0.4130434782608674,0.3209876543209944,0.491573033707865,0.48164146868250535,0.1951219512195122,0.0,0.0,0.0,0.0,0.0
1.0,0.35869565217391397,0.49382716049382935,0.1839887640449438,0.6393088552915767,0.5528455284552846,0.0,0.0,0.0,0.0,0.0
0.5,0.7934782608695627,0.8148148148148167,0.1938202247191012,0.7192224622030237,0.17073170731707318,0.0,0.0,0.0,0.0,0.0
0.5,0.45652173913043015,0.6419753086419746,0.4396067415730338,0.3974082073434124,0.6585365853658537,0.0,0.0,0.0,0.0,0.0
0.5,0.5543478260869534,0.5555555555555571,0.4859550561797754,0.347732181425486,0.04065040650406505,0.0,0.0,0.0,0.0,0.0
1.0,0.4021739130434767,0.5432098765432158,0.7331460674157302,0.21598272138228936,0.34146341463414637,0.0,0.0,0.0,0.0,0.0
0.5,0.3369565217391255,0.3703703703703738,0.568820224719101,0.32181425485961124,0.4024390243902439,0.0,0.0,0.0,0.0,0.0
1.0,0.7717391304347743,0.6666666666666714,0.3651685393258426,0.6846652267818574,0.7235772357723578,0.0,0.0,0.0,0.0,0.0
0.5,0.3913043478260789,0.4197530864197603,0.2612359550561798,0.5248380129589632,0.8048780487804879,0.0,0.0,0.0,0.0,0.0
1.0,0.6413043478260789,0.6172839506172849,0.4831460674157302,0.4535637149028078,0.21544715447154475,0.0,0.0,0.0,0.0,0.0
1.0,0.3260869565217348,0.3703703703703738,0.6797752808988766,0.18358531317494597,0.07317073170731708,0.0,0.0,0.0,0.0,0.0
0.0,0.25,0.4074074074074119,0.3230337078651686,0.43412526997840173,0.20731707317073172,0.0,0.0,0.0,0.0,0.0
0.5,0.2608695652173836,0.4197530864197603,0.532303370786517,0.36069114470842323,0.6991869918699187,0.0,0.0,0.0,0.0,0.0
1.0,0.3478260869565162,0.4320987654321016,0.7556179775280898,0.20086393088552912,0.6910569105691058,0.0,0.0,0.0,0.0,0.0
0.5,0.9021739130434767,0.7530864197530889,0.6053370786516854,0.28293736501079914,0.6300813008130082,0.0,0.0,0.0,0.0,0.0
0.5,0.3913043478260789,0.3703703703703738,0.3581460674157302,0.6825053995680346,0.2601626016260163,0.0,0.0,0.0,0.0,0.0
0.5,0.2608695652173836,0.3950617283950635,0.467696629213483,0.29373650107991367,0.3739837398373984,0.0,0.0,0.0,0.0,0.0
1.0,0.7391304347826093,0.6049382716049436,0.4691011235955058,0.40604751619870405,0.008130081300813009,0.0,0.0,0.0,0.0,0.0
1.0,0.6956521739130395,0.6049382716049436,0.4522471910112358,0.5269978401727862,0.5934959349593496,0.0,0.0,0.0,0.0,0.0
1.0,0.17391304347825098,0.2592592592592595,0.5070224719101122,0.4362850971922245,0.6097560975609757,0.0,0.0,0.0,0.0,0.0
0.5,0.5760869565217348,0.49382716049382935,0.5758426966292134,0.2656587473002159,0.3089430894308943,0.0,0.0,0.0,0.0,0.0
0.5,0.20652173913043015,0.2716049382716008,0.401685393258427,0.6069114470842332,0.5853658536585367,0.0,0.0,0.0,0.0,0.0
1.0,0.5434782608695627,0.5308641975308674,0.497191011235955,0.3758099352051836,0.024390243902439025,0.0,0.0,0.0,0.0,0.0
0.5,0.4999999999999929,0.4320987654321016,0.3553370786516854,0.6889848812095032,0.43495934959349597,0.0,0.0,0.0,0.0,0.0
0.5,0.3152173913043441,0.24691358024691112,0.3876404494382022,0.5269978401727862,0.3617886178861789,0.0,0.0,0.0,0.0,0.0
0.0,0.25,0.3580246913580325,0.3932584269662922,0.5745140388768899,0.3455284552845529,0.0,0.0,0.0,0.0,0.0
1.0,0.9673913043478208,0.9506172839506135,0.3202247191011236,0.7494600431965441,0.1788617886178862,0.0,0.0,0.0,0.0,0.0
0.5,0.7282608695652115,0.5432098765432158,0.3174157303370786,0.6544276457883369,0.6991869918699187,0.0,0.0,0.0,0.0,0.0
0.5,0.9239130434782581,0.9382716049382722,0.3132022471910112,0.6911447084233262,0.6747967479674798,0.0,0.0,0.0,0.0,0.0
0.5,0.5326086956521721,0.5432098765432158,0.4775280898876406,0.47948164146868244,0.10162601626016261,0.0,0.0,0.0,0.0,0.0
1.0,0.3152173913043441,0.4074074074074119,0.2387640449438202,0.6522678185745139,0.6097560975609757,0.0,0.0,0.0,0.0,0.0
0.5,0.7826086956521721,0.5925925925925952,0.3932584269662922,0.4946004319654427,0.7682926829268294,0.0,0.0,0.0,0.0,0.0
0.0,0.4999999999999929,0.48148148148148806,0.3918539325842698,0.6673866090712743,0.48373983739837406,0.0,0.0,0.0,0.0,0.0
0.0,0.5760869565217348,0.46913580246913966,0.4382022471910114,0.3542116630669546,0.32113821138211385,0.0,0.0,0.0,0.0,0.0
0.5,0.9891304347826022,0.9876543209876516,0.4578651685393258,0.32181425485961124,0.8333333333333334,1.0,0.0,0.0,0.0,0.0
1.0,0.4021739130434767,0.5679012345679055,0.6657303370786518,0.2354211663066954,0.28455284552845533,0.0,0.0,0.0,0.0,0.0
0.5,0.8804347826086882,0.7654320987654302,0.4325842696629214,0.3909287257019438,0.10569105691056911,0.0,0.0,0.0,0.0,0.0
1.0,0.25,0.3580246913580325,0.09971910112359561,0.5550755939524836,0.12601626016260165,0.0,0.0,0.0,0.0,0.0
0.5,0.2391304347826022,0.308641975308646,0.5337078651685394,0.3909287257019438,0.06097560975609757,0.0,0.0,0.0,0.0,0.0
0.5,0.30434782608695343,0.2592592592592595,0.5014044943820226,0.3822894168466522,0.8252032520325204,0.0,0.0,0.0,0.0,0.0
1.0,0.36956521739129755,0.46913580246913966,0.4269662921348314,0.29157667386609065,0.7439024390243903,0.0,0.0,0.0,0.0,0.0
0.5,0.38043478260869534,0.3333333333333357,0.407303370786517,0.4535637149028078,0.5203252032520326,0.0,0.0,0.0,0.0,0.0
0.5,0.7717391304347743,0.5555555555555571,0.228932584269663,0.9136069114470842,0.4308943089430895,0.0,1.0,0.0,0.0,0.0
0.5,0.4130434782608674,0.6049382716049436,0.8609550561797754,0.12742980561555073,0.3658536585365854,0.0,0.0,0.0,0.0,0.0
1.0,0.3478260869565162,0.308641975308646,0.5351123595505618,0.3758099352051836,0.06097560975609757,0.0,0.0,0.0,0.0,0.0
1.0,0.2717391304347814,0.3209876543209944,0.5393258426966294,0.33477321814254857,0.5325203252032521,0.0,0.0,0.0,0.0,0.0
0.5,0.4021739130434767,0.3580246913580325,0.3455056179775282,0.3801295896328294,0.5121951219512195,0.0,0.0,0.0,0.0,0.0
0.5,0.30434782608695343,0.20987654320987303,0.5969101123595506,0.2980561555075594,0.7845528455284554,0.0,0.0,0.0,0.0,0.0
0.5,0.4021739130434767,0.3580246913580325,0.6601123595505618,0.25053995680345564,0.40650406504065045,0.0,0.0,0.0,0.0,0.0
0.5,0.9021739130434767,0.9135802469135825,0.297752808988764,0.5183585313174945,0.48780487804878053,0.0,0.0,0.0,0.0,0.0
0.5,0.30434782608695343,0.2716049382716008,0.4480337078651686,0.4686825053995679,0.32113821138211385,0.0,0.0,0.0,0.0,0.0
1.0,0.30434782608695343,0.3703703703703738,0.5589887640449438,0.5896328293736499,0.20731707317073172,0.0,0.0,0.0,0.0,0.0
0.5,0.38043478260869534,0.3580246913580325,0.7682584269662922,0.12526997840172782,0.23983739837398377,0.0,0.0,0.0,0.0,0.0
0.5,0.2391304347826022,0.45679012345679126,0.4691011235955058,0.35853131749460043,0.9471544715447155,0.0,0.0,0.0,0.0,0.0
0.5,0.6739130434782581,0.6049382716049436,0.2682584269662922,0.5745140388768899,0.13008130081300814,0.0,0.0,0.0,0.0,0.0
0.0,0.3152173913043441,0.4074074074074119,0.532303370786517,0.3801295896328294,0.14634146341463417,0.0,0.0,0.0,0.0,0.0
0.5,0.6630434782608603,0.6913580246913611,0.300561797752809,0.47948164146868244,0.1951219512195122,0.0,0.0,0.0,0.0,0.0
0.5,0.28260869565216495,0.23456790123456983,0.4185393258426966,0.386609071274298,0.1626016260162602,0.0,0.0,0.0,0.0,0.0
0.5,0.44565217391303946,0.44444444444444997,0.3061797752808988,0.8401727861771058,0.15447154471544716,0.0,0.0,0.0,0.0,0.0
0.0,0.6086956521739069,0.6049382716049436,0.7064606741573034,0.16414686825053992,0.7154471544715448,0.0,0.0,0.0,0.0,0.0
0.5,0.4239130434782581,0.3703703703703738,0.199438202247191,0.6673866090712743,0.6951219512195123,0.0,0.0,0.0,0.0,0.0
0.5,0.3152173913043441,0.3209876543209944,0.0660112359550562,0.8531317494600432,0.6585365853658537,0.0,0.0,0.0,0.0,0.0
0.5,0.45652173913043015,0.4197530864197603,0.4480337078651686,0.5291576673866091,0.052845528455284556,0.0,0.0,0.0,0.0,0.0
0.5,0.7499999999999929,0.6666666666666714,0.3707865168539326,0.6911447084233262,0.7073170731707318,0.0,0.0,0.0,0.0,0.0
0.5,0.7717391304347743,0.7654320987654302,0.6853932584269662,0.21166306695464354,0.8292682926829269,0.0,0.0,0.0,0.0,0.0
0.5,0.2717391304347814,0.20987654320987303,0.330056179775281,0.4557235421166307,0.6300813008130082,0.0,0.0,0.0,0.0,0.0
0.5,0.9021739130434767,0.864197530864196,0.330056179775281,0.5183585313174945,0.47967479674796754,0.0,0.0,0.0,0.0,0.0
0.5,0.9673913043478208,0.9506172839506135,0.3342696629213484,0.5032397408207343,0.22764227642276424,0.0,0.0,0.0,0.0,0.0
0.5,0.36956521739129755,0.48148148148148806,0.4480337078651686,0.5745140388768899,0.8048780487804879,0.0,0.0,0.0,0.0,0.0
0.5,0.5760869565217348,0.48148148148148806,0.7036516853932586,0.2742980561555075,0.21544715447154475,0.0,0.0,0.0,0.0,0.0
0.5,0.5108695652173907,0.49382716049382935,0.5660112359550562,0.3822894168466522,0.41869918699187,0.0,0.0,0.0,0.0,0.0
0.5,0.4021739130434767,0.4197530864197603,0.2963483146067416,0.5399568034557235,0.7276422764227644,0.0,0.0,0.0,0.0,0.0
0.5,0.9130434782608674,0.8765432098765444,0.5056179775280898,0.3930885529157666,0.24796747967479676,0.0,0.0,0.0,0.0,0.0
0.5,0.5326086956521721,0.7160493827160508,0.4452247191011238,0.44708423326133895,0.06910569105691057,0.0,0.0,0.0,0.0,0.0
1.0,0.30434782608695343,0.2839506172839492,0.5056179775280898,0.4708423326133908,0.2967479674796748,0.0,0.0,0.0,0.0,0.0
0.5,0.3913043478260789,0.518518518518519,0.574438202247191,0.25701943844492436,0.24390243902439027,0.0,0.0,0.0,0.0,0.0
0.5,0.44565217391303946,0.5802469135802468,0.5603932584269662,0.25053995680345564,0.7357723577235773,0.0,0.0,0.0,0.0,0.0
0.5,0.20652173913043015,0.3209876543209944,0.8609550561797754,0.07991360691144711,0.24796747967479676,0.0,0.0,0.0,0.0,0.0
0.5,0.5978260869565162,0.6296296296296333,0.7837078651685394,0.1511879049676026,0.1585365853658537,0.0,0.0,0.0,0.0,0.0
1.0,0.38043478260869534,0.4197530864197603,0.4058988764044942,0.5917926565874729,0.508130081300813,0.0,0.0,0.0,0.0,0.0
0.5,0.3152173913043441,0.3209876543209944,0.4101123595505618,0.6436285097192225,0.1910569105691057,0.0,0.0,0.0,0.0,0.0
0.5,0.9130434782608674,0.8148148148148167,0.460674157303371,0.40604751619870405,0.475609756097561,0.0,0.0,0.0,0.0,0.0
1.0,0.7499999999999929,0.6913580246913611,0.4747191011235954,0.44276457883369325,0.21138211382113822,0.0,0.0,0.0,0.0,0.0
1.0,0.7065217391304301,0.6172839506172849,0.3455056179775282,0.6004319654427646,0.21544715447154475,0.0,0.0,0.0,0.0,0.0
0.0,0.29347826086956275,0.45679012345679126,0.532303370786517,0.3887688984881209,0.23577235772357727,0.0,0.0,0.0,0.0,0.0
1.0,0.38043478260869534,0.3456790123456841,0.4592696629213482,0.40172786177105835,0.2682926829268293,0.0,0.0,0.0,0.0,0.0
0.5,0.2608695652173836,0.20987654320987303,0.646067415730337,0.3542116630669546,0.22357723577235775,0.0,0.0,0.0,0.0,0.0
1.0,0.28260869565216495,0.4197530864197603,0.2176966292134832,0.6371490280777536,0.22764227642276424,0.0,0.0,0.0,0.0,0.0
0.5,0.2608695652173836,0.3456790123456841,0.3792134831460674,0.548596112311015,0.34959349593495936,0.0,0.0,0.0,0.0,0.0
1.0,0.28260869565216495,0.518518518518519,0.3188202247191012,0.7624190064794816,0.7642276422764228,0.0,0.0,0.0,0.0,0.0
0.5,0.5869565217391255,0.46913580246913966,0.3988764044943822,0.5226781857451402,0.22357723577235775,0.0,0.0,0.0,0.0,0.0
1.0,0.22826086956521152,0.308641975308646,0.3061797752808988,0.6868250539956802,0.475609756097561,0.0,0.0,0.0,0.0,0.0
0.5,0.4999999999999929,0.45679012345679126,0.3988764044943822,0.4557235421166307,0.0813008130081301,0.0,0.0,0.0,0.0,0.0
0.0,0.5217391304347814,0.7160493827160508,0.2808988764044944,0.6263498920086392,0.13414634146341464,0.0,0.0,0.0,0.0,0.0
0.5,0.8152173913043441,0.827160493827158,0.2935393258426966,0.5637149028077754,0.28455284552845533,0.0,0.0,0.0,0.0,0.0
0.5,0.8152173913043441,0.8518518518518547,0.3918539325842698,0.4168466522678185,0.0894308943089431,0.0,0.0,0.0,0.0,0.0
0.5,0.5434782608695627,0.7407407407407405,0.544943820224719,0.23974082073434122,0.5,0.0,0.0,0.0,0.0,0.0
1.0,0.35869565217391397,0.46913580246913966,0.3412921348314606,0.5464362850971921,0.15447154471544716,0.0,0.0,0.0,0.0,0.0
0.5,0.35869565217391397,0.5061728395061778,0.4396067415730338,0.3801295896328294,0.5447154471544716,0.0,0.0,0.0,0.0,0.0
0.5,0.3369565217391255,0.3580246913580325,0.598314606741573,0.32181425485961124,0.41869918699187,0.0,0.0,0.0,0.0,0.0
0.0,0.45652173913043015,0.4320987654321016,0.967696629213483,0.05399568034557234,0.6585365853658537,0.0,0.0,0.0,0.0,0.0
1.0,0.5217391304347814,0.46913580246913966,0.3918539325842698,0.49028077753779686,0.20325203252032523,0.0,0.0,0.0,0.0,0.0
0.5,0.6413043478260789,0.654320987654323,0.5477528089887642,0.2742980561555075,0.23170731707317074,0.0,0.0,0.0,0.0,0.0
0.0,0.3260869565217348,0.44444444444444997,0.4859550561797754,0.4665226781857451,0.020325203252032523,0.0,0.0,0.0,0.0,0.0
0.5,0.18478260869564878,0.2592592592592595,0.324438202247191,0.5917926565874729,0.6829268292682927,0.0,0.0,0.0,0.0,0.0
1.0,0.5217391304347814,0.49382716049382935,0.3328651685393258,0.611231101511879,0.14634146341463417,0.0,0.0,0.0,0.0,0.0
0.5,0.8043478260869534,0.8024691358024683,0.6011235955056178,0.3023758099352052,0.7560975609756099,0.0,0.0,0.0,0.0,0.0
1.0,0.6195652173912976,0.6419753086419746,0.247191011235955,0.7192224622030237,0.7317073170731708,0.0,0.0,0.0,0.0,0.0
0.5,0.5543478260869534,0.49382716049382935,0.2823033707865168,0.5399568034557235,0.6463414634146342,0.0,0.0,0.0,0.0,0.0
0.5,0.30434782608695343,0.44444444444444997,0.3651685393258426,0.5442764578833692,0.28455284552845533,0.0,0.0,0.0,0.0,0.0
0.5,0.4239130434782581,0.6049382716049436,0.4929775280898878,0.4233261339092873,0.3373983739837399,0.0,0.0,0.0,0.0,0.0
1.0,0.3369565217391255,0.4320987654321016,0.5814606741573034,0.28941684665226775,0.47154471544715454,0.0,0.0,0.0,0.0,0.0
0.5,0.2391304347826022,0.3456790123456841,0.3918539325842698,0.6954643628509718,0.6016260162601627,0.0,0.0,0.0,0.0,0.0
0.5,0.7608695652173907,0.6296296296296333,0.3342696629213484,0.4600431965442764,0.41463414634146345,0.0,0.0,0.0,0.0,0.0
0.5,0.6195652173912976,0.6419753086419746,0.2935393258426966,0.7084233261339092,0.7032520325203253,0.0,0.0,0.0,0.0,0.0
0.5,0.38043478260869534,0.5925925925925952,0.3946629213483146,0.5680345572354211,0.8414634146341464,0.0,0.0,0.0,0.0,0.0
0.5,0.7608695652173907,0.7407407407407405,0.3047752808988764,0.4643628509719222,0.5528455284552846,0.0,0.0,0.0,0.0,0.0
0.5,0.19565217391303946,0.308641975308646,0.2303370786516854,0.6630669546436283,0.19918699186991873,0.0,0.0,0.0,0.0,0.0
0.5,0.7717391304347743,0.7777777777777786,0.1713483146067416,0.6263498920086392,0.06504065040650407,0.0,0.0,0.0,0.0,0.0
0.0,0.6630434782608603,0.6172839506172849,0.4957865168539326,0.5248380129589632,0.3902439024390244,0.0,0.0,0.0,0.0,0.0
0.5,0.30434782608695343,0.2962962962963047,0.6081460674157302,0.2742980561555075,0.2642276422764228,0.0,0.0,0.0,0.0,0.0
0.5,0.28260869565216495,0.4074074074074119,0.1502808988764046,0.6414686825053995,0.17479674796747968,0.0,0.0,0.0,0.0,0.0
1.0,0.6086956521739069,0.5802469135802468,0.2696629213483146,0.531317494600432,0.3536585365853659,0.0,0.0,0.0,0.0,0.0
0.5,0.3369565217391255,0.3209876543209944,0.377808988764045,0.6133909287257018,0.2967479674796748,0.0,0.0,0.0,0.0,0.0
0.5,0.5652173913043441,0.7160493827160508,0.1671348314606742,0.6371490280777536,0.3252032520325204,0.0,0.0,0.0,0.0,0.0
1.0,0.4891304347826093,0.6790123456790127,0.7893258426966294,0.13390928725701945,0.6097560975609757,0.0,0.0,0.0,0.0,0.0
0.5,0.4239130434782581,0.3456790123456841,0.2780898876404494,0.8747300215982721,0.23983739837398377,0.0,0.0,0.0,0.0,0.0
0.0,0.9565217391304373,0.9506172839506135,0.7205056179775282,0.20518358531317493,0.2642276422764228,0.0,0.0,0.0,0.0,0.0
0.5,0.6847826086956488,0.5925925925925952,0.5758426966292134,0.3110151187904967,0.41463414634146345,0.0,0.0,0.0,0.0,0.0
1.0,0.7499999999999929,0.7037037037037024,0.2654494382022472,0.755939524838013,0.03658536585365854,0.0,0.0,0.0,0.0,0.0
0.5,0.8478260869565233,0.6790123456790127,0.377808988764045,0.7084233261339092,0.04471544715447155,0.0,0.0,0.0,0.0,0.0
0.5,0.6956521739130395,0.6296296296296333,0.2837078651685394,0.6609071274298055,0.5406504065040652,0.0,0.0,0.0,0.0,0.0
0.5,0.46739130434782794,0.46913580246913966,0.5435393258426966,0.33261339092872566,0.7682926829268294,0.0,0.0,0.0,0.0,1.0
1.0,0.5543478260869534,0.7530864197530889,0.5196629213483146,0.28077753779697623,0.8495934959349595,1.0,0.0,0.0,0.0,0.0
0.5,0.7608695652173907,0.6913580246913611,0.6587078651685394,0.2742980561555075,0.4390243902439025,0.0,0.0,0.0,0.0,0.0
0.5,0.5760869565217348,0.6172839506172849,0.3820224719101122,0.44276457883369325,0.33333333333333337,0.0,0.0,0.0,0.0,0.0
0.5,0.4130434782608674,0.5432098765432158,0.9985955056179774,0.08855291576673863,0.0894308943089431,0.0,0.0,0.0,0.0,0.0
0.0,0.36956521739129755,0.3333333333333357,0.5294943820224718,0.28509719222462193,0.21544715447154475,0.0,0.0,0.0,0.0,0.0
0.0,0.3478260869565162,0.48148148148148806,0.556179775280899,0.28941684665226775,0.3699186991869919,0.0,0.0,0.0,0.0,0.0
0.5,0.35869565217391397,0.5061728395061778,0.925561797752809,0.0,0.5772357723577236,0.0,0.0,0.0,0.0,0.0
0.5,0.3260869565217348,0.3456790123456841,0.2514044943820224,0.7278617710583153,0.6666666666666667,0.0,0.0,0.0,0.0,0.0
1.0,0.6086956521739069,0.46913580246913966,0.8075842696629214,0.14470842332613387,0.47154471544715454,0.0,0.0,0.0,0.0,0.0
0.5,0.6739130434782581,0.6296296296296333,0.2584269662921348,0.6241900647948164,0.7845528455284554,0.0,0.0,0.0,0.0,0.0
1.0,0.5978260869565162,0.5802469135802468,0.4705056179775282,0.3434125269978401,0.23983739837398377,0.0,0.0,0.0,0.0,0.0
0.5,0.7173913043478208,0.6419753086419746,0.1769662921348314,0.6025917926565874,0.5040650406504066,0.0,0.0,0.0,0.0,0.0
0.5,0.20652173913043015,0.3580246913580325,0.532303370786517,0.2786177105831533,0.34146341463414637,0.0,0.0,0.0,0.0,0.0
0.5,0.5869565217391255,0.5925925925925952,0.372191011235955,0.3909287257019438,0.8861788617886179,0.0,0.0,0.0,0.0,0.0
0.5,0.7282608695652115,0.5061728395061778,0.6544943820224718,0.2354211663066954,0.6178861788617886,0.0,0.0,0.0,0.0,0.0
1.0,0.3152173913043441,0.4074074074074119,0.3623595505617978,0.5205183585313174,0.5975609756097562,0.0,0.0,0.0,0.0,0.0
0.5,0.5760869565217348,0.7654320987654302,0.3230337078651686,0.4578833693304535,0.17479674796747968,0.0,0.0,0.0,0.0,0.0
0.5,0.5652173913043441,0.46913580246913966,0.2752808988764046,0.7667386609071274,0.008130081300813009,0.0,0.0,0.0,0.0,0.0
1.0,0.6956521739130395,0.6666666666666714,0.6109550561797754,0.35853131749460043,0.467479674796748,0.0,0.0,0.0,0.0,0.0
0.5,0.7499999999999929,0.6913580246913611,0.521067415730337,0.43412526997840173,0.47967479674796754,0.0,0.0,0.0,0.0,0.0
0.5,0.7608695652173907,0.654320987654323,0.3693820224719102,0.3779697624190065,0.30487804878048785,0.0,0.0,0.0,0.0,0.0
1.0,0.4999999999999929,0.6913580246913611,0.2893258426966292,0.6457883369330453,0.22357723577235775,0.0,0.0,0.0,0.0,0.0
0.5,0.7608695652173907,0.7407407407407405,0.5070224719101122,0.4989200863930886,0.5203252032520326,0.0,0.0,0.0,0.0,0.0
0.5,0.3913043478260789,0.3950617283950635,0.3750000000000002,0.5917926565874729,0.03658536585365854,0.0,0.0,0.0,0.0,0.0
0.5,0.19565217391303946,0.3456790123456841,0.7429775280898878,0.25917926565874727,0.1951219512195122,0.0,0.0,0.0,0.0,0.0
1.0,0.3478260869565162,0.44444444444444997,0.8117977528089886,0.1533477321814254,0.19918699186991873,0.0,0.0,0.0,0.0,0.0
1.0,0.6956521739130395,0.6296296296296333,0.478932584269663,0.4578833693304535,0.5975609756097562,0.0,0.0,0.0,0.0,0.0
0.5,0.6847826086956488,0.6666666666666714,0.6980337078651686,0.1965442764578833,0.451219512195122,0.0,0.0,0.0,0.0,0.0
0.5,0.5760869565217348,0.5555555555555571,0.2219101123595506,0.7019438444924406,0.08536585365853659,0.0,0.0,0.0,0.0,0.0
0.0,0.9021739130434767,0.7407407407407405,0.4115168539325842,0.4319654427645788,0.3455284552845529,0.0,0.0,0.0,0.0,0.0
0.5,0.3369565217391255,0.2839506172839492,0.5014044943820226,0.3822894168466522,0.02845528455284553,0.0,0.0,0.0,0.0,0.0
0.5,0.6413043478260789,0.6419753086419746,0.5814606741573034,0.3844492440604751,0.6666666666666667,0.0,0.0,0.0,0.0,0.0
0.5,0.5652173913043441,0.7283950617283992,0.3398876404494382,0.48164146868250535,0.41463414634146345,0.0,0.0,0.0,0.0,0.0
1.0,0.5652173913043441,0.5308641975308674,0.5575842696629214,0.36501079913606904,0.7357723577235773,0.0,0.0,0.0,0.0,0.0
0.5,0.5869565217391255,0.7654320987654302,0.4241573033707866,0.40388768898488114,0.03658536585365854,0.0,0.0,0.0,0.0,0.0
0.5,0.5217391304347814,0.7037037037037024,0.669943820224719,0.24406047516198692,0.15447154471544716,0.0,0.0,0.0,0.0,0.0
0.0,0.5760869565217348,0.45679012345679126,0.5224719101123594,0.3844492440604751,0.0975609756097561,0.0,0.0,0.0,0.0,0.0
0.5,0.4347826086956488,0.5802469135802468,0.25561797752809,0.7300215982721381,0.6951219512195123,0.0,0.0,0.0,0.0,0.0
1.0,0.21739130434782084,0.3703703703703738,0.3974719101123594,0.3952483801295895,0.10975609756097562,0.0,0.0,0.0,0.0,0.0
0.0,0.5326086956521721,0.7283950617283992,0.5112359550561798,0.3801295896328294,0.8821138211382115,0.0,0.0,0.0,0.0,0.0
0.5,0.7065217391304301,0.6172839506172849,0.7977528089887642,0.1987041036717062,0.5406504065040652,0.0,0.0,0.0,0.0,0.0
0.5,0.1630434782608674,0.2716049382716008,0.2654494382022472,0.6241900647948164,0.5691056910569107,0.0,0.0,0.0,0.0,0.0
1.0,0.38043478260869534,0.3580246913580325,0.425561797752809,0.4708423326133908,0.3739837398373984,0.0,0.0,0.0,0.0,0.0
1.0,0.3478260869565162,0.48148148148148806,0.3581460674157302,0.5269978401727862,0.5040650406504066,0.0,0.0,0.0,0.0,0.0
0.5,0.38043478260869534,0.48148148148148806,0.603932584269663,0.16414686825053992,0.5813008130081302,0.0,0.0,0.0,0.0,0.0
1.0,0.5108695652173907,0.7037037037037024,0.9564606741573034,0.06911447084233258,0.008130081300813009,0.0,0.0,0.0,0.0,0.0
0.5,0.8043478260869534,0.8024691358024683,0.3750000000000002,0.6911447084233262,0.8658536585365855,0.0,0.0,0.0,1.0,0.0
1.0,0.7826086956521721,0.7037037037037024,0.6362359550561798,0.32181425485961124,0.6382113821138212,0.0,0.0,0.0,0.0,0.0
0.5,0.9130434782608674,0.8024691358024683,0.4269662921348314,0.3002159827213823,0.3821138211382114,0.0,0.0,0.0,0.0,0.0
1.0,0.29347826086956275,0.20987654320987303,0.3932584269662922,0.5701943844492441,0.7398373983739838,0.0,0.0,0.0,0.0,0.0
1.0,0.3478260869565162,0.49382716049382935,0.5252808988764046,0.3801295896328294,0.34959349593495936,0.0,0.0,0.0,0.0,0.0
0.5,0.4239130434782581,0.4197530864197603,0.2275280898876404,0.8768898488120951,0.7764227642276423,0.0,0.0,0.0,1.0,0.0
0.5,0.30434782608695343,0.3333333333333357,0.574438202247191,0.3909287257019438,0.8577235772357724,0.0,0.0,0.0,0.0,0.0
0.5,0.5869565217391255,0.5802469135802468,0.07162921348314599,0.6825053995680346,0.6504065040650407,0.0,0.0,0.0,0.0,0.0
0.5,0.6195652173912976,0.654320987654323,0.3567415730337078,0.775377969762419,0.13414634146341464,0.0,0.0,0.0,0.0,0.0
1.0,0.7499999999999929,0.5925925925925952,0.9115168539325842,0.07775377969762409,0.524390243902439,0.0,0.0,0.0,0.0,0.0
0.5,0.3369565217391255,0.44444444444444997,0.4887640449438202,0.37365010799136056,0.06504065040650407,0.0,0.0,0.0,0.0,0.0
0.5,0.7608695652173907,0.7037037037037024,0.598314606741573,0.263498920086393,0.19918699186991873,0.0,0.0,0.0,0.0,0.0
0.5,0.05434782608695343,0.07407407407407618,0.2162921348314606,0.7451403887688985,0.3536585365853659,0.0,0.0,0.0,0.0,0.0
0.0,0.29347826086956275,0.24691358024691112,0.5112359550561798,0.36069114470842323,0.7560975609756099,0.0,0.0,0.0,0.0,0.0
0.5,0.5652173913043441,0.7777777777777786,0.4424157303370786,0.49244060475161977,0.10162601626016261,0.0,0.0,0.0,0.0,0.0
0.5,0.4021739130434767,0.5308641975308674,0.5603932584269662,0.25485961123110146,0.20731707317073172,0.0,0.0,0.0,0.0,0.0
0.5,0.5543478260869534,0.6913580246913611,0.6404494382022474,0.3131749460043196,0.0975609756097561,0.0,0.0,0.0,0.0,0.0
1.0,0.5434782608695627,0.48148148148148806,0.4283707865168538,0.4578833693304535,0.6991869918699187,0.0,0.0,0.0,0.0,0.0
0.5,0.8695652173913047,0.7037037037037024,0.771067415730337,0.11879049676025921,0.9430894308943091,0.0,0.0,0.0,0.0,0.0
1.0,0.3152173913043441,0.2839506172839492,0.3202247191011236,0.5853131749460043,0.6829268292682927,0.0,0.0,0.0,0.0,0.0
0.5,0.35869565217391397,0.3333333333333357,0.4241573033707866,0.49244060475161977,0.15447154471544716,0.0,0.0,0.0,0.0,0.0
0.5,0.8152173913043441,0.827160493827158,0.4859550561797754,0.36069114470842323,0.9634146341463415,0.0,0.0,0.0,0.0,0.0
1.0,0.3478260869565162,0.46913580246913966,0.2570224719101124,0.9028077753779697,0.5284552845528456,0.0,0.0,0.0,0.0,0.0
0.5,0.3913043478260789,0.5061728395061778,0.6081460674157302,0.3542116630669546,0.4471544715447155,0.0,0.0,0.0,0.0,0.0
1.0,0.4999999999999929,0.46913580246913966,0.2654494382022472,0.7796976241900648,0.5406504065040652,0.0,0.0,0.0,0.0,0.0
1.0,0.6739130434782581,0.5925925925925952,0.321629213483146,0.5183585313174945,0.7479674796747968,0.0,0.0,0.0,0.0,0.0
0.5,0.2717391304347814,0.23456790123456983,0.5955056179775282,0.22030237580993517,0.2520325203252033,0.0,0.0,0.0,0.0,0.0
0.5,0.14130434782608603,0.22222222222222143,0.4241573033707866,0.48812095032397407,0.8292682926829269,0.0,0.0,0.0,0.0,0.0
0.0,0.8043478260869534,0.5925925925925952,0.5407303370786518,0.36285097192224613,0.11382113821138212,0.0,0.0,0.0,0.0,0.0
0.5,0.5978260869565162,0.6172839506172849,0.5660112359550562,0.28725701943844484,0.5772357723577236,0.0,0.0,0.0,0.0,0.0
1.0,0.3478260869565162,0.46913580246913966,0.4943820224719102,0.42548596112311,0.3536585365853659,0.0,0.0,0.0,0.0,0.0
1.0,0.5217391304347814,0.6913580246913611,0.4705056179775282,0.43412526997840173,0.5284552845528456,0.0,0.0,0.0,0.0,0.0
0.0,0.38043478260869534,0.3950617283950635,0.3974719101123594,0.5183585313174945,0.7479674796747968,0.0,0.0,0.0,0.0,0.0
0.5,0.3478260869565162,0.46913580246913966,0.5308988764044942,0.3174946004319653,0.14227642276422767,0.0,0.0,0.0,0.0,0.0
0.5,0.9347826086956488,0.9259259259259238,0.443820224719101,0.37365010799136056,0.02845528455284553,0.0,0.0,0.0,0.0,0.0
0.0,0.6847826086956488,0.5925925925925952,0.5884831460674158,0.263498920086393,0.008130081300813009,0.0,0.0,0.0,0.0,1.0
1.0,0.3913043478260789,0.3456790123456841,0.5224719101123594,0.3779697624190065,0.5772357723577236,0.0,0.0,0.0,0.0,0.0
1.0,0.29347826086956275,0.2716049382716008,0.7963483146067414,0.14038876889848817,0.2723577235772358,0.0,0.0,0.0,0.0,0.0
1.0,0.20652173913043015,0.308641975308646,0.6952247191011238,0.17278617710583155,0.5406504065040652,0.0,0.0,0.0,0.0,0.0
1.0,0.3152173913043441,0.3209876543209944,0.4761235955056178,0.6263498920086392,0.0894308943089431,0.0,0.0,0.0,0.0,0.0
0.5,0.6956521739130395,0.5432098765432158,0.4452247191011238,0.4211663066954643,0.22764227642276424,0.0,0.0,0.0,0.0,0.0
0.5,0.3913043478260789,0.4197530864197603,0.2808988764044944,0.7516198704103672,0.5894308943089431,0.0,0.0,0.0,0.0,0.0
1.0,0.2717391304347814,0.2716049382716008,0.8693820224719102,0.12311015118790491,0.17479674796747968,0.0,0.0,0.0,0.0,0.0
0.5,0.2717391304347814,0.3950617283950635,0.9662921348314606,0.11879049676025921,0.8130081300813009,1.0,0.0,0.0,0.0,0.0
0.5,0.22826086956521152,0.3580246913580325,0.13061797752809,0.7235421166306695,0.41869918699187,0.0,0.0,0.0,0.0,0.0
0.5,0.5869565217391255,0.654320987654323,0.181179775280899,0.6911447084233262,0.43495934959349597,0.0,0.0,0.0,0.0,0.0
0.5,0.4347826086956488,0.4074074074074119,0.3707865168539326,0.6544276457883369,0.5691056910569107,0.0,0.0,0.0,0.0,1.0
0.5,0.3913043478260789,0.5061728395061778,0.2991573033707866,0.6241900647948164,0.052845528455284556,0.0,0.0,0.0,0.0,0.0
0.5,0.13043478260868824,0.23456790123456983,0.4620786516853934,0.5075593952483801,0.3739837398373984,0.0,0.0,0.0,0.0,0.0
0.5,0.8043478260869534,0.827160493827158,0.2485955056179776,0.5982721382289415,0.04471544715447155,0.0,0.0,0.0,0.0,0.0
0.5,0.38043478260869534,0.518518518518519,0.5407303370786518,0.29373650107991367,0.052845528455284556,0.0,0.0,0.0,0.0,0.0
0.5,0.7826086956521721,0.7283950617283992,0.3047752808988764,0.7321814254859611,0.7967479674796749,0.0,0.0,0.0,0.0,0.0
0.5,0.7608695652173907,0.7407407407407405,0.1376404494382022,0.6198704103671706,0.0,0.0,0.0,0.0,0.0,0.0
0.0,0.7173913043478208,0.654320987654323,0.6867977528089886,0.21166306695464354,0.052845528455284556,0.0,0.0,0.0,0.0,0.0
0.5,0.6086956521739069,0.5679012345679055,0.3609550561797754,0.593952483801296,0.5691056910569107,0.0,0.0,0.0,0.0,0.0
0.5,0.4130434782608674,0.3209876543209944,0.199438202247191,0.5788336933045355,0.11382113821138212,0.0,0.0,0.0,0.0,0.0
0.5,0.9673913043478208,0.9506172839506135,0.431179775280899,0.5161987041036716,0.16666666666666669,0.0,0.0,0.0,0.0,0.0
0.5,0.20652173913043015,0.3580246913580325,0.5547752808988766,0.3088552915766738,0.3089430894308943,0.0,0.0,0.0,0.0,0.0
0.5,0.5543478260869534,0.5432098765432158,0.449438202247191,0.47732181425485964,0.7967479674796749,0.0,0.0,0.0,0.0,0.0
0.5,0.9239130434782581,0.9135802469135825,0.3862359550561798,0.47732181425485964,0.10162601626016261,0.0,0.0,0.0,0.0,0.0
1.0,0.5434782608695627,0.5802469135802468,0.154494382022472,0.6393088552915767,0.15040650406504066,0.0,0.0,0.0,0.0,0.0
1.0,0.2717391304347814,0.45679012345679126,0.4382022471910114,0.3542116630669546,0.5365853658536586,0.0,0.0,0.0,0.0,0.0
0.5,0.9565217391304373,0.9382716049382722,0.3876404494382022,0.6522678185745139,0.1585365853658537,0.0,0.0,0.0,0.0,0.0
1.0,0.9021739130434767,0.7530864197530889,0.6685393258426966,0.3153347732181425,0.3821138211382114,0.0,0.0,0.0,0.0,0.0
0.5,0.6521739130434767,0.6049382716049436,0.5238764044943822,0.40820734341252696,0.29268292682926833,0.0,0.0,0.0,0.0,0.0
1.0,0.35869565217391397,0.4197530864197603,0.4269662921348314,0.4989200863930886,0.83739837398374,0.0,0.0,0.0,0.0,0.0
0.5,0.891304347826086,0.7777777777777786,0.8117977528089886,0.12311015118790491,0.426829268292683,0.0,0.0,0.0,0.0,0.0
1.0,0.30434782608695343,0.3209876543209944,0.3792134831460674,0.4622030237580993,0.8292682926829269,0.0,0.0,0.0,0.0,0.0
0.5,0.5543478260869534,0.7283950617283992,0.4691011235955058,0.40820734341252696,0.1829268292682927,0.0,0.0,0.0,0.0,0.0
0.5,0.891304347826086,0.9012345679012341,0.396067415730337,0.4514038876889849,0.22764227642276424,0.0,0.0,0.0,0.0,0.0
0.5,0.5652173913043441,0.5061728395061778,0.3623595505617978,0.6198704103671706,0.8130081300813009,0.0,0.0,0.0,0.0,0.0
1.0,0.5760869565217348,0.46913580246913966,0.5252808988764046,0.29589632829373635,0.34146341463414637,0.0,0.0,0.0,0.0,0.0
0.5,0.38043478260869534,0.5061728395061778,0.5252808988764046,0.36933045356371497,0.5650406504065041,0.0,0.0,0.0,0.0,0.0
0.0,0.17391304347825098,0.2592592592592595,0.5140449438202246,0.3822894168466522,0.42276422764227645,0.0,0.0,0.0,0.0,0.0
0.5,0.3369565217391255,0.49382716049382935,0.5589887640449438,0.3131749460043196,0.6097560975609757,0.0,0.0,0.0,0.0,0.0
0.5,0.891304347826086,0.7654320987654302,0.226123595505618,0.630669546436285,0.37804878048780494,0.0,1.0,0.0,0.0,0.0
0.5,0.7499999999999929,0.7407407407407405,0.321629213483146,0.5269978401727862,0.8292682926829269,0.0,0.0,0.0,0.0,0.0
1.0,0.4891304347826093,0.49382716049382935,0.7331460674157302,0.18142548596112307,0.41869918699187,0.0,0.0,0.0,0.0,0.0
1.0,0.7282608695652115,0.5925925925925952,0.8988764044943822,0.10799136069114468,0.3536585365853659,0.0,0.0,0.0,0.0,0.0
0.0,0.03260869565217206,0.06172839506172778,0.324438202247191,0.48380129589632825,0.2804878048780488,0.0,0.0,0.0,0.0,0.0
0.5,0.8043478260869534,0.790123456790127,0.765449438202247,0.09287257019438444,0.5934959349593496,0.0,0.0,0.0,0.0,0.0
0.0,0.21739130434782084,0.2839506172839492,0.2823033707865168,0.6263498920086392,0.83739837398374,0.0,0.0,0.0,0.0,0.0
1.0,0.3369565217391255,0.3580246913580325,0.4831460674157302,0.44924406047516185,0.3902439024390244,0.0,0.0,0.0,0.0,0.0
0.5,0.3152173913043441,0.2716049382716008,0.5168539325842698,0.3023758099352052,0.7723577235772359,0.0,0.0,0.0,0.0,0.0
0.0,0.30434782608695343,0.44444444444444997,0.2092696629213484,0.6673866090712743,0.29268292682926833,0.0,0.0,0.0,0.0,0.0
0.5,0.5869565217391255,0.790123456790127,0.297752808988764,0.4708423326133908,0.6382113821138212,0.0,0.0,0.0,0.0,0.0
0.5,0.4891304347826093,0.5802469135802468,0.717696629213483,0.22030237580993517,0.8292682926829269,0.0,0.0,0.0,0.0,0.0
0.5,0.7173913043478208,0.6419753086419746,0.425561797752809,0.4362850971922245,0.024390243902439025,0.0,0.0,0.0,0.0,0.0
1.0,0.5869565217391255,0.6049382716049436,0.598314606741573,0.16198704103671702,0.4390243902439025,0.0,0.0,0.0,0.0,0.0
1.0,0.35869565217391397,0.518518518518519,0.681179775280899,0.263498920086393,0.024390243902439025,0.0,0.0,0.0,0.0,0.0
1.0,0.4999999999999929,0.5925925925925952,0.2134831460674158,0.7084233261339092,0.7317073170731708,0.0,0.0,0.0,0.0,0.0
0.0,0.5108695652173907,0.46913580246913966,0.8398876404494382,0.10367170626349886,0.28455284552845533,0.0,0.0,0.0,0.0,0.0
1.0,0.7065217391304301,0.654320987654323,0.8047752808988766,0.14254859611231097,0.13414634146341464,0.0,0.0,0.0,0.0,0.0
1.0,0.8260869565217348,0.8148148148148167,0.2191011235955056,0.6911447084233262,0.5894308943089431,0.0,0.0,0.0,0.0,0.0
1.0,0.6956521739130395,0.6049382716049436,0.4339887640449438,0.47732181425485964,0.3455284552845529,0.0,0.0,0.0,0.0,0.0
1.0,0.3369565217391255,0.49382716049382935,0.9648876404494382,0.05183585313174943,0.6910569105691058,0.0,0.0,0.0,0.0,0.0
0.5,0.5869565217391255,0.44444444444444997,0.3398876404494382,0.5442764578833692,0.40650406504065045,0.0,0.0,0.0,0.0,0.0
1.0,0.4021739130434767,0.5802469135802468,0.6207865168539326,0.36717062634989195,0.5325203252032521,0.0,0.0,0.0,0.0,0.0
1.0,0.9239130434782581,0.8518518518518547,0.8216292134831462,0.0820734341252699,0.6056910569105691,0.0,0.0,0.0,0.0,0.0
1.0,0.7826086956521721,0.7160493827160508,0.2457865168539326,0.7041036717062634,0.5650406504065041,0.0,0.0,0.0,0.0,0.0
1.0,0.7282608695652115,0.6419753086419746,0.526685393258427,0.5442764578833692,0.7845528455284554,0.0,0.0,0.0,0.0,0.0
1.0,0.9021739130434767,0.864197530864196,0.7247191011235954,0.24622030237580994,0.426829268292683,0.0,0.0,0.0,0.0,0.0
1.0,0.9130434782608674,0.9012345679012341,0.1685393258426966,0.7408207343412525,0.008130081300813009,0.0,0.0,0.0,0.0,0.0
0.5,0.4891304347826093,0.5432098765432158,0.5196629213483146,0.4730021598272137,0.7195121951219513,0.0,0.0,0.0,0.0,0.0
1.0,0.5869565217391255,0.48148148148148806,0.4957865168539326,0.36933045356371497,0.07723577235772358,0.0,0.0,0.0,0.0,0.0
0.5,0.5652173913043441,0.7037037037037024,0.6446629213483146,0.1511879049676026,0.15040650406504066,0.0,0.0,0.0,0.0,0.0
1.0,0.5326086956521721,0.45679012345679126,0.3876404494382022,0.5140388768898487,0.1585365853658537,0.0,0.0,0.0,0.0,0.0
1.0,0.9456521739130395,0.9259259259259238,0.3567415730337078,0.7300215982721381,0.02845528455284553,0.0,0.0,0.0,0.0,0.0
1.0,0.7282608695652115,0.49382716049382935,0.2851123595505618,0.920086393088553,0.5772357723577236,0.0,0.0,1.0,0.0,0.0
0.5,0.6630434782608603,0.6172839506172849,0.6657303370786518,0.18574514038876888,0.4390243902439025,0.0,0.0,0.0,0.0,0.0
1.0,0.4347826086956488,0.3580246913580325,0.372191011235955,0.6911447084233262,0.2886178861788618,0.0,0.0,0.0,0.0,0.0
0.5,0.21739130434782084,0.3580246913580325,0.460674157303371,0.3369330453563715,0.48780487804878053,0.0,0.0,0.0,0.0,0.0
0.5,0.3369565217391255,0.48148148148148806,0.4129213483146066,0.33477321814254857,0.410569105691057,0.0,0.0,0.0,0.0,0.0
1.0,0.7065217391304301,0.654320987654323,0.9213483146067414,0.0755939524838013,0.12195121951219513,0.0,0.0,0.0,0.0,0.0
0.5,0.29347826086956275,0.24691358024691112,0.4339887640449438,0.40172786177105835,0.821138211382114,0.0,0.0,0.0,0.0,0.0
1.0,0.5326086956521721,0.45679012345679126,0.4466292134831462,0.4298056155507559,0.1951219512195122,0.0,0.0,0.0,0.0,0.0
0.5,0.7282608695652115,0.6296296296296333,0.3679775280898878,0.6263498920086392,0.008130081300813009,0.0,0.0,0.0,0.0,0.0
0.5,0.5869565217391255,0.7407407407407405,0.478932584269663,0.5053995680345572,0.902439024390244,0.0,0.0,0.0,0.0,0.0
0.5,0.6413043478260789,0.6049382716049436,0.6839887640449438,0.21382289416846645,0.1626016260162602,0.0,0.0,0.0,0.0,0.0
0.5,0.4999999999999929,0.4320987654321016,0.8117977528089886,0.11879049676025921,0.467479674796748,0.0,0.0,0.0,0.0,0.0
0.5,0.8695652173913047,0.8518518518518547,0.6179775280898878,0.3131749460043196,0.41463414634146345,0.0,0.0,0.0,0.0,0.0
1.0,0.36956521739129755,0.5432098765432158,0.2598314606741574,0.792656587473002,0.29268292682926833,0.0,0.0,0.0,0.0,0.0
0.5,0.46739130434782794,0.4320987654321016,0.3750000000000002,0.4967602591792656,0.6504065040650407,0.0,0.0,0.0,0.0,0.0
0.5,0.3152173913043441,0.3950617283950635,0.2148876404494382,0.5377969762419006,0.2682926829268293,0.0,0.0,0.0,0.0,0.0
1.0,0.18478260869564878,0.2962962962963047,0.2415730337078652,0.6760259179265657,0.3089430894308943,0.0,0.0,0.0,0.0,0.0
0.0,0.22826086956521152,0.308641975308646,0.247191011235955,0.5788336933045355,0.8089430894308944,0.0,0.0,0.0,0.0,0.0
0.5,0.6630434782608603,0.6296296296296333,0.431179775280899,0.386609071274298,0.6829268292682927,0.0,0.0,0.0,0.0,0.0
0.5,0.4021739130434767,0.5432098765432158,0.3932584269662922,0.37365010799136056,0.22764227642276424,0.0,0.0,0.0,0.0,0.0
0.0,0.5108695652173907,0.4074074074074119,0.616573033707865,0.25269978401727855,0.41869918699187,0.0,0.0,0.0,0.0,0.0
1.0,0.3152173913043441,0.3703703703703738,0.25,0.5205183585313174,0.0,0.0,0.0,0.0,0.0,0.0
0.5,0.08695652173912549,0.18518518518518334,0.6067415730337078,0.2311015118790497,0.07317073170731708,0.0,0.0,0.0,0.0,0.0
0.5,0.2608695652173836,0.3827160493827222,0.6081460674157302,0.3045356371490281,0.4634146341463415,0.0,0.0,0.0,0.0,0.0
0.5,0.4782608695652115,0.6666666666666714,0.5491573033707866,0.3520518358531317,0.5487804878048781,0.0,0.0,0.0,0.0,0.0
0.5,0.6847826086956488,0.6296296296296333,0.4943820224719102,0.33045356371490275,0.6016260162601627,0.0,0.0,0.0,0.0,0.0
0.5,0.9782608695652186,0.9629629629629619,0.8693820224719102,0.11447084233261329,0.6910569105691058,0.0,0.0,0.0,0.0,0.0
1.0,0.6630434782608603,0.654320987654323,0.07162921348314599,0.771058315334773,0.6178861788617886,0.0,0.0,0.0,0.0,0.0
1.0,0.891304347826086,0.7283950617283992,0.5477528089887642,0.3002159827213823,0.5447154471544716,0.0,0.0,0.0,0.0,0.0
0.5,0.3260869565217348,0.3209876543209944,0.377808988764045,0.548596112311015,0.25609756097560976,0.0,0.0,0.0,0.0,0.0
0.5,0.3478260869565162,0.3580246913580325,0.4761235955056178,0.36285097192224613,0.21544715447154475,0.0,0.0,0.0,0.0,0.0
1.0,0.3913043478260789,0.3703703703703738,0.3075842696629214,0.6414686825053995,0.6788617886178863,0.0,0.0,0.0,0.0,0.0
0.5,0.3913043478260789,0.44444444444444997,0.6769662921348314,0.2678185745140388,0.37804878048780494,0.0,0.0,0.0,0.0,0.0
1.0,0.8369565217391255,0.8395061728395063,0.5884831460674158,0.29373650107991367,0.5487804878048781,0.0,0.0,0.0,0.0,0.0
1.0,0.6739130434782581,0.6049382716049436,0.3384831460674158,0.5809935205183585,0.10569105691056911,0.0,0.0,0.0,0.0,0.0
1.0,0.45652173913043015,0.6296296296296333,0.8019662921348314,0.24190064794816413,0.4634146341463415,0.0,0.0,0.0,0.0,0.0
0.5,0.6847826086956488,0.6049382716049436,0.603932584269663,0.48380129589632825,0.39430894308943093,0.0,0.0,0.0,0.0,0.0
1.0,0.22826086956521152,0.3580246913580325,0.484550561797753,0.1943844492440605,0.6626016260162603,0.0,0.0,0.0,0.0,0.0
0.5,0.4782608695652115,0.654320987654323,0.9044943820224718,0.11447084233261329,0.7886178861788619,0.0,0.0,0.0,0.0,0.0
0.5,0.7934782608695627,0.7160493827160508,0.5842696629213482,0.36501079913606904,0.8577235772357724,0.0,0.0,0.0,0.0,0.0
0.5,0.4130434782608674,0.5925925925925952,0.7808988764044942,0.1576673866090712,0.29268292682926833,0.0,0.0,0.0,0.0,0.0
0.5,0.7391304347826093,0.6296296296296333,0.616573033707865,0.36069114470842323,0.1829268292682927,0.0,0.0,0.0,0.0,0.0
1.0,0.45652173913043015,0.44444444444444997,0.6910112359550562,0.1965442764578833,0.5365853658536586,0.0,0.0,0.0,0.0,0.0
0.5,0.4891304347826093,0.6666666666666714,0.8946629213483146,0.10367170626349886,0.7073170731707318,0.0,0.0,0.0,0.0,0.0
0.5,0.3478260869565162,0.3950617283950635,0.8398876404494382,0.16630669546436283,0.459349593495935,0.0,0.0,0.0,0.0,0.0
0.5,0.3260869565217348,0.5308641975308674,0.9480337078651686,0.0820734341252699,0.4634146341463415,0.0,0.0,0.0,0.0,0.0
0.5,0.5978260869565162,0.8395061728395063,0.3370786516853932,0.5874730021598271,0.5,0.0,0.0,0.0,0.0,0.0
1.0,0.2717391304347814,0.2592592592592595,0.5056179775280898,0.509719222462203,0.032520325203252036,0.0,0.0,0.0,0.0,0.0
0.5,0.4021739130434767,0.5679012345679055,0.4058988764044942,0.3455723542116631,0.39430894308943093,0.0,0.0,0.0,0.0,0.0
0.5,0.21739130434782084,0.3209876543209944,0.4719101123595506,0.3801295896328294,0.1829268292682927,0.0,0.0,0.0,0.0,0.0
1.0,0.20652173913043015,0.3209876543209944,0.8581460674157302,0.1598272138228941,0.15447154471544716,0.0,0.0,0.0,0.0,0.0
1.0,0.7717391304347743,0.6172839506172849,0.4747191011235954,0.43844492440604743,0.6178861788617886,0.0,0.0,0.0,0.0,0.0
0.5,0.3152173913043441,0.3950617283950635,0.7022471910112358,0.25053995680345564,0.3008130081300813,0.0,0.0,0.0,0.0,0.0
0.5,0.5108695652173907,0.7037037037037024,0.5716292134831462,0.29157667386609065,0.020325203252032523,0.0,0.0,0.0,0.0,0.0
0.5,0.5978260869565162,0.6913580246913611,0.478932584269663,0.5053995680345572,0.2886178861788618,0.0,0.0,0.0,0.0,0.0
0.5,0.35869565217391397,0.5061728395061778,0.4522471910112358,0.5529157667386609,0.5853658536585367,0.0,0.0,0.0,0.0,1.0
0.5,0.2717391304347814,0.3333333333333357,0.705056179775281,0.17926565874730016,0.7276422764227644,0.0,0.0,0.0,0.0,0.0
1.0,0.4999999999999929,0.5432098765432158,0.2514044943820224,0.7818574514038876,0.7276422764227644,0.0,0.0,0.0,0.0,0.0
0.5,0.3913043478260789,0.6049382716049436,0.252808988764045,0.7019438444924406,0.7723577235772359,0.0,0.0,0.0,0.0,0.0
0.5,0.45652173913043015,0.5308641975308674,0.2879213483146068,0.6976241900647948,0.3821138211382114,0.0,0.0,0.0,0.0,0.0
1.0,0.6739130434782581,0.5432098765432158,0.4002808988764046,0.44708423326133895,0.13008130081300814,0.0,0.0,0.0,0.0,0.0
0.5,0.7608695652173907,0.6913580246913611,0.7008426966292134,0.3088552915766738,0.5162601626016261,0.0,0.0,0.0,0.0,0.0
0.0,0.36956521739129755,0.5555555555555571,0.603932584269663,0.3434125269978401,0.0,0.0,0.0,0.0,0.0,0.0
0.0,0.9021739130434767,0.827160493827158,0.3890449438202246,0.7257019438444925,0.8699186991869919,0.0,0.0,0.0,0.0,0.0
0.5,0.4782608695652115,0.6049382716049436,0.6081460674157302,0.32397408207343414,0.5772357723577236,0.0,0.0,0.0,0.0,0.0
1.0,0.20652173913043015,0.2839506172839492,0.8174157303370786,0.2375809935205183,0.7764227642276423,0.0,0.0,0.0,0.0,0.0
1.0,0.7499999999999929,0.6049382716049436,0.2415730337078652,0.6781857451403888,0.5121951219512195,0.0,1.0,0.0,0.0,0.0
1.0,0.29347826086956275,0.518518518518519,0.5365168539325842,0.2980561555075594,0.1626016260162602,0.0,0.0,0.0,0.0,0.0
0.5,0.5978260869565162,0.6419753086419746,0.771067415730337,0.12095032397408201,0.44308943089430897,0.0,0.0,0.0,0.0,0.0
0.5,0.5543478260869534,0.6666666666666714,0.3117977528089888,0.7343412526997839,0.7845528455284554,0.0,0.0,0.0,0.0,0.0
0.5,0.5434782608695627,0.7407407407407405,0.508426966292135,0.5053995680345572,0.6504065040650407,0.0,0.0,0.0,0.0,1.0
0.5,0.5434782608695627,0.7407407407407405,0.7008426966292134,0.16630669546436283,0.7235772357723578,0.0,0.0,0.0,0.0,0.0
1.0,0.21739130434782084,0.3209876543209944,0.2219101123595506,0.6868250539956802,0.20731707317073172,0.0,0.0,0.0,0.0,0.0
0.5,0.3152173913043441,0.45679012345679126,0.3019662921348314,0.7084233261339092,0.32113821138211385,0.0,0.0,0.0,0.0,0.0
1.0,0.7173913043478208,0.6419753086419746,0.3342696629213484,0.5637149028077754,0.10569105691056911,0.0,0.0,0.0,0.0,0.0
0.5,0.6847826086956488,0.5555555555555571,0.2823033707865168,0.7991360691144709,0.2764227642276423,0.0,0.0,0.0,0.0,0.0
0.0,0.4782608695652115,0.4320987654321016,0.383426966292135,0.44276457883369325,0.7398373983739838,0.0,0.0,0.0,0.0,0.0
0.5,0.6086956521739069,0.654320987654323,0.3497191011235954,0.6047516198704104,0.23983739837398377,0.0,0.0,0.0,0.0,0.0
1.0,0.8804347826086882,0.7037037037037024,0.5941011235955058,0.20518358531317493,0.49593495934959353,0.0,0.0,0.0,0.0,0.0
0.5,0.8260869565217348,0.8148148148148167,0.353932584269663,0.5961123110151187,0.7032520325203253,0.0,0.0,0.0,0.0,0.0
0.5,0.5652173913043441,0.5061728395061778,0.2752808988764046,0.7365010799136069,0.8414634146341464,0.0,0.0,0.0,1.0,0.0
1.0,0.2391304347826022,0.3333333333333357,0.4522471910112358,0.36933045356371497,0.8739837398373985,0.0,0.0,0.0,0.0,0.0
0.5,0.7934782608695627,0.5925925925925952,0.580056179775281,0.2742980561555075,0.7845528455284554,0.0,0.0,0.0,0.0,0.0
0.0,0.8695652173913047,0.8518518518518547,0.9044943820224718,0.08855291576673863,0.5365853658536586,0.0,0.0,0.0,0.0,0.0
1.0,0.2391304347826022,0.46913580246913966,0.5196629213483146,0.48164146868250535,0.24390243902439027,0.0,0.0,0.0,0.0,0.0
0.5,0.35869565217391397,0.5061728395061778,0.401685393258427,0.49028077753779686,0.8333333333333334,0.0,0.0,0.0,0.0,0.0
0.5,0.4239130434782581,0.5802469135802468,0.4058988764044942,0.5010799136069113,0.13008130081300814,0.0,0.0,0.0,0.0,0.0
0.5,0.7173913043478208,0.6049382716049436,0.5997191011235954,0.28725701943844484,0.3536585365853659,0.0,0.0,0.0,0.0,0.0
0.5,0.6739130434782581,0.6172839506172849,0.6109550561797754,0.33261339092872566,0.8861788617886179,0.0,0.0,0.0,0.0,0.0
0.5,0.8369565217391255,0.8148148148148167,0.4171348314606742,0.4600431965442764,0.508130081300813,0.0,0.0,0.0,0.0,0.0
0.5,0.4347826086956488,0.3827160493827222,0.2219101123595506,0.5961123110151187,0.8089430894308944,0.0,0.0,0.0,0.0,0.0
0.5,0.5760869565217348,0.48148148148148806,0.1502808988764046,0.8056155507559395,0.48373983739837406,0.0,0.0,0.0,0.0,0.0
0.5,0.29347826086956275,0.3209876543209944,0.5070224719101122,0.3153347732181425,0.8658536585365855,0.0,0.0,0.0,0.0,0.0
0.5,0.4347826086956488,0.3703703703703738,0.8693820224719102,0.12742980561555073,0.5284552845528456,0.0,0.0,0.0,0.0,0.0
1.0,0.4999999999999929,0.5802469135802468,0.5519662921348314,0.3066954643628509,0.7642276422764228,0.0,0.0,0.0,0.0,0.0
0.5,0.36956521739129755,0.48148148148148806,0.6769662921348314,0.2375809935205183,0.7235772357723578,0.0,0.0,0.0,0.0,0.0
1.0,0.30434782608695343,0.5308641975308674,0.2949438202247192,0.4967602591792656,0.2642276422764228,0.0,0.0,0.0,0.0,0.0
0.5,0.44565217391303946,0.6296296296296333,0.2921348314606742,0.6220302375809934,0.5650406504065041,0.0,0.0,0.0,0.0,0.0
0.5,0.4782608695652115,0.6666666666666714,0.7120786516853934,0.2267818574514039,0.6016260162601627,0.0,0.0,0.0,0.0,0.0
0.5,0.5760869565217348,0.45679012345679126,0.5140449438202246,0.5032397408207343,0.9471544715447155,0.0,0.0,0.0,0.0,0.0
0.0,0.6086956521739069,0.5925925925925952,0.4620786516853934,0.4557235421166307,0.19918699186991873,0.0,0.0,0.0,0.0,0.0
0.5,0.5326086956521721,0.5061728395061778,0.330056179775281,0.630669546436285,0.06504065040650407,0.0,0.0,0.0,0.0,0.0
0.5,0.1630434782608674,0.2592592592592595,0.2963483146067416,0.5961123110151187,0.6300813008130082,0.0,0.0,0.0,0.0,0.0
0.5,0.7282608695652115,0.5308641975308674,0.9115168539325842,0.06047516198704095,0.7235772357723578,0.0,0.0,0.0,0.0,0.0
0.5,0.3369565217391255,0.308641975308646,0.6109550561797754,0.2786177105831533,0.24796747967479676,0.0,0.0,0.0,0.0,0.0
0.5,0.5543478260869534,0.6790123456790127,0.3553370786516854,0.792656587473002,0.7032520325203253,0.0,0.0,0.0,0.0,0.0
1.0,0.1521739130434696,0.20987654320987303,0.491573033707865,0.2678185745140388,0.7398373983739838,0.0,0.0,0.0,0.0,0.0
0.5,0.9673913043478208,0.9382716049382722,0.681179775280899,0.3369330453563715,0.7317073170731708,0.0,0.0,0.0,0.0,0.0
0.5,0.7826086956521721,0.7037037037037024,0.5280898876404494,0.3779697624190065,0.8495934959349595,0.0,0.0,0.0,0.0,0.0
0.5,0.7499999999999929,0.654320987654323,0.9115168539325842,0.06695464362850967,0.28455284552845533,0.0,0.0,0.0,0.0,0.0
0.5,0.36956521739129755,0.49382716049382935,0.5112359550561798,0.37365010799136056,0.0,0.0,0.0,0.0,0.0,0.0
0.5,0.7717391304347743,0.654320987654323,0.425561797752809,0.43844492440604743,0.7804878048780488,0.0,0.0,0.0,0.0,0.0
0.5,0.6304347826086953,0.5555555555555571,0.3820224719101122,0.7602591792656586,0.03658536585365854,0.0,0.0,0.0,0.0,0.0
1.0,0.30434782608695343,0.23456790123456983,0.8160112359550562,0.16414686825053992,0.0934959349593496,0.0,0.0,0.0,0.0,0.0
0.5,0.6521739130434767,0.6049382716049436,0.271067415730337,0.593952483801296,0.1829268292682927,0.0,0.0,0.0,0.0,0.0
0.5,0.22826086956521152,0.3703703703703738,0.508426966292135,0.36285097192224613,0.508130081300813,0.0,0.0,0.0,0.0,0.0
0.5,0.5760869565217348,0.5308641975308674,0.3398876404494382,0.6349892008639308,0.7073170731707318,0.0,0.0,0.0,0.0,0.0
0.0,0.8804347826086882,0.8024691358024683,0.521067415730337,0.36069114470842323,0.3455284552845529,0.0,0.0,0.0,0.0,0.0
1.0,0.5108695652173907,0.48148148148148806,0.6109550561797754,0.347732181425486,0.21544715447154475,0.0,0.0,0.0,0.0,0.0
0.0,0.17391304347825098,0.3209876543209944,0.4087078651685394,0.41252699784017277,0.7195121951219513,0.0,0.0,0.0,0.0,0.0
0.0,0.3260869565217348,0.2839506172839492,0.6376404494382022,0.2311015118790497,0.008130081300813009,0.0,0.0,0.0,0.0,0.0
0.5,0.5760869565217348,0.7407407407407405,0.3441011235955058,0.7019438444924406,0.8455284552845529,0.0,0.0,0.0,0.0,0.0
0.5,0.3369565217391255,0.5308641975308674,0.5280898876404494,0.5205183585313174,0.0934959349593496,0.0,0.0,0.0,0.0,0.0
0.5,0.21739130434782084,0.3333333333333357,0.401685393258427,0.5745140388768899,0.2642276422764228,0.0,0.0,0.0,0.0,0.0
0.5,0.3369565217391255,0.3209876543209944,0.407303370786517,0.427645788336933,0.7479674796747968,0.0,0.0,0.0,0.0,0.0
1.0,0.5978260869565162,0.654320987654323,0.5575842696629214,0.3563714902807775,0.44308943089430897,0.0,0.0,0.0,0.0,0.0
0.5,0.891304347826086,0.790123456790127,0.4761235955056178,0.3520518358531317,0.43495934959349597,0.0,0.0,0.0,0.0,0.0
0.5,0.22826086956521152,0.4197530864197603,0.4143258426966294,0.6414686825053995,0.6097560975609757,0.0,0.0,0.0,0.0,0.0
0.5,0.9565217391304373,0.9382716049382722,0.4030898876404494,0.427645788336933,0.28455284552845533,0.0,0.0,0.0,0.0,0.0
0.5,0.6413043478260789,0.5679012345679055,0.443820224719101,0.3887688984881209,0.24796747967479676,0.0,0.0,0.0,0.0,0.0
0.5,0.5652173913043441,0.44444444444444997,0.396067415730337,0.5593952483801296,0.3617886178861789,0.0,0.0,0.0,0.0,0.0
0.5,0.25,0.46913580246913966,0.5140449438202246,0.3196544276457882,0.2764227642276423,0.0,0.0,0.0,0.0,0.0
1.0,0.38043478260869534,0.6049382716049436,0.6418539325842698,0.29589632829373635,0.03658536585365854,0.0,0.0,0.0,0.0,0.0
0.5,0.9565217391304373,0.9135802469135825,0.5154494382022474,0.2332613390928725,0.03658536585365854,0.0,0.0,0.0,0.0,0.0
0.0,0.38043478260869534,0.5555555555555571,0.3820224719101122,0.5356371490280777,0.43495934959349597,0.0,0.0,0.0,0.0,0.0
0.5,0.38043478260869534,0.3580246913580325,0.4466292134831462,0.32181425485961124,0.22357723577235775,0.0,0.0,0.0,0.0,0.0
0.5,0.8260869565217348,0.8148148148148167,0.4662921348314606,0.44708423326133895,0.7439024390243903,0.0,0.0,0.0,0.0,0.0
0.5,0.5869565217391255,0.7654320987654302,0.3314606741573034,0.5961123110151187,0.7276422764227644,0.0,0.0,0.0,0.0,0.0
0.5,0.3913043478260789,0.5802469135802468,0.5098314606741574,0.3801295896328294,0.6463414634146342,0.0,0.0,0.0,0.0,0.0
0.0,0.3152173913043441,0.3333333333333357,0.3019662921348314,0.6846652267818574,0.3089430894308943,0.0,0.0,0.0,0.0,0.0
0.5,0.6956521739130395,0.6049382716049436,0.4044943820224718,0.5118790496760258,0.3252032520325204,0.0,0.0,0.0,0.0,0.0
0.5,0.1630434782608674,0.24691358024691112,0.5365168539325842,0.4319654427645788,0.3617886178861789,0.0,0.0,0.0,0.0,0.0
0.5,0.4891304347826093,0.5802469135802468,0.556179775280899,0.3520518358531317,0.0,0.0,0.0,0.0,0.0,0.0
0.5,0.6521739130434767,0.6296296296296333,0.2780898876404494,0.6004319654427646,0.13414634146341464,0.0,0.0,0.0,0.0,0.0
1.0,0.5869565217391255,0.46913580246913966,0.2373595505617978,0.5161987041036716,0.5121951219512195,0.0,0.0,0.0,0.0,0.0
0.5,0.9673913043478208,0.9753086419753103,0.3202247191011236,0.5593952483801296,0.6056910569105691,0.0,0.0,0.0,0.0,0.0
1.0,0.5108695652173907,0.48148148148148806,0.5674157303370786,0.2699784017278618,0.6178861788617886,0.0,0.0,0.0,0.0,0.0
0.5,0.5760869565217348,0.7777777777777786,0.431179775280899,0.47732181425485964,0.012195121951219513,0.0,0.0,0.0,0.0,0.0
1.0,0.4239130434782581,0.3456790123456841,0.7851123595505618,0.19006479481641458,0.6097560975609757,0.0,0.0,0.0,0.0,0.0
1.0,0.2391304347826022,0.45679012345679126,0.2921348314606742,0.8228941684665227,0.13821138211382114,0.0,0.0,0.0,0.0,0.0
1.0,0.891304347826086,0.827160493827158,0.5941011235955058,0.21598272138228936,0.39837398373983746,0.0,0.0,0.0,0.0,0.0
0.5,0.22826086956521152,0.3209876543209944,0.734550561797753,0.2332613390928725,0.03658536585365854,0.0,0.0,0.0,0.0,0.0
0.5,0.6413043478260789,0.6172839506172849,0.5407303370786518,0.3930885529157666,0.19918699186991873,0.0,0.0,0.0,0.0,0.0
1.0,0.7282608695652115,0.6296296296296333,0.3679775280898878,0.5658747300215982,0.06910569105691057,0.0,0.0,0.0,0.0,0.0
0.5,0.18478260869564878,0.24691358024691112,0.3707865168539326,0.5680345572354211,0.032520325203252036,0.0,0.0,0.0,0.0,0.0
0.0,0.5652173913043441,0.5308641975308674,0.4382022471910114,0.5896328293736499,0.7479674796747968,0.0,0.0,0.0,0.0,0.0
0.5,0.3478260869565162,0.5308641975308674,0.872191011235955,0.12958963282937364,0.0894308943089431,0.0,0.0,0.0,0.0,0.0
0.5,0.3369565217391255,0.3209876543209944,0.3511235955056178,0.9114470842332612,0.0813008130081301,0.0,0.0,1.0,0.0,0.0
1.0,0.21739130434782084,0.308641975308646,0.693820224719101,0.3196544276457882,0.08536585365853659,0.0,0.0,0.0,0.0,0.0
0.5,0.46739130434782794,0.5555555555555571,0.2780898876404494,0.8725701943844493,0.052845528455284556,0.0,0.0,0.0,0.0,0.0
0.5,0.6195652173912976,0.8148148148148167,0.5154494382022474,0.3196544276457882,0.451219512195122,0.0,0.0,0.0,0.0,0.0
1.0,0.5760869565217348,0.5061728395061778,0.717696629213483,0.2375809935205183,0.7601626016260163,0.0,0.0,0.0,0.0,0.0
1.0,0.25,0.44444444444444997,0.4859550561797754,0.4708423326133908,0.012195121951219513,0.0,0.0,0.0,0.0,0.0
0.0,0.6739130434782581,0.5925925925925952,0.4985955056179774,0.5226781857451402,0.17479674796747968,0.0,0.0,0.0,0.0,0.0
0.5,0.7499999999999929,0.7160493827160508,0.419943820224719,0.550755939524838,0.3536585365853659,0.0,0.0,0.0,0.0,0.0
0.5,0.6521739130434767,0.5802469135802468,0.4466292134831462,0.4643628509719222,0.7804878048780488,0.0,0.0,0.0,0.0,0.0
1.0,0.38043478260869534,0.5308641975308674,0.4227528089887642,0.5356371490280777,0.3252032520325204,0.0,0.0,0.0,0.0,0.0
0.5,0.5978260869565162,0.6049382716049436,0.5533707865168538,0.3844492440604751,0.9227642276422765,1.0,0.0,0.0,0.0,0.0
0.5,0.5869565217391255,0.6172839506172849,0.348314606741573,0.41468682505399557,0.0894308943089431,0.0,0.0,0.0,0.0,0.0
0.5,0.5434782608695627,0.7283950617283992,0.5786516853932586,0.40388768898488114,0.6260162601626017,0.0,0.0,0.0,0.0,0.0
0.5,0.06521739130434412,0.11111111111111427,0.324438202247191,0.6501079913606911,0.20731707317073172,0.0,0.0,0.0,0.0,0.0
0.5,0.4130434782608674,0.4074074074074119,0.3117977528089888,0.7278617710583153,0.07317073170731708,0.0,0.0,0.0,0.0,0.0
1.0,0.6630434782608603,0.5925925925925952,0.5337078651685394,0.427645788336933,0.3373983739837399,0.0,0.0,0.0,0.0,0.0
0.5,0.7391304347826093,0.6913580246913611,0.3258426966292136,0.5183585313174945,0.17479674796747968,0.0,0.0,0.0,0.0,0.0
0.0,0.7499999999999929,0.7283950617283992,0.5772471910112358,0.36069114470842323,0.33333333333333337,0.0,0.0,0.0,0.0,0.0
0.5,0.5760869565217348,0.6419753086419746,0.4044943820224718,0.3844492440604751,0.34959349593495936,0.0,0.0,0.0,0.0,0.0
0.5,0.2391304347826022,0.44444444444444997,0.3103932584269664,0.5053995680345572,0.7926829268292683,0.0,0.0,0.0,0.0,0.0
0.5,0.3260869565217348,0.3209876543209944,0.3497191011235954,0.5788336933045355,0.2642276422764228,0.0,0.0,0.0,0.0,0.0
0.5,0.22826086956521152,0.3209876543209944,0.5308988764044942,0.3930885529157666,0.0,0.0,0.0,0.0,0.0,0.0
0.5,0.7934782608695627,0.6296296296296333,0.425561797752809,0.3520518358531317,0.6504065040650407,0.0,0.0,0.0,0.0,0.0
0.5,0.46739130434782794,0.6296296296296333,0.6474719101123594,0.2332613390928725,0.4634146341463415,0.0,0.0,0.0,0.0,0.0
1.0,0.3260869565217348,0.3827160493827222,0.2331460674157304,0.6911447084233262,0.42276422764227645,0.0,0.0,0.0,0.0,0.0
1.0,0.36956521739129755,0.48148148148148806,0.7794943820224718,0.1555075593952484,0.32113821138211385,0.0,0.0,0.0,0.0,0.0
1.0,0.3913043478260789,0.5432098765432158,0.5224719101123594,0.44276457883369325,0.7154471544715448,0.0,0.0,0.0,0.0,0.0
0.5,0.3369565217391255,0.308641975308646,0.2542134831460674,0.5572354211663066,0.25609756097560976,0.0,0.0,0.0,0.0,0.0
0.5,0.5434782608695627,0.46913580246913966,0.5168539325842698,0.3844492440604751,0.17073170731707318,0.0,0.0,0.0,0.0,0.0
0.5,0.28260869565216495,0.2592592592592595,0.2668539325842696,0.6501079913606911,0.5284552845528456,0.0,0.0,0.0,0.0,0.0
0.5,0.22826086956521152,0.3333333333333357,0.2640449438202248,0.8056155507559395,0.21138211382113822,0.0,0.0,0.0,0.0,0.0
0.5,0.5652173913043441,0.7777777777777786,0.526685393258427,0.35853131749460043,0.459349593495935,0.0,0.0,0.0,0.0,0.0
0.0,0.7499999999999929,0.6913580246913611,0.8075842696629214,0.13606911447084225,0.016260162601626018,0.0,0.0,0.0,0.0,0.0
1.0,0.25,0.3209876543209944,0.5393258426966294,0.3131749460043196,0.2886178861788618,0.0,0.0,0.0,0.0,0.0
1.0,0.4021739130434767,0.45679012345679126,0.5308988764044942,0.37149028077753765,0.28455284552845533,0.0,0.0,0.0,0.0,0.0
0.5,0.6521739130434767,0.5432098765432158,0.4887640449438202,0.4643628509719222,0.03658536585365854,0.0,0.0,0.0,0.0,0.0
0.5,0.21739130434782084,0.3209876543209944,0.3469101123595506,0.4708423326133908,0.38617886178861793,0.0,0.0,0.0,0.0,0.0
0.5,0.30434782608695343,0.3209876543209944,0.2078651685393258,0.9265658747300216,0.052845528455284556,0.0,0.0,0.0,0.0,0.0
0.0,0.4347826086956488,0.4197530864197603,0.5182584269662922,0.44492440604751615,0.48780487804878053,0.0,0.0,0.0,0.0,0.0
1.0,0.5760869565217348,0.48148148148148806,0.449438202247191,0.3952483801295895,0.2764227642276423,0.0,0.0,0.0,0.0,0.0
0.5,0.1630434782608674,0.23456790123456983,0.568820224719101,0.3779697624190065,0.5121951219512195,0.0,0.0,0.0,0.0,0.0
1.0,0.3913043478260789,0.308641975308646,0.3202247191011236,0.673866090712743,0.17479674796747968,0.0,0.0,0.0,0.0,0.0
1.0,0.5326086956521721,0.48148148148148806,0.4325842696629214,0.4686825053995679,0.16666666666666669,0.0,0.0,0.0,0.0,0.0
0.5,0.1630434782608674,0.2716049382716008,0.723314606741573,0.2311015118790497,0.1951219512195122,0.0,0.0,0.0,0.0,0.0
1.0,0.2391304347826022,0.3580246913580325,0.101123595505618,0.8768898488120951,0.31300813008130085,0.0,0.0,0.0,0.0,0.0
0.5,0.7934782608695627,0.7407407407407405,0.8286516853932586,0.1511879049676026,0.12195121951219513,0.0,0.0,0.0,0.0,0.0
0.5,0.2608695652173836,0.3950617283950635,0.6727528089887642,0.17278617710583155,0.07723577235772358,0.0,0.0,0.0,0.0,0.0
1.0,0.1630434782608674,0.2962962962963047,0.9269662921348314,0.08855291576673863,0.861788617886179,0.0,0.0,0.0,0.0,0.0
0.5,0.4891304347826093,0.6913580246913611,0.7640449438202246,0.21382289416846645,0.0975609756097561,0.0,0.0,0.0,0.0,0.0
0.5,0.36956521739129755,0.518518518518519,0.3946629213483146,0.386609071274298,0.3008130081300813,0.0,0.0,0.0,0.0,0.0
1.0,0.7065217391304301,0.6049382716049436,0.3876404494382022,0.43412526997840173,0.5203252032520326,0.0,0.0,0.0,0.0,0.0
0.5,0.2608695652173836,0.18518518518518334,0.4705056179775282,0.33909287257019427,0.7926829268292683,0.0,0.0,0.0,0.0,0.0
1.0,0.5543478260869534,0.7407407407407405,0.3019662921348314,0.48596112311015116,0.7154471544715448,0.0,0.0,0.0,0.0,0.0
0.5,0.5108695652173907,0.5802469135802468,0.4522471910112358,0.5356371490280777,0.5406504065040652,0.0,0.0,0.0,0.0,0.0
1.0,0.6413043478260789,0.8148148148148167,0.5126404494382022,0.3930885529157666,0.3536585365853659,0.0,0.0,0.0,0.0,0.0
1.0,0.8478260869565233,0.7037037037037024,0.9101123595505618,0.06911447084233258,0.6544715447154472,0.0,0.0,0.0,0.0,0.0
0.5,0.29347826086956275,0.3950617283950635,0.4452247191011238,0.35853131749460043,0.42276422764227645,0.0,0.0,0.0,0.0,0.0
1.0,0.22826086956521152,0.3580246913580325,0.4761235955056178,0.386609071274298,0.13414634146341464,0.0,0.0,0.0,0.0,0.0
0.5,0.2717391304347814,0.23456790123456983,0.3693820224719102,0.6760259179265657,0.426829268292683,0.0,0.0,0.0,0.0,0.0
1.0,0.9456521739130395,0.864197530864196,0.383426966292135,0.6717062634989202,0.6504065040650407,0.0,0.0,0.0,0.0,0.0
1.0,0.7608695652173907,0.654320987654323,0.5547752808988766,0.28941684665226775,0.6422764227642277,0.0,0.0,0.0,0.0,0.0
0.5,0.25,0.4320987654321016,0.6011235955056178,0.28077753779697623,0.6300813008130082,0.0,0.0,0.0,0.0,0.0
0.5,0.6630434782608603,0.5308641975308674,0.8328651685393258,0.11879049676025921,0.12195121951219513,0.0,0.0,0.0,0.0,0.0
0.5,0.45652173913043015,0.4074074074074119,0.4424157303370786,0.5291576673866091,0.410569105691057,0.0,0.0,0.0,0.0,0.0
1.0,0.22826086956521152,0.3209876543209944,0.4213483146067414,0.4708423326133908,0.1910569105691057,0.0,0.0,0.0,0.0,0.0
0.5,0.5434782608695627,0.48148148148148806,0.5758426966292134,0.3887688984881209,0.5691056910569107,0.0,0.0,0.0,0.0,0.0
0.5,0.5434782608695627,0.48148148148148806,0.585674157303371,0.3131749460043196,0.7195121951219513,0.0,0.0,0.0,0.0,0.0
0.5,0.6195652173912976,0.6419753086419746,0.782303370786517,0.19006479481641458,0.524390243902439,0.0,0.0,0.0,0.0,0.0
1.0,0.3260869565217348,0.48148148148148806,0.401685393258427,0.7494600431965441,0.7764227642276423,0.0,0.0,0.0,0.0,0.0
0.5,0.5978260869565162,0.7037037037037024,0.1867977528089888,0.8099352051835853,0.17479674796747968,0.0,0.0,0.0,0.0,0.0
1.0,0.5978260869565162,0.5925925925925952,0.2064606741573034,0.8401727861771058,0.7723577235772359,0.0,0.0,0.0,0.0,0.0
0.5,0.891304347826086,0.864197530864196,0.717696629213483,0.1555075593952484,0.1626016260162602,0.0,0.0,0.0,0.0,0.0
0.5,0.2717391304347814,0.3209876543209944,0.4129213483146066,0.5334773218142548,0.6910569105691058,0.0,0.0,0.0,0.0,0.0
0.5,0.3152173913043441,0.3209876543209944,0.1699438202247192,0.6414686825053995,0.1829268292682927,0.0,0.0,0.0,0.0,0.0
0.5,0.8152173913043441,0.654320987654323,0.5351123595505618,0.3974082073434124,0.3455284552845529,0.0,0.0,0.0,0.0,0.0
1.0,0.5217391304347814,0.5432098765432158,0.3075842696629214,0.5723542116630669,0.04065040650406505,0.0,0.0,0.0,0.0,0.0
1.0,0.7826086956521721,0.654320987654323,0.2865168539325842,0.6911447084233262,0.47154471544715454,0.0,0.0,0.0,0.0,0.0
0.5,0.5978260869565162,0.7777777777777786,0.279494382022472,0.630669546436285,0.7195121951219513,0.0,0.0,0.0,0.0,0.0
1.0,0.8260869565217348,0.654320987654323,0.3567415730337078,0.6436285097192225,0.22357723577235775,0.0,0.0,0.0,0.0,0.0
1.0,0.8369565217391255,0.8148148148148167,0.4213483146067414,0.40388768898488114,0.4634146341463415,0.0,0.0,0.0,0.0,0.0
0.5,0.6413043478260789,0.654320987654323,0.8117977528089886,0.1943844492440605,0.7926829268292683,0.0,0.0,0.0,0.0,0.0
0.5,0.38043478260869534,0.308641975308646,0.3651685393258426,0.7192224622030237,0.08536585365853659,0.0,0.0,0.0,0.0,0.0
0.5,0.3913043478260789,0.5555555555555571,0.532303370786517,0.48380129589632825,0.7276422764227644,0.0,0.0,0.0,0.0,0.0
0.5,0.8804347826086882,0.864197530864196,0.252808988764045,0.548596112311015,0.10569105691056911,0.0,0.0,0.0,0.0,0.0
0.5,0.5869565217391255,0.654320987654323,0.3553370786516854,0.5356371490280777,0.48373983739837406,0.0,0.0,0.0,0.0,0.0
1.0,0.9347826086956488,0.9135802469135825,0.4648876404494382,0.4535637149028078,0.49186991869918706,0.0,0.0,0.0,0.0,0.0
1.0,0.4999999999999929,0.48148148148148806,0.2542134831460674,0.5248380129589632,0.0813008130081301,0.0,0.0,0.0,0.0,0.0
1.0,0.6630434782608603,0.654320987654323,0.342696629213483,0.4989200863930886,0.052845528455284556,0.0,0.0,0.0,0.0,0.0
0.5,0.6630434782608603,0.5679012345679055,0.4339887640449438,0.4600431965442764,0.7926829268292683,0.0,0.0,0.0,0.0,0.0
0.5,0.6739130434782581,0.6296296296296333,0.4452247191011238,0.4514038876889849,0.47967479674796754,0.0,0.0,0.0,0.0,0.0
0.5,0.4021739130434767,0.5802469135802468,0.2640449438202248,0.7278617710583153,0.926829268292683,0.0,0.0,0.0,1.0,0.0
1.0,0.4999999999999929,0.5925925925925952,0.5519662921348314,0.4168466522678185,0.7439024390243903,0.0,0.0,0.0,0.0,0.0
0.5,0.38043478260869534,0.4197530864197603,0.4297752808988766,0.6263498920086392,0.5203252032520326,0.0,0.0,0.0,0.0,0.0
0.5,0.9130434782608674,0.864197530864196,0.3412921348314606,0.548596112311015,0.7804878048780488,0.0,0.0,0.0,0.0,0.0
0.5,0.7934782608695627,0.790123456790127,0.226123595505618,0.6673866090712743,0.83739837398374,0.0,0.0,0.0,0.0,0.0
0.5,0.9782608695652186,0.9382716049382722,0.8314606741573034,0.10367170626349886,0.1585365853658537,0.0,0.0,0.0,0.0,0.0
1.0,0.7282608695652115,0.6049382716049436,0.5000000000000002,0.37365010799136056,0.3902439024390244,0.0,0.0,0.0,0.0,0.0
1.0,0.25,0.46913580246913966,0.7387640449438202,0.2613390928725702,0.2642276422764228,0.0,0.0,0.0,0.0,0.0
0.5,0.891304347826086,0.864197530864196,0.2949438202247192,0.630669546436285,0.33333333333333337,0.0,0.0,0.0,0.0,0.0
0.5,0.5217391304347814,0.48148148148148806,0.5365168539325842,0.3174946004319653,0.13008130081300814,0.0,0.0,0.0,0.0,0.0
0.5,0.38043478260869534,0.5061728395061778,0.800561797752809,0.1598272138228941,0.5284552845528456,0.0,0.0,0.0,0.0,0.0
1.0,0.5978260869565162,0.7777777777777786,0.3750000000000002,0.5377969762419006,0.7439024390243903,0.0,0.0,0.0,0.0,0.0
0.5,0.38043478260869534,0.5308641975308674,0.3089887640449438,0.550755939524838,0.7520325203252033,0.0,0.0,0.0,0.0,0.0
0.5,0.18478260869564878,0.2962962962963047,0.3455056179775282,0.7321814254859611,0.5609756097560976,0.0,0.0,0.0,0.0,0.0
0.5,0.6086956521739069,0.6172839506172849,0.6671348314606742,0.18142548596112307,0.07317073170731708,0.0,0.0,0.0,0.0,0.0
1.0,0.9239130434782581,0.864197530864196,0.5224719101123594,0.28725701943844484,0.5203252032520326,0.0,0.0,0.0,0.0,0.0
0.5,0.4239130434782581,0.5679012345679055,0.3455056179775282,0.4319654427645788,0.0934959349593496,0.0,0.0,0.0,0.0,0.0
0.5,0.6195652173912976,0.7283950617283992,0.3609550561797754,0.5010799136069113,0.5325203252032521,0.0,0.0,0.0,0.0,0.0
0.5,0.22826086956521152,0.4074074074074119,0.5407303370786518,0.29373650107991367,0.7113821138211383,0.0,0.0,0.0,0.0,0.0
0.5,0.5869565217391255,0.5432098765432158,0.7556179775280898,0.263498920086393,0.6910569105691058,0.0,0.0,0.0,0.0,0.0
1.0,0.9782608695652186,0.9753086419753103,0.5646067415730338,0.25917926565874727,0.821138211382114,0.0,0.0,0.0,0.0,0.0
0.5,0.6521739130434767,0.6049382716049436,0.4859550561797754,0.4686825053995679,0.7154471544715448,0.0,0.0,0.0,0.0,0.0
0.5,0.5108695652173907,0.5555555555555571,0.425561797752809,0.3520518358531317,0.2682926829268293,0.0,0.0,0.0,0.0,0.0
0.5,0.35869565217391397,0.5061728395061778,0.5308988764044942,0.2699784017278618,0.8170731707317074,0.0,0.0,0.0,0.0,0.0
0.0,0.20652173913043015,0.3456790123456841,0.478932584269663,0.4600431965442764,0.7804878048780488,0.0,0.0,0.0,0.0,0.0
0.5,0.5217391304347814,0.7160493827160508,0.2120786516853932,0.7321814254859611,0.10569105691056911,0.0,0.0,0.0,0.0,0.0
1.0,0.5652173913043441,0.45679012345679126,0.9747191011235954,0.07991360691144711,0.12601626016260165,0.0,0.0,0.0,0.0,0.0
1.0,0.8260869565217348,0.8024691358024683,0.7893258426966294,0.1166306695464363,0.39837398373983746,0.0,0.0,0.0,0.0,0.0
0.5,0.3478260869565162,0.3827160493827222,0.1713483146067416,0.8336933045356372,0.10569105691056911,0.0,0.0,0.0,0.0,0.0
1.0,0.8369565217391255,0.8395061728395063,0.478932584269663,0.47516198704103674,0.3089430894308943,0.0,0.0,0.0,0.0,0.0
0.0,0.6413043478260789,0.6049382716049436,0.3848314606741574,0.6565874730021597,0.4634146341463415,0.0,0.0,0.0,0.0,0.0
0.5,0.4021739130434767,0.3703703703703738,0.734550561797753,0.18358531317494597,0.83739837398374,0.0,0.0,0.0,0.0,0.0
1.0,0.38043478260869534,0.5679012345679055,0.5477528089887642,0.4686825053995679,0.3699186991869919,0.0,0.0,0.0,0.0,0.0
0.5,0.5217391304347814,0.7160493827160508,0.4044943820224718,0.5853131749460043,0.8170731707317074,0.0,0.0,0.0,0.0,0.0
0.5,0.4021739130434767,0.3580246913580325,0.7738764044943822,0.2656587473002159,0.6544715447154472,0.0,0.0,0.0,0.0,0.0
1.0,0.3369565217391255,0.46913580246913966,0.4227528089887642,0.4665226781857451,0.48373983739837406,0.0,0.0,0.0,0.0,0.0
0.5,0.5760869565217348,0.7407407407407405,0.5238764044943822,0.3196544276457882,0.3089430894308943,0.0,0.0,0.0,0.0,0.0
1.0,0.6847826086956488,0.5802469135802468,0.3820224719101122,0.40820734341252696,0.47967479674796754,0.0,0.0,0.0,0.0,0.0
0.5,0.8043478260869534,0.5925925925925952,0.6446629213483146,0.2311015118790497,0.7926829268292683,0.0,0.0,0.0,0.0,0.0
0.5,0.14130434782608603,0.20987654320987303,0.6081460674157302,0.17062634989200864,0.7113821138211383,0.0,0.0,0.0,0.0,0.0
0.5,0.9130434782608674,0.9012345679012341,0.8820224719101122,0.09071274298056153,0.8495934959349595,0.0,0.0,0.0,0.0,0.0
0.5,0.29347826086956275,0.3580246913580325,0.1825842696629214,0.6630669546436283,0.6910569105691058,0.0,0.0,0.0,0.0,0.0
0.5,0.6630434782608603,0.5802469135802468,0.7106741573033706,0.2267818574514039,0.4471544715447155,0.0,0.0,0.0,0.0,0.0
1.0,0.7173913043478208,0.6172839506172849,0.460674157303371,0.3779697624190065,0.28455284552845533,0.0,0.0,0.0,0.0,0.0
1.0,0.19565217391303946,0.3333333333333357,0.3497191011235954,0.7192224622030237,0.8089430894308944,0.0,0.0,0.0,0.0,0.0
1.0,0.9456521739130395,0.9135802469135825,0.717696629213483,0.24406047516198692,0.47154471544715454,0.0,0.0,0.0,0.0,0.0
1.0,0.38043478260869534,0.3703703703703738,0.5056179775280898,0.3909287257019438,0.1788617886178862,0.0,0.0,0.0,0.0,0.0
0.5,0.5108695652173907,0.44444444444444997,0.526685393258427,0.20734341252699784,0.6829268292682927,0.0,0.0,0.0,0.0,0.0
0.5,0.5326086956521721,0.4320987654321016,0.3469101123595506,0.5032397408207343,0.0975609756097561,0.0,0.0,0.0,0.0,0.0
0.5,0.17391304347825098,0.2839506172839492,0.2092696629213484,0.7300215982721381,0.02845528455284553,0.0,0.0,0.0,0.0,0.0
1.0,0.4999999999999929,0.45679012345679126,0.4578651685393258,0.49028077753779686,0.7723577235772359,0.0,0.0,0.0,0.0,0.0
0.5,0.30434782608695343,0.2839506172839492,0.3412921348314606,0.5593952483801296,0.24796747967479676,0.0,0.0,0.0,0.0,0.0
0.5,0.1521739130434696,0.2592592592592595,0.279494382022472,0.5917926565874729,0.15040650406504066,0.0,0.0,0.0,0.0,0.0
1.0,0.45652173913043015,0.4320987654321016,0.5716292134831462,0.3412526997840172,0.0894308943089431,0.0,0.0,0.0,0.0,0.0
0.5,0.5217391304347814,0.7037037037037024,0.4227528089887642,0.4967602591792656,0.052845528455284556,0.0,0.0,0.0,0.0,0.0
1.0,0.4999999999999929,0.46913580246913966,0.321629213483146,0.8164146868250539,0.23983739837398377,0.0,0.0,0.0,0.0,0.0
1.0,0.4347826086956488,0.3827160493827222,0.6530898876404494,0.17926565874730016,0.7642276422764228,0.0,0.0,0.0,0.0,0.0
1.0,0.5869565217391255,0.48148148148148806,0.5407303370786518,0.32613390928725705,0.33333333333333337,0.0,0.0,0.0,0.0,0.0
0.5,0.30434782608695343,0.2592592592592595,0.3497191011235954,0.6414686825053995,0.8048780487804879,0.0,0.0,0.0,0.0,0.0
0.5,0.6304347826086953,0.5308641975308674,0.4634831460674158,0.386609071274298,0.06910569105691057,0.0,0.0,0.0,0.0,0.0
1.0,0.29347826086956275,0.45679012345679126,0.13061797752809,0.9892008639308856,0.20325203252032523,0.0,0.0,0.0,0.0,0.0
0.5,0.3260869565217348,0.45679012345679126,0.681179775280899,0.1511879049676026,0.5528455284552846,0.0,0.0,0.0,0.0,0.0
0.5,0.45652173913043015,0.44444444444444997,0.279494382022472,0.8833693304535637,0.5691056910569107,0.0,0.0,0.0,0.0,0.0
0.5,0.4999999999999929,0.654320987654323,0.7921348314606742,0.16198704103671702,0.7195121951219513,0.0,0.0,0.0,0.0,0.0
0.5,0.30434782608695343,0.22222222222222143,0.4353932584269662,0.509719222462203,0.6219512195121952,0.0,0.0,0.0,0.0,0.0
0.5,0.6956521739130395,0.5061728395061778,0.4325842696629214,0.41468682505399557,0.4634146341463415,0.0,0.0,0.0,0.0,0.0
0.5,0.7499999999999929,0.6172839506172849,0.5393258426966294,0.3520518358531317,0.40650406504065045,0.0,0.0,0.0,0.0,0.0
1.0,0.5652173913043441,0.6666666666666714,0.1587078651685394,0.8898488120950323,0.821138211382114,0.0,0.0,0.0,1.0,0.0
1.0,0.30434782608695343,0.4074074074074119,0.491573033707865,0.3455723542116631,0.7682926829268294,0.0,0.0,0.0,0.0,0.0
1.0,0.6304347826086953,0.6049382716049436,0.3188202247191012,0.5140388768898487,0.2967479674796748,0.0,0.0,0.0,0.0,0.0
0.5,0.29347826086956275,0.24691358024691112,0.3356741573033708,0.550755939524838,0.5691056910569107,0.0,0.0,0.0,0.0,0.0
0.0,0.3260869565217348,0.4320987654321016,0.425561797752809,0.48164146868250535,0.06504065040650407,0.0,0.0,0.0,0.0,0.0
0.5,0.6630434782608603,0.6172839506172849,0.5407303370786518,0.32613390928725705,0.0934959349593496,0.0,0.0,0.0,0.0,0.0
0.0,0.5217391304347814,0.7283950617283992,0.6896067415730338,0.20518358531317493,0.3455284552845529,0.0,0.0,0.0,0.0,0.0
0.5,0.5543478260869534,0.48148148148148806,0.2429775280898876,0.5572354211663066,0.2601626016260163,0.0,0.0,0.0,0.0,0.0
0.5,0.35869565217391397,0.46913580246913966,0.7682584269662922,0.21814254859611226,0.16666666666666669,0.0,0.0,0.0,0.0,0.0
0.5,0.6847826086956488,0.6172839506172849,0.7022471910112358,0.20734341252699784,0.5325203252032521,0.0,0.0,0.0,0.0,0.0
0.5,0.3152173913043441,0.3209876543209944,0.3075842696629214,0.6673866090712743,0.5731707317073171,0.0,0.0,0.0,0.0,0.0
0.5,0.3369565217391255,0.49382716049382935,0.4705056179775282,0.42548596112311,0.6707317073170732,0.0,0.0,0.0,0.0,0.0
0.5,0.18478260869564878,0.2716049382716008,0.4157303370786518,0.41252699784017277,0.6138211382113822,0.0,0.0,0.0,0.0,0.0
0.5,0.8152173913043441,0.8395061728395063,0.717696629213483,0.17926565874730016,0.2682926829268293,0.0,0.0,0.0,0.0,0.0
0.5,0.7282608695652115,0.654320987654323,0.7064606741573034,0.2678185745140388,0.10162601626016261,0.0,0.0,0.0,0.0,0.0
0.5,0.7499999999999929,0.6790123456790127,0.6544943820224718,0.28293736501079914,0.03658536585365854,0.0,0.0,0.0,0.0,0.0
1.0,0.3913043478260789,0.3950617283950635,0.7640449438202246,0.1511879049676026,0.15040650406504066,0.0,0.0,0.0,0.0,0.0
0.5,0.7499999999999929,0.7160493827160508,0.4185393258426966,0.43844492440604743,0.37804878048780494,0.0,0.0,0.0,0.0,0.0
0.5,0.45652173913043015,0.44444444444444997,0.4129213483146066,0.43844492440604743,0.5609756097560976,0.0,0.0,0.0,0.0,0.0
0.5,0.6413043478260789,0.654320987654323,0.6025280898876406,0.2764578833693304,0.524390243902439,0.0,0.0,0.0,0.0,0.0
0.5,0.20652173913043015,0.2962962962963047,0.3693820224719102,0.3974082073434124,0.6666666666666667,0.0,0.0,0.0,0.0,0.0
0.5,0.30434782608695343,0.2962962962963047,0.4227528089887642,0.43844492440604743,0.23983739837398377,0.0,0.0,0.0,0.0,0.0
0.0,0.25,0.3580246913580325,0.4171348314606742,0.42548596112311,0.07723577235772358,0.0,0.0,0.0,0.0,0.0
0.5,0.5326086956521721,0.5679012345679055,0.2078651685393258,0.6911447084233262,0.12195121951219513,0.0,0.0,0.0,0.0,0.0
0.5,0.5978260869565162,0.5308641975308674,0.4002808988764046,0.7041036717062634,0.7235772357723578,0.0,0.0,0.0,0.0,0.0
0.5,0.6739130434782581,0.6049382716049436,0.5674157303370786,0.29373650107991367,0.49593495934959353,0.0,0.0,0.0,0.0,0.0
1.0,0.2608695652173836,0.2962962962963047,0.401685393258427,0.6198704103671706,0.7439024390243903,0.0,0.0,0.0,0.0,0.0
0.5,0.6630434782608603,0.5925925925925952,0.544943820224719,0.2980561555075594,0.8455284552845529,0.0,0.0,0.0,0.0,0.0
1.0,0.7391304347826093,0.6666666666666714,0.592696629213483,0.3779697624190065,0.6951219512195123,0.0,0.0,0.0,0.0,0.0
0.5,0.5543478260869534,0.7407407407407405,0.3876404494382022,0.550755939524838,0.012195121951219513,0.0,0.0,0.0,0.0,0.0
1.0,0.17391304347825098,0.2839506172839492,0.6432584269662922,0.28509719222462193,0.2723577235772358,0.0,0.0,0.0,0.0,0.0
0.5,0.21739130434782084,0.3333333333333357,0.2191011235955056,0.6911447084233262,0.14634146341463417,0.0,0.0,0.0,0.0,0.0
0.5,0.6956521739130395,0.518518518518519,0.478932584269663,0.5723542116630669,0.42276422764227645,0.0,0.0,0.0,0.0,0.0
0.5,0.1630434782608674,0.2839506172839492,0.4957865168539326,0.43844492440604743,0.8821138211382115,0.0,0.0,0.0,0.0,0.0
0.5,0.19565217391303946,0.2592592592592595,0.3806179775280898,0.6587473002159827,0.3821138211382114,0.0,0.0,0.0,0.0,0.0
0.5,0.3913043478260789,0.4074074074074119,0.5870786516853934,0.263498920086393,0.821138211382114,0.0,0.0,0.0,0.0,0.0
0.5,0.5760869565217348,0.7530864197530889,0.5000000000000002,0.36501079913606904,0.7601626016260163,0.0,0.0,0.0,0.0,0.0
0.5,0.19565217391303946,0.3333333333333357,0.5056179775280898,0.4211663066954643,0.8333333333333334,0.0,0.0,0.0,0.0,0.0
0.5,0.5978260869565162,0.6790123456790127,0.3525280898876406,0.550755939524838,0.7073170731707318,0.0,0.0,0.0,0.0,0.0
0.5,0.6195652173912976,0.6296296296296333,0.4831460674157302,0.5442764578833692,0.032520325203252036,0.0,0.0,0.0,0.0,0.0
1.0,0.5217391304347814,0.4320987654321016,0.2837078651685394,0.5615550755939525,0.48780487804878053,0.0,0.0,0.0,0.0,0.0
0.5,0.5326086956521721,0.7283950617283992,0.5014044943820226,0.3801295896328294,0.2886178861788618,0.0,0.0,0.0,0.0,0.0
0.5,0.9347826086956488,0.9506172839506135,0.3637640449438202,0.6133909287257018,0.7073170731707318,0.0,0.0,0.0,0.0,0.0
0.5,0.5217391304347814,0.44444444444444997,0.7429775280898878,0.18142548596112307,0.5731707317073171,0.0,0.0,0.0,0.0,0.0
0.5,0.5326086956521721,0.5308641975308674,0.4353932584269662,0.5874730021598271,0.6991869918699187,0.0,0.0,0.0,0.0,0.0
1.0,0.2391304347826022,0.3456790123456841,0.3061797752808988,0.6565874730021597,0.024390243902439025,0.0,0.0,0.0,0.0,0.0
1.0,0.19565217391303946,0.3333333333333357,0.5617977528089886,0.3909287257019438,0.6097560975609757,0.0,0.0,0.0,0.0,0.0
0.5,0.5869565217391255,0.6049382716049436,0.6081460674157302,0.20518358531317493,0.1910569105691057,0.0,0.0,0.0,0.0,0.0
1.0,0.6739130434782581,0.6666666666666714,0.2991573033707866,0.5053995680345572,0.4552845528455285,0.0,0.0,0.0,0.0,0.0
0.5,0.4021739130434767,0.5802469135802468,0.4508426966292134,0.3066954643628509,0.1951219512195122,0.0,0.0,0.0,0.0,0.0
0.5,0.6847826086956488,0.6172839506172849,0.4367977528089886,0.4190064794816414,0.0975609756097561,0.0,0.0,0.0,0.0,0.0
0.0,0.2391304347826022,0.44444444444444997,0.4803370786516854,0.4665226781857451,0.9552845528455286,0.0,0.0,0.0,0.0,0.0
1.0,0.3260869565217348,0.3456790123456841,0.3525280898876406,0.5637149028077754,0.6016260162601627,0.0,0.0,0.0,0.0,0.0
1.0,0.5543478260869534,0.6790123456790127,0.9101123595505618,0.07127429805615548,0.5406504065040652,0.0,0.0,0.0,0.0,0.0
0.5,0.5217391304347814,0.46913580246913966,0.3750000000000002,0.4319654427645788,0.40650406504065045,0.0,0.0,0.0,0.0,0.0
1.0,0.4239130434782581,0.3827160493827222,0.4775280898876406,0.40604751619870405,0.4552845528455285,0.0,0.0,0.0,0.0,0.0
1.0,0.4891304347826093,0.46913580246913966,0.3792134831460674,0.4989200863930886,0.6219512195121952,0.0,0.0,0.0,0.0,0.0
0.5,0.6521739130434767,0.654320987654323,0.5042134831460674,0.32397408207343414,0.8292682926829269,0.0,0.0,0.0,0.0,0.0
0.5,0.8695652173913047,0.864197530864196,0.11095505617977541,0.9438444924406046,0.40650406504065045,0.0,0.0,0.0,0.0,0.0
0.5,0.5217391304347814,0.7037037037037024,0.7668539325842698,0.1987041036717062,0.2886178861788618,0.0,0.0,0.0,0.0,0.0
0.5,0.5326086956521721,0.5061728395061778,0.5252808988764046,0.29589632829373635,0.07723577235772358,0.0,0.0,0.0,0.0,0.0
0.0,0.2717391304347814,0.3333333333333357,0.5154494382022474,0.3909287257019438,0.7520325203252033,0.0,0.0,0.0,0.0,0.0
0.5,0.46739130434782794,0.4320987654321016,0.5870786516853934,0.28509719222462193,0.13414634146341464,0.0,0.0,0.0,0.0,0.0
0.5,0.45652173913043015,0.44444444444444997,0.3174157303370786,0.531317494600432,0.1869918699186992,0.0,0.0,0.0,0.0,0.0
1.0,0.38043478260869534,0.3703703703703738,0.4424157303370786,0.4190064794816414,0.3617886178861789,0.0,0.0,0.0,0.0,0.0
0.5,0.9021739130434767,0.9012345679012341,0.5758426966292134,0.24838012958963285,0.21138211382113822,0.0,0.0,0.0,0.0,0.0
0.5,0.4782608695652115,0.4320987654321016,0.6137640449438202,0.21382289416846645,0.6829268292682927,0.0,0.0,0.0,0.0,0.0
0.5,0.7717391304347743,0.7037037037037024,0.5351123595505618,0.32181425485961124,0.49593495934959353,0.0,0.0,0.0,0.0,0.0
1.0,0.8478260869565233,0.8518518518518547,1.0000000000000002,0.07343412526997839,0.524390243902439,0.0,0.0,0.0,0.0,0.0
0.5,0.2717391304347814,0.2592592592592595,0.5477528089887642,0.3844492440604751,0.13414634146341464,0.0,0.0,0.0,0.0,0.0
1.0,0.22826086956521152,0.3827160493827222,0.6250000000000002,0.37365010799136056,0.5853658536585367,0.0,0.0,0.0,0.0,0.0
1.0,0.22826086956521152,0.3209876543209944,0.830056179775281,0.19006479481641458,0.6747967479674798,0.0,0.0,0.0,0.0,0.0
1.0,0.7391304347826093,0.6666666666666714,0.3370786516853932,0.36069114470842323,0.3252032520325204,0.0,0.0,0.0,0.0,0.0
1.0,0.30434782608695343,0.3827160493827222,0.3511235955056178,0.6069114470842332,0.2520325203252033,0.0,0.0,0.0,0.0,0.0
0.5,0.9239130434782581,0.9012345679012341,0.377808988764045,0.39956803455723544,0.29268292682926833,0.0,0.0,0.0,0.0,0.0
0.0,0.35869565217391397,0.48148148148148806,0.3735955056179774,0.48380129589632825,0.06504065040650407,0.0,0.0,0.0,0.0,0.0
0.5,0.25,0.3209876543209944,0.3384831460674158,0.7300215982721381,0.5365853658536586,0.0,0.0,0.0,0.0,0.0
0.0,0.3913043478260789,0.3703703703703738,0.4452247191011238,0.4643628509719222,0.7601626016260163,0.0,0.0,0.0,0.0,0.0
0.5,0.9130434782608674,0.8024691358024683,0.5407303370786518,0.29589632829373635,0.3902439024390244,0.0,0.0,0.0,0.0,0.0
0.0,0.8695652173913047,0.8518518518518547,0.7148876404494382,0.1922246220302375,0.508130081300813,0.0,0.0,0.0,0.0,0.0
0.5,0.4347826086956488,0.3827160493827222,0.5898876404494382,0.2980561555075594,0.8252032520325204,0.0,0.0,0.0,0.0,0.0
0.5,0.30434782608695343,0.3456790123456841,0.6769662921348314,0.20518358531317493,0.0813008130081301,0.0,0.0,0.0,0.0,0.0
0.5,0.21739130434782084,0.2716049382716008,0.8623595505617978,0.09935205183585305,0.30487804878048785,0.0,0.0,0.0,0.0,0.0
0.5,0.6086956521739069,0.6419753086419746,0.8033707865168538,0.16846652267818563,0.6016260162601627,0.0,0.0,0.0,0.0,0.0
1.0,0.3152173913043441,0.2592592592592595,0.5379213483146066,0.29589632829373635,0.40650406504065045,0.0,0.0,0.0,0.0,0.0
0.5,0.7499999999999929,0.7283950617283992,0.2808988764044944,0.5226781857451402,0.29268292682926833,0.0,0.0,0.0,0.0,0.0
0.5,0.3152173913043441,0.2592592592592595,0.3370786516853932,0.6047516198704104,0.7439024390243903,0.0,0.0,0.0,0.0,0.0
0.5,0.3913043478260789,0.5432098765432158,0.7963483146067414,0.10583153347732177,0.6341463414634148,0.0,0.0,0.0,0.0,0.0
1.0,0.5543478260869534,0.6790123456790127,0.2570224719101124,0.7775377969762418,0.7195121951219513,0.0,0.0,0.0,0.0,0.0
1.0,0.5108695652173907,0.5555555555555571,0.3651685393258426,0.8336933045356372,0.2764227642276423,0.0,0.0,0.0,0.0,0.0
0.5,0.30434782608695343,0.3209876543209944,0.1657303370786518,0.775377969762419,0.25609756097560976,0.0,0.0,0.0,0.0,0.0
1.0,0.4130434782608674,0.6296296296296333,0.4691011235955058,0.3952483801295895,0.7520325203252033,0.0,0.0,0.0,0.0,0.0
0.5,0.7391304347826093,0.6790123456790127,0.3356741573033708,0.6522678185745139,0.5934959349593496,0.0,0.0,0.0,0.0,0.0
1.0,0.25,0.3703703703703738,0.271067415730337,0.8596112311015118,0.3008130081300813,0.0,0.0,0.0,0.0,0.0
0.5,0.6956521739130395,0.654320987654323,0.5126404494382022,0.4362850971922245,0.08536585365853659,0.0,0.0,0.0,0.0,0.0
0.5,0.44565217391303946,0.4074074074074119,0.455056179775281,0.4514038876889849,0.8658536585365855,0.0,0.0,0.0,0.0,0.0
1.0,0.4239130434782581,0.3456790123456841,0.4087078651685394,0.5853131749460043,0.5365853658536586,0.0,0.0,0.0,0.0,0.0
0.5,0.021739130434781373,0.03703703703703809,0.866573033707865,0.16198704103671702,0.8455284552845529,0.0,0.0,0.0,0.0,0.0
0.5,0.30434782608695343,0.23456790123456983,0.4424157303370786,0.49244060475161977,0.6951219512195123,0.0,0.0,0.0,0.0,0.0
0.0,0.4021739130434767,0.3456790123456841,0.6179775280898878,0.28941684665226775,0.6260162601626017,0.0,0.0,0.0,0.0,0.0
1.0,0.20652173913043015,0.3580246913580325,0.366573033707865,0.4535637149028078,0.22764227642276424,0.0,0.0,0.0,0.0,0.0
0.5,0.21739130434782084,0.3209876543209944,0.1769662921348314,0.8941684665226781,0.22764227642276424,0.0,0.0,0.0,0.0,0.0
1.0,0.2608695652173836,0.3950617283950635,0.202247191011236,0.9416846652267818,0.08536585365853659,0.0,0.0,0.0,0.0,0.0
1.0,0.6086956521739069,0.790123456790127,0.609550561797753,0.2354211663066954,0.6016260162601627,0.0,0.0,0.0,0.0,0.0
0.5,0.6521739130434767,0.5432098765432158,0.6727528089887642,0.2354211663066954,0.15040650406504066,0.0,0.0,0.0,0.0,0.0
0.5,0.6739130434782581,0.6666666666666714,0.7696629213483146,0.16846652267818563,0.410569105691057,0.0,0.0,0.0,0.0,0.0
0.0,0.9021739130434767,0.864197530864196,0.3089887640449438,0.5637149028077754,0.23170731707317074,0.0,0.0,0.0,0.0,0.0
0.5,0.3260869565217348,0.2716049382716008,0.7303370786516854,0.19006479481641458,0.5975609756097562,0.0,0.0,0.0,0.0,0.0
0.5,0.30434782608695343,0.22222222222222143,0.2921348314606742,0.8056155507559395,0.6544715447154472,0.0,0.0,0.0,0.0,0.0
1.0,0.6521739130434767,0.5802469135802468,0.4466292134831462,0.42548596112311,0.7601626016260163,0.0,0.0,0.0,0.0,0.0
0.0,0.5217391304347814,0.44444444444444997,0.372191011235955,0.5550755939524836,0.6626016260162603,0.0,0.0,0.0,0.0,0.0
0.0,0.8260869565217348,0.654320987654323,0.377808988764045,0.8250539956803455,0.5,0.0,0.0,0.0,0.0,0.0
0.5,0.8369565217391255,0.6666666666666714,0.4803370786516854,0.44492440604751615,0.7276422764227644,0.0,0.0,0.0,0.0,0.0
1.0,0.7608695652173907,0.7654320987654302,0.4564606741573034,0.47948164146868244,0.6463414634146342,0.0,0.0,0.0,0.0,0.0
0.5,0.7826086956521721,0.6666666666666714,0.443820224719101,0.40388768898488114,0.5487804878048781,0.0,0.0,0.0,0.0,0.0
1.0,0.3369565217391255,0.3703703703703738,0.3342696629213484,0.8768898488120951,0.48373983739837406,0.0,0.0,1.0,0.0,0.0
1.0,0.5434782608695627,0.7530864197530889,0.4213483146067414,0.5399568034557235,0.7357723577235773,0.0,0.0,0.0,0.0,0.0
1.0,0.7065217391304301,0.5679012345679055,0.6783707865168538,0.2721382289416847,0.07723577235772358,0.0,0.0,0.0,0.0,0.0
0.5,0.4021739130434767,0.5432098765432158,0.6179775280898878,0.2786177105831533,0.853658536585366,0.0,0.0,0.0,0.0,0.0
0.5,0.5326086956521721,0.5061728395061778,0.4817415730337078,0.550755939524838,0.7113821138211383,0.0,0.0,0.0,0.0,0.0
0.5,0.44565217391303946,0.4320987654321016,0.5421348314606742,0.44708423326133895,0.2967479674796748,0.0,0.0,0.0,0.0,0.0
0.0,0.20652173913043015,0.2716049382716008,0.3750000000000002,0.36933045356371497,0.6138211382113822,0.0,0.0,0.0,0.0,0.0
1.0,0.6630434782608603,0.6049382716049436,0.5365168539325842,0.3455723542116631,0.4471544715447155,0.0,0.0,0.0,0.0,0.0
1.0,0.4021739130434767,0.5308641975308674,0.6797752808988766,0.21382289416846645,0.21544715447154475,0.0,0.0,0.0,0.0,0.0
0.5,0.6521739130434767,0.5679012345679055,0.3314606741573034,0.7688984881209504,0.508130081300813,0.0,0.0,0.0,0.0,0.0
1.0,0.44565217391303946,0.6419753086419746,0.407303370786517,0.4319654427645788,0.02845528455284553,0.0,0.0,0.0,0.0,0.0
0.5,0.7608695652173907,0.7283950617283992,0.8441011235955058,0.13606911447084225,0.32113821138211385,0.0,0.0,0.0,0.0,0.0
0.5,0.5108695652173907,0.48148148148148806,0.2542134831460674,0.5572354211663066,0.06504065040650407,0.0,0.0,0.0,0.0,0.0
1.0,0.7717391304347743,0.7530864197530889,0.5000000000000002,0.427645788336933,0.410569105691057,0.0,0.0,0.0,0.0,0.0
0.5,0.7173913043478208,0.6296296296296333,0.342696629213483,0.5961123110151187,0.3739837398373984,0.0,0.0,0.0,0.0,0.0
0.5,0.17391304347825098,0.2962962962963047,0.5224719101123594,0.29373650107991367,0.9308943089430896,0.0,0.0,0.0,0.0,0.0
0.0,0.4130434782608674,0.5802469135802468,0.3117977528089888,0.7235421166306695,0.34959349593495936,0.0,0.0,0.0,0.0,0.0
0.5,0.25,0.45679012345679126,0.6250000000000002,0.28725701943844484,0.9308943089430896,0.0,0.0,0.0,0.0,0.0
0.5,0.6847826086956488,0.5432098765432158,0.2008426966292136,0.6069114470842332,0.31300813008130085,0.0,1.0,0.0,0.0,0.0
0.5,0.28260869565216495,0.24691358024691112,0.5393258426966294,0.3153347732181425,0.3008130081300813,0.0,0.0,0.0,0.0,0.0
1.0,0.3369565217391255,0.44444444444444997,0.4396067415730338,0.550755939524838,0.524390243902439,0.0,0.0,0.0,0.0,0.0
1.0,0.22826086956521152,0.44444444444444997,0.616573033707865,0.32181425485961124,0.5,0.0,0.0,0.0,0.0,0.0
0.5,0.5760869565217348,0.7777777777777786,0.5379213483146066,0.21598272138228936,0.5203252032520326,0.0,0.0,0.0,0.0,0.0
0.0,0.3913043478260789,0.5679012345679055,0.08426966292134841,0.9265658747300216,0.6626016260162603,0.0,0.0,0.0,0.0,0.0
0.5,0.5869565217391255,0.6172839506172849,0.455056179775281,0.5615550755939525,0.8495934959349595,0.0,0.0,0.0,0.0,0.0
0.5,0.3369565217391255,0.3456790123456841,0.7837078651685394,0.2742980561555075,0.4552845528455285,0.0,0.0,0.0,0.0,0.0
0.5,0.4782608695652115,0.48148148148148806,0.5196629213483146,0.36069114470842323,0.7073170731707318,0.0,0.0,0.0,0.0,0.0
0.0,0.25,0.3703703703703738,0.6685393258426966,0.25917926565874727,0.19918699186991873,0.0,0.0,0.0,0.0,0.0
0.5,0.29347826086956275,0.3950617283950635,0.4564606741573034,0.36717062634989195,0.3739837398373984,0.0,0.0,0.0,0.0,0.0
0.5,0.7717391304347743,0.7160493827160508,0.5716292134831462,0.427645788336933,0.23577235772357727,0.0,0.0,0.0,0.0,0.0
0.5,0.7608695652173907,0.654320987654323,0.6657303370786518,0.2375809935205183,0.012195121951219513,0.0,0.0,0.0,0.0,0.0
1.0,0.4021739130434767,0.5679012345679055,0.3707865168539326,0.427645788336933,0.3170731707317074,0.0,0.0,0.0,0.0,0.0
0.5,0.7934782608695627,0.790123456790127,0.407303370786517,0.37149028077753765,0.7479674796747968,0.0,0.0,0.0,0.0,0.0
0.5,0.9347826086956488,0.9382716049382722,0.4817415730337078,0.44492440604751615,0.6666666666666667,0.0,0.0,0.0,0.0,0.0
0.5,0.21739130434782084,0.3580246913580325,0.1264044943820224,0.8574514038876888,0.7398373983739838,0.0,0.0,0.0,0.0,0.0
0.0,0.5652173913043441,0.6790123456790127,0.300561797752809,0.5421166306695464,0.008130081300813009,0.0,0.0,0.0,0.0,0.0
1.0,0.7282608695652115,0.6790123456790127,0.330056179775281,0.6349892008639308,0.06910569105691057,0.0,0.0,0.0,0.0,0.0
0.5,0.6413043478260789,0.5802469135802468,0.2780898876404494,0.6414686825053995,0.467479674796748,0.0,0.0,0.0,0.0,0.0
0.0,0.5217391304347814,0.48148148148148806,0.3932584269662922,0.5399568034557235,0.459349593495935,0.0,0.0,0.0,0.0,0.0
0.0,0.9021739130434767,0.8395061728395063,0.2696629213483146,0.7321814254859611,0.7560975609756099,0.0,0.0,0.0,0.0,0.0
1.0,0.7499999999999929,0.7037037037037024,0.4985955056179774,0.37365010799136056,0.15040650406504066,0.0,0.0,0.0,0.0,0.0
0.5,0.9456521739130395,0.9259259259259238,0.6306179775280898,0.2267818574514039,0.49186991869918706,0.0,0.0,0.0,0.0,0.0
1.0,0.25,0.3456790123456841,0.348314606741573,0.7019438444924406,0.10569105691056911,0.0,0.0,0.0,0.0,0.0
0.5,0.19565217391303946,0.3333333333333357,0.5154494382022474,0.36501079913606904,0.6788617886178863,0.0,0.0,0.0,0.0,0.0
1.0,0.7499999999999929,0.7407407407407405,0.6601123595505618,0.24406047516198692,0.008130081300813009,0.0,0.0,0.0,0.0,0.0
0.5,0.29347826086956275,0.3703703703703738,0.6123595505617978,0.4319654427645788,0.1829268292682927,0.0,0.0,0.0,0.0,0.0
0.5,0.14130434782608603,0.19753086419753174,0.4087078651685394,0.4298056155507559,0.6422764227642277,0.0,0.0,0.0,0.0,0.0
1.0,0.46739130434782794,0.3950617283950635,0.705056179775281,0.16630669546436283,0.6544715447154472,0.0,0.0,0.0,0.0,0.0
0.5,0.7826086956521721,0.7777777777777786,0.2808988764044944,0.673866090712743,0.7723577235772359,0.0,0.0,0.0,0.0,0.0
0.5,0.6847826086956488,0.6172839506172849,0.6966292134831462,0.20302375809935203,0.04065040650406505,0.0,0.0,0.0,0.0,0.0
1.0,0.7608695652173907,0.654320987654323,0.3750000000000002,0.5529157667386609,0.7113821138211383,0.0,0.0,0.0,0.0,0.0
0.5,0.2391304347826022,0.3333333333333357,0.3623595505617978,0.5269978401727862,0.016260162601626018,0.0,0.0,0.0,0.0,0.0
1.0,0.5760869565217348,0.6172839506172849,0.2191011235955056,0.7084233261339092,0.0,0.0,0.0,0.0,0.0,0.0
0.5,0.3913043478260789,0.308641975308646,0.7064606741573034,0.22246220302375808,0.21544715447154475,0.0,0.0,0.0,0.0,0.0
1.0,0.5652173913043441,0.5061728395061778,0.4564606741573034,0.3822894168466522,0.6097560975609757,0.0,0.0,0.0,0.0,0.0
0.5,0.3260869565217348,0.3456790123456841,0.5941011235955058,0.29157667386609065,0.2723577235772358,0.0,0.0,0.0,0.0,0.0
0.5,0.6413043478260789,0.5802469135802468,0.4662921348314606,0.3952483801295895,0.20731707317073172,0.0,0.0,0.0,0.0,0.0
0.5,0.25,0.3456790123456841,0.377808988764045,0.48596112311015116,0.47154471544715454,0.0,0.0,0.0,0.0,0.0
0.5,0.7173913043478208,0.6419753086419746,0.2752808988764046,0.7494600431965441,0.4024390243902439,0.0,0.0,0.0,0.0,0.0
1.0,0.6304347826086953,0.5308641975308674,0.3511235955056178,0.6047516198704104,0.05691056910569106,0.0,0.0,0.0,0.0,0.0
0.5,0.6304347826086953,0.5555555555555571,0.6657303370786518,0.3023758099352052,0.21138211382113822,0.0,0.0,0.0,0.0,0.0
0.0,0.6630434782608603,0.5432098765432158,0.6179775280898878,0.263498920086393,0.1585365853658537,0.0,0.0,0.0,0.0,0.0
0.5,0.22826086956521152,0.45679012345679126,0.407303370786517,0.548596112311015,0.3821138211382114,0.0,0.0,0.0,0.0,0.0
0.5,0.3260869565217348,0.48148148148148806,0.4831460674157302,0.2332613390928725,0.7682926829268294,0.0,0.0,0.0,0.0,0.0
0.5,0.7065217391304301,0.49382716049382935,0.5828651685393258,0.22246220302375808,0.5040650406504066,0.0,0.0,0.0,0.0,0.0
1.0,0.5869565217391255,0.827160493827158,0.2640449438202248,0.8984881209503239,0.41463414634146345,0.0,0.0,0.0,0.0,0.0
0.5,0.30434782608695343,0.24691358024691112,0.4775280898876406,0.3801295896328294,0.3252032520325204,0.0,0.0,0.0,0.0,0.0
1.0,0.7608695652173907,0.7407407407407405,0.4213483146067414,0.44060475161987034,0.032520325203252036,0.0,0.0,0.0,0.0,0.0
0.0,0.891304347826086,0.7160493827160508,0.6264044943820226,0.28941684665226775,0.2967479674796748,0.0,0.0,0.0,0.0,0.0
0.5,0.4347826086956488,0.3950617283950635,0.6179775280898878,0.2375809935205183,0.6178861788617886,0.0,0.0,0.0,0.0,0.0
0.5,0.5978260869565162,0.6419753086419746,0.1797752808988764,0.771058315334773,0.47967479674796754,0.0,0.0,0.0,0.0,0.0
0.5,0.25,0.3456790123456841,0.5491573033707866,0.36717062634989195,0.49186991869918706,0.0,0.0,0.0,0.0,0.0
0.5,0.7499999999999929,0.6666666666666714,0.2359550561797754,0.6155507559395248,0.4471544715447155,0.0,0.0,0.0,0.0,0.0
0.0,0.44565217391303946,0.44444444444444997,0.7865168539325842,0.17494600431965435,0.0,0.0,0.0,0.0,0.0,0.0
0.5,0.22826086956521152,0.3333333333333357,0.273876404494382,0.427645788336933,0.25609756097560976,0.0,0.0,0.0,0.0,0.0
0.5,0.5869565217391255,0.654320987654323,0.3089887640449438,0.609071274298056,0.28455284552845533,0.0,0.0,0.0,0.0,0.0
1.0,0.6847826086956488,0.6049382716049436,0.1769662921348314,0.9870410367170626,0.30487804878048785,0.0,0.0,1.0,0.0,0.0
0.5,0.10869565217390686,0.20987654320987303,0.6530898876404494,0.3002159827213823,0.24390243902439027,0.0,0.0,0.0,0.0,0.0
1.0,0.7608695652173907,0.6790123456790127,0.3806179775280898,0.5118790496760258,0.4552845528455285,0.0,0.0,0.0,0.0,0.0
0.5,0.7717391304347743,0.7777777777777786,0.532303370786517,0.3844492440604751,0.04065040650406505,0.0,0.0,0.0,0.0,0.0
0.5,0.4239130434782581,0.3703703703703738,0.6558988764044942,0.22462203023758098,0.37804878048780494,0.0,0.0,0.0,0.0,0.0
0.5,0.3369565217391255,0.45679012345679126,0.2837078651685394,0.6457883369330453,0.8170731707317074,0.0,0.0,0.0,0.0,0.0
0.5,0.7826086956521721,0.5802469135802468,0.4269662921348314,0.43412526997840173,0.1951219512195122,0.0,0.0,0.0,0.0,0.0
1.0,0.4239130434782581,0.5308641975308674,0.2331460674157304,0.6544276457883369,0.91869918699187,0.0,0.0,0.0,0.0,0.0
1.0,0.3369565217391255,0.308641975308646,0.5997191011235954,0.32181425485961124,0.0975609756097561,0.0,0.0,0.0,0.0,0.0
0.5,0.5978260869565162,0.6790123456790127,0.300561797752809,0.6177105831533478,0.451219512195122,0.0,0.0,0.0,0.0,0.0
0.5,0.6521739130434767,0.6666666666666714,0.758426966292135,0.16198704103671702,0.853658536585366,0.0,0.0,0.0,0.0,0.0
0.5,0.36956521739129755,0.3456790123456841,0.3988764044943822,0.44492440604751615,0.4308943089430895,0.0,0.0,0.0,0.0,0.0
0.5,0.3369565217391255,0.45679012345679126,0.3904494382022474,0.5658747300215982,0.49186991869918706,0.0,0.0,0.0,0.0,0.0
0.5,0.6956521739130395,0.6790123456790127,0.419943820224719,0.5075593952483801,0.6260162601626017,0.0,0.0,0.0,0.0,0.0
1.0,0.7934782608695627,0.790123456790127,0.6011235955056178,0.427645788336933,0.853658536585366,0.0,0.0,0.0,0.0,0.0
0.5,0.6195652173912976,0.5802469135802468,0.6053370786516854,0.24838012958963285,0.34146341463414637,0.0,0.0,0.0,0.0,0.0
0.5,0.5869565217391255,0.6419753086419746,0.758426966292135,0.2354211663066954,0.2967479674796748,0.0,0.0,0.0,0.0,0.0
0.0,0.5760869565217348,0.5802469135802468,0.4592696629213482,0.49028077753779686,0.5040650406504066,0.0,0.0,0.0,0.0,0.0
0.5,0.2391304347826022,0.4074074074074119,0.4030898876404494,0.5053995680345572,0.7764227642276423,0.0,0.0,0.0,0.0,0.0
0.5,0.22826086956521152,0.3580246913580325,0.6980337078651686,0.2742980561555075,0.8130081300813009,0.0,0.0,0.0,0.0,0.0
0.5,0.7608695652173907,0.6666666666666714,0.5098314606741574,0.28077753779697623,0.6341463414634148,0.0,0.0,0.0,0.0,0.0
0.5,0.8152173913043441,0.790123456790127,0.4269662921348314,0.3563714902807775,0.34146341463414637,0.0,0.0,0.0,0.0,0.0
0.5,0.5760869565217348,0.45679012345679126,0.5182584269662922,0.3520518358531317,0.459349593495935,0.0,0.0,0.0,0.0,0.0
0.5,0.7282608695652115,0.5802469135802468,0.5407303370786518,0.41252699784017277,0.4552845528455285,0.0,0.0,0.0,0.0,0.0
0.5,0.5652173913043441,0.49382716049382935,0.2823033707865168,0.6155507559395248,0.5731707317073171,0.0,0.0,0.0,0.0,0.0
0.5,0.5760869565217348,0.7407407407407405,0.372191011235955,0.6263498920086392,0.83739837398374,0.0,0.0,0.0,0.0,0.0
0.5,0.8586956521739069,0.8518518518518547,0.5870786516853934,0.32829373650107985,0.6016260162601627,0.0,0.0,0.0,0.0,0.0
1.0,0.45652173913043015,0.5432098765432158,0.6685393258426966,0.24622030237580994,0.1788617886178862,0.0,0.0,0.0,0.0,0.0
1.0,0.021739130434781373,0.03703703703703809,0.6432584269662922,0.3563714902807775,0.08536585365853659,0.0,0.0,0.0,0.0,0.0
0.5,0.6521739130434767,0.6419753086419746,0.8103932584269662,0.0820734341252699,0.3089430894308943,0.0,0.0,0.0,0.0,0.0
0.5,0.22826086956521152,0.3580246913580325,0.8946629213483146,0.09719222462203025,0.32113821138211385,0.0,0.0,0.0,0.0,0.0
0.5,0.4999999999999929,0.6913580246913611,0.2640449438202248,0.6954643628509718,0.6788617886178863,0.0,0.0,0.0,0.0,0.0
1.0,0.7173913043478208,0.654320987654323,0.6390449438202246,0.33045356371490275,0.47154471544715454,0.0,0.0,0.0,0.0,0.0
0.0,0.6847826086956488,0.5925925925925952,0.8469101123595506,0.1511879049676026,0.14227642276422767,0.0,0.0,0.0,0.0,0.0
0.5,0.5217391304347814,0.45679012345679126,0.3946629213483146,0.4665226781857451,0.12195121951219513,0.0,0.0,0.0,0.0,0.0
0.5,0.38043478260869534,0.49382716049382935,0.7977528089887642,0.20518358531317493,0.6504065040650407,0.0,0.0,0.0,0.0,0.0
0.5,0.22826086956521152,0.4320987654321016,0.6137640449438202,0.28293736501079914,0.11382113821138212,0.0,0.0,0.0,0.0,0.0
0.5,0.6739130434782581,0.6049382716049436,0.556179775280899,0.17062634989200864,0.894308943089431,0.0,0.0,0.0,0.0,0.0
1.0,0.4782608695652115,0.4074074074074119,0.6488764044943822,0.25485961123110146,0.6300813008130082,0.0,0.0,0.0,0.0,0.0
1.0,0.891304347826086,0.827160493827158,0.5941011235955058,0.25053995680345564,0.0894308943089431,0.0,0.0,0.0,0.0,0.0
1.0,0.5760869565217348,0.5308641975308674,0.300561797752809,0.7580993520518358,0.3658536585365854,0.0,0.0,0.0,0.0,0.0
0.5,0.2717391304347814,0.22222222222222143,0.6292134831460674,0.21166306695464354,0.5853658536585367,0.0,0.0,0.0,0.0,0.0
1.0,0.7717391304347743,0.6913580246913611,0.181179775280899,0.8941684665226781,0.3455284552845529,0.0,0.0,0.0,0.0,0.0
0.5,0.2391304347826022,0.3580246913580325,0.8567415730337078,0.14254859611231097,0.28455284552845533,0.0,0.0,0.0,0.0,0.0
0.5,0.6195652173912976,0.6419753086419746,0.3441011235955058,0.5442764578833692,0.1910569105691057,0.0,0.0,0.0,0.0,0.0
0.5,0.3152173913043441,0.3580246913580325,0.3511235955056178,0.4190064794816414,0.02845528455284553,0.0,0.0,0.0,0.0,0.0
0.5,0.6086956521739069,0.49382716049382935,0.348314606741573,0.4600431965442764,0.8089430894308944,0.0,0.0,0.0,0.0,0.0
0.5,0.7717391304347743,0.5555555555555571,0.449438202247191,0.347732181425486,0.6747967479674798,0.0,0.0,0.0,0.0,0.0
1.0,0.7608695652173907,0.7283950617283992,0.5969101123595506,0.427645788336933,0.5528455284552846,0.0,0.0,0.0,0.0,0.0
1.0,0.5652173913043441,0.7654320987654302,0.7682584269662922,0.1598272138228941,0.8495934959349595,0.0,0.0,0.0,0.0,0.0
0.5,0.2717391304347814,0.2592592592592595,0.321629213483146,0.609071274298056,0.10975609756097562,0.0,0.0,0.0,0.0,0.0
1.0,0.4891304347826093,0.4320987654321016,0.2654494382022472,0.8228941684665227,0.2642276422764228,0.0,0.0,0.0,0.0,0.0
0.5,0.22826086956521152,0.2716049382716008,0.5941011235955058,0.28725701943844484,0.7154471544715448,0.0,0.0,0.0,0.0,0.0
0.5,0.36956521739129755,0.518518518518519,0.2654494382022472,0.7473002159827213,0.1788617886178862,0.0,0.0,0.0,0.0,0.0
0.5,0.4347826086956488,0.6296296296296333,0.4213483146067414,0.5053995680345572,0.06097560975609757,0.0,0.0,0.0,0.0,0.0
0.5,0.2391304347826022,0.3950617283950635,0.3876404494382022,0.6133909287257018,0.7845528455284554,0.0,0.0,0.0,0.0,0.0
0.5,0.4130434782608674,0.3827160493827222,0.4480337078651686,0.3930885529157666,0.3577235772357724,0.0,0.0,0.0,0.0,0.0
0.5,0.9347826086956488,0.864197530864196,0.5884831460674158,0.2980561555075594,0.6707317073170732,0.0,0.0,0.0,0.0,0.0
1.0,0.2391304347826022,0.3703703703703738,0.5098314606741574,0.386609071274298,0.5,0.0,0.0,0.0,0.0,0.0
0.0,0.7282608695652115,0.518518518518519,0.7752808988764046,0.1533477321814254,0.7804878048780488,0.0,0.0,0.0,0.0,0.0
0.5,0.891304347826086,0.8888888888888857,0.5070224719101122,0.36285097192224613,0.3536585365853659,0.0,0.0,0.0,0.0,0.0
0.0,0.38043478260869534,0.5432098765432158,0.276685393258427,0.5161987041036716,0.22764227642276424,0.0,0.0,0.0,0.0,0.0
0.5,0.9456521739130395,0.9135802469135825,0.6530898876404494,0.3369330453563715,0.48373983739837406,0.0,0.0,0.0,0.0,0.0
0.5,0.8695652173913047,0.7530864197530889,0.7148876404494382,0.2267818574514039,0.07317073170731708,0.0,0.0,0.0,0.0,0.0
1.0,0.7717391304347743,0.5432098765432158,0.2457865168539326,0.7451403887688985,0.24796747967479676,0.0,1.0,0.0,0.0,0.0
0.5,0.5978260869565162,0.7407407407407405,0.699438202247191,0.24190064794816413,0.8983739837398375,0.0,0.0,0.0,0.0,0.0
0.5,0.5543478260869534,0.7530864197530889,0.5702247191011238,0.4730021598272137,0.8170731707317074,0.0,0.0,0.0,0.0,0.0
0.5,0.6086956521739069,0.6172839506172849,0.4129213483146066,0.4989200863930886,0.5813008130081302,0.0,0.0,0.0,0.0,0.0
0.5,0.29347826086956275,0.3456790123456841,0.3455056179775282,0.3801295896328294,0.894308943089431,1.0,0.0,0.0,0.0,0.0
1.0,0.7717391304347743,0.6666666666666714,0.3497191011235954,0.5269978401727862,0.7926829268292683,0.0,0.0,0.0,0.0,0.0
0.5,0.9021739130434767,0.7777777777777786,0.1769662921348314,0.7084233261339092,0.34959349593495936,0.0,1.0,0.0,0.0,0.0
1.0,0.29347826086956275,0.22222222222222143,0.342696629213483,0.5399568034557235,0.38617886178861793,0.0,0.0,0.0,0.0,0.0
0.5,0.5434782608695627,0.6049382716049436,0.3511235955056178,0.7278617710583153,0.34959349593495936,0.0,0.0,0.0,0.0,0.0
0.5,0.6956521739130395,0.5555555555555571,0.353932584269663,0.6047516198704104,0.04878048780487805,0.0,0.0,0.0,0.0,0.0
0.5,0.7391304347826093,0.6049382716049436,0.359550561797753,0.4298056155507559,0.02845528455284553,0.0,0.0,0.0,0.0,0.0
1.0,0.3260869565217348,0.24691358024691112,0.473314606741573,0.4600431965442764,0.04065040650406505,0.0,0.0,0.0,0.0,0.0
0.5,0.5543478260869534,0.5061728395061778,0.4634831460674158,0.2764578833693304,0.475609756097561,0.0,0.0,0.0,0.0,0.0
0.5,0.5108695652173907,0.48148148148148806,0.4396067415730338,0.40388768898488114,0.10975609756097562,0.0,0.0,0.0,0.0,0.0
0.5,0.5434782608695627,0.7654320987654302,0.7148876404494382,0.24622030237580994,0.7601626016260163,0.0,0.0,0.0,0.0,0.0
0.5,0.5217391304347814,0.48148148148148806,0.1938202247191012,0.5788336933045355,0.30487804878048785,0.0,0.0,0.0,0.0,0.0
0.5,0.25,0.3580246913580325,0.2949438202247192,0.43844492440604743,0.5162601626016261,0.0,0.0,0.0,0.0,0.0
0.5,0.20652173913043015,0.3580246913580325,0.4452247191011238,0.36717062634989195,0.6544715447154472,0.0,0.0,0.0,0.0,0.0
0.5,0.7391304347826093,0.654320987654323,0.782303370786517,0.2311015118790497,0.7398373983739838,0.0,0.0,0.0,0.0,0.0
0.5,0.7282608695652115,0.6049382716049436,0.25,0.5745140388768899,0.7398373983739838,0.0,0.0,0.0,0.0,0.0
1.0,0.4782608695652115,0.4197530864197603,0.2373595505617978,0.5615550755939525,0.41463414634146345,0.0,0.0,0.0,0.0,0.0
0.5,0.7282608695652115,0.654320987654323,0.5337078651685394,0.347732181425486,0.032520325203252036,0.0,0.0,0.0,0.0,0.0
1.0,0.3152173913043441,0.3703703703703738,0.3412921348314606,0.48596112311015116,0.0934959349593496,0.0,0.0,0.0,0.0,0.0
1.0,0.7173913043478208,0.6419753086419746,0.8146067415730338,0.17926565874730016,0.41869918699187,0.0,0.0,0.0,0.0,0.0
0.5,0.6956521739130395,0.5925925925925952,0.303370786516854,0.7149028077753781,0.7073170731707318,0.0,0.0,0.0,0.0,0.0
0.5,0.35869565217391397,0.49382716049382935,0.2429775280898876,0.7321814254859611,0.024390243902439025,0.0,0.0,0.0,0.0,0.0
0.5,0.7499999999999929,0.7160493827160508,0.5393258426966294,0.28077753779697623,0.6829268292682927,0.0,0.0,0.0,0.0,0.0
1.0,0.9456521739130395,0.9012345679012341,0.550561797752809,0.3110151187904967,0.3739837398373984,0.0,0.0,0.0,0.0,0.0
0.5,0.3369565217391255,0.4320987654321016,0.5617977528089886,0.33045356371490275,0.4552845528455285,0.0,0.0,0.0,0.0,0.0
0.5,0.44565217391303946,0.3703703703703738,0.699438202247191,0.2311015118790497,0.6951219512195123,0.0,0.0,0.0,0.0,0.0
0.0,0.38043478260869534,0.308641975308646,0.3750000000000002,0.531317494600432,0.05691056910569106,0.0,0.0,0.0,0.0,0.0
0.5,0.6195652173912976,0.8024691358024683,0.1137640449438202,0.8401727861771058,0.23170731707317074,0.0,0.0,0.0,0.0,0.0
0.5,0.8043478260869534,0.8024691358024683,0.271067415730337,0.7062634989200862,0.6666666666666667,0.0,0.0,0.0,0.0,0.0
0.5,0.9347826086956488,0.9259259259259238,0.4185393258426966,0.5183585313174945,0.8008130081300814,0.0,0.0,0.0,0.0,0.0
0.0,0.3260869565217348,0.46913580246913966,0.342696629213483,0.7386609071274297,0.3617886178861789,0.0,0.0,0.0,0.0,0.0
0.5,0.17391304347825098,0.2716049382716008,0.353932584269663,0.4643628509719222,0.5650406504065041,0.0,0.0,0.0,0.0,0.0
1.0,0.5869565217391255,0.46913580246913966,0.7724719101123594,0.14254859611231097,0.4390243902439025,0.0,0.0,0.0,0.0,0.0
0.0,0.2391304347826022,0.3580246913580325,0.2415730337078652,0.8380129589632828,0.5609756097560976,0.0,0.0,0.0,0.0,0.0
0.5,0.9021739130434767,0.7530864197530889,0.7191011235955058,0.22894168466522669,0.3658536585365854,0.0,0.0,0.0,0.0,0.0
0.5,0.6847826086956488,0.6049382716049436,0.330056179775281,0.5140388768898487,0.524390243902439,0.0,0.0,0.0,0.0,0.0
0.5,0.30434782608695343,0.24691358024691112,0.497191011235955,0.44708423326133895,0.6869918699186992,0.0,0.0,0.0,0.0,0.0
0.5,0.8043478260869534,0.8024691358024683,0.5463483146067414,0.3088552915766738,0.926829268292683,0.0,0.0,0.0,0.0,0.0
0.0,0.8260869565217348,0.654320987654323,0.401685393258427,0.6177105831533478,0.5284552845528456,0.0,0.0,0.0,0.0,0.0
1.0,0.5434782608695627,0.6666666666666714,0.4129213483146066,0.5205183585313174,0.6747967479674798,0.0,0.0,0.0,0.0,0.0
0.5,0.38043478260869534,0.3703703703703738,0.3679775280898878,0.6133909287257018,0.28455284552845533,0.0,0.0,0.0,0.0,0.0
0.0,0.2391304347826022,0.3209876543209944,0.6896067415730338,0.21382289416846645,0.21951219512195125,0.0,0.0,0.0,0.0,0.0
0.5,0.6739130434782581,0.6419753086419746,0.1896067415730338,0.6587473002159827,0.04471544715447155,0.0,0.0,0.0,0.0,0.0
0.0,0.4782608695652115,0.46913580246913966,0.2696629213483146,0.5766738660907127,0.34959349593495936,0.0,0.0,0.0,0.0,0.0
0.5,0.35869565217391397,0.48148148148148806,0.4058988764044942,0.41036717062634986,0.05691056910569106,0.0,0.0,0.0,0.0,0.0
1.0,0.4891304347826093,0.4197530864197603,0.4396067415730338,0.5248380129589632,0.6300813008130082,0.0,0.0,0.0,0.0,0.0
0.5,0.4130434782608674,0.46913580246913966,0.4620786516853934,0.40820734341252696,0.30487804878048785,0.0,0.0,0.0,0.0,0.0
1.0,0.4782608695652115,0.6790123456790127,0.5294943820224718,0.5140388768898487,0.5121951219512195,0.0,0.0,0.0,0.0,0.0
0.5,0.28260869565216495,0.4197530864197603,0.455056179775281,0.36285097192224613,0.052845528455284556,0.0,0.0,0.0,0.0,0.0
0.5,0.5434782608695627,0.48148148148148806,0.2008426966292136,0.6976241900647948,0.23170731707317074,0.0,0.0,0.0,0.0,0.0
1.0,0.1521739130434696,0.24691358024691112,0.5814606741573034,0.25917926565874727,0.4634146341463415,0.0,0.0,0.0,0.0,0.0
1.0,0.3369565217391255,0.46913580246913966,0.4648876404494382,0.40388768898488114,0.5203252032520326,0.0,0.0,0.0,0.0,0.0
0.5,0.7065217391304301,0.6172839506172849,0.3904494382022474,0.5205183585313174,0.19918699186991873,0.0,0.0,0.0,0.0,0.0
0.5,0.9239130434782581,0.864197530864196,0.919943820224719,0.16630669546436283,0.7357723577235773,0.0,0.0,0.0,0.0,0.0
0.5,0.38043478260869534,0.5061728395061778,0.4353932584269662,0.3974082073434124,0.5365853658536586,0.0,0.0,0.0,0.0,0.0
0.5,0.2608695652173836,0.3950617283950635,0.550561797752809,0.427645788336933,0.04878048780487805,0.0,0.0,0.0,0.0,0.0
1.0,0.5326086956521721,0.7283950617283992,0.5969101123595506,0.32181425485961124,0.861788617886179,0.0,0.0,0.0,0.0,0.0
0.0,0.46739130434782794,0.4197530864197603,0.627808988764045,0.263498920086393,0.7886178861788619,0.0,0.0,0.0,0.0,0.0
0.5,0.4021739130434767,0.5555555555555571,0.2654494382022472,0.6025917926565874,0.7073170731707318,0.0,0.0,0.0,0.0,0.0
0.5,0.3260869565217348,0.3333333333333357,0.3160112359550562,0.4967602591792656,0.7195121951219513,0.0,0.0,0.0,0.0,0.0
1.0,0.10869565217390686,0.18518518518518334,0.3806179775280898,0.48380129589632825,0.14227642276422767,0.0,0.0,0.0,0.0,0.0
0.5,0.09782608695651618,0.14814814814814525,0.4817415730337078,0.3196544276457882,0.5691056910569107,0.0,0.0,0.0,0.0,0.0
0.5,0.5543478260869534,0.5061728395061778,0.297752808988764,0.6047516198704104,0.8170731707317074,0.0,0.0,0.0,0.0,0.0
1.0,0.5108695652173907,0.5555555555555571,0.2949438202247192,0.6717062634989202,0.7723577235772359,0.0,0.0,0.0,0.0,0.0
0.5,0.5978260869565162,0.48148148148148806,0.6980337078651686,0.18574514038876888,0.0894308943089431,0.0,0.0,0.0,0.0,0.0
0.0,0.9130434782608674,0.864197530864196,0.5351123595505618,0.43412526997840173,0.6097560975609757,0.0,0.0,0.0,0.0,0.0
0.5,0.46739130434782794,0.5555555555555571,0.7865168539325842,0.10151187904967596,0.4024390243902439,0.0,0.0,0.0,0.0,0.0
0.5,0.7608695652173907,0.6419753086419746,0.508426966292135,0.35853131749460043,0.07317073170731708,0.0,0.0,0.0,0.0,0.0
0.0,0.5760869565217348,0.5061728395061778,0.502808988764045,0.347732181425486,0.6747967479674798,0.0,0.0,0.0,0.0,0.0
0.5,0.4130434782608674,0.3950617283950635,0.3988764044943822,0.5853131749460043,0.8861788617886179,0.0,0.0,0.0,0.0,0.0
1.0,0.7391304347826093,0.7160493827160508,0.6348314606741574,0.24838012958963285,0.0934959349593496,0.0,0.0,0.0,0.0,0.0
1.0,0.2717391304347814,0.45679012345679126,0.06039325842696641,0.8336933045356372,0.524390243902439,0.0,0.0,0.0,0.0,0.0
0.5,0.5760869565217348,0.5555555555555571,0.5224719101123594,0.4708423326133908,0.07723577235772358,0.0,0.0,0.0,0.0,0.0
0.5,0.4891304347826093,0.4197530864197603,0.5547752808988766,0.47516198704103674,0.7764227642276423,0.0,0.0,0.0,0.0,0.0
1.0,0.03260869565217206,0.06172839506172778,0.353932584269663,0.6803455723542116,0.5121951219512195,0.0,0.0,0.0,0.0,0.0
0.5,0.46739130434782794,0.6419753086419746,0.372191011235955,0.5658747300215982,0.7967479674796749,0.0,0.0,0.0,0.0,0.0
0.0,0.06521739130434412,0.09876543209876587,0.5772471910112358,0.28293736501079914,0.22357723577235775,0.0,0.0,0.0,0.0,0.0
0.5,0.06521739130434412,0.11111111111111427,0.321629213483146,0.4514038876889849,0.44308943089430897,0.0,0.0,0.0,0.0,0.0
0.5,0.5978260869565162,0.6049382716049436,0.2485955056179776,0.6198704103671706,0.3699186991869919,0.0,0.0,0.0,0.0,0.0
0.5,0.22826086956521152,0.3209876543209944,0.8679775280898878,0.14686825053995678,0.04471544715447155,0.0,0.0,0.0,0.0,0.0
1.0,0.2391304347826022,0.2962962962963047,0.4171348314606742,0.48164146868250535,0.4552845528455285,0.0,0.0,0.0,0.0,0.0
0.5,0.6521739130434767,0.5802469135802468,0.7191011235955058,0.2332613390928725,0.4390243902439025,0.0,0.0,0.0,0.0,0.0
1.0,0.6847826086956488,0.6049382716049436,0.7134831460674158,0.21598272138228936,0.1626016260162602,0.0,0.0,0.0,0.0,0.0
0.5,0.4239130434782581,0.3827160493827222,0.5042134831460674,0.41252699784017277,0.7276422764227644,0.0,0.0,0.0,0.0,0.0
1.0,0.5543478260869534,0.7777777777777786,0.580056179775281,0.22246220302375808,0.7764227642276423,0.0,0.0,0.0,0.0,0.0
0.5,0.38043478260869534,0.3456790123456841,0.3750000000000002,0.6630669546436283,0.23170731707317074,0.0,0.0,0.0,0.0,0.0
1.0,0.5869565217391255,0.5679012345679055,0.6685393258426966,0.20950323974082075,0.024390243902439025,0.0,0.0,0.0,0.0,0.0
0.5,0.44565217391303946,0.4197530864197603,0.6488764044943822,0.18358531317494597,0.23170731707317074,0.0,0.0,0.0,0.0,0.0
0.5,0.7608695652173907,0.7283950617283992,0.5070224719101122,0.3066954643628509,0.0,0.0,0.0,0.0,0.0,0.0
1.0,0.28260869565216495,0.4197530864197603,0.6053370786516854,0.3887688984881209,0.2520325203252033,0.0,0.0,0.0,0.0,0.0
0.5,0.5869565217391255,0.46913580246913966,0.4157303370786518,0.5075593952483801,0.9756097560975611,0.0,0.0,0.0,0.0,0.0
0.5,0.4239130434782581,0.5679012345679055,0.3609550561797754,0.5809935205183585,0.08536585365853659,0.0,0.0,0.0,0.0,0.0
0.5,0.22826086956521152,0.3333333333333357,0.3525280898876406,0.427645788336933,0.008130081300813009,0.0,0.0,0.0,0.0,0.0
0.5,0.6521739130434767,0.6296296296296333,0.4887640449438202,0.7192224622030237,0.23170731707317074,0.0,0.0,0.0,0.0,0.0
0.5,0.21739130434782084,0.3209876543209944,0.3188202247191012,0.6047516198704104,0.0934959349593496,0.0,0.0,0.0,0.0,0.0
1.0,0.3152173913043441,0.4074074074074119,0.717696629213483,0.17062634989200864,0.020325203252032523,0.0,0.0,0.0,0.0,0.0
0.5,0.3369565217391255,0.4320987654321016,0.3398876404494382,0.548596112311015,0.04471544715447155,0.0,0.0,0.0,0.0,0.0
1.0,0.9347826086956488,0.9135802469135825,0.681179775280899,0.3088552915766738,0.5569105691056911,0.0,0.0,0.0,0.0,0.0
0.5,0.18478260869564878,0.2592592592592595,0.4747191011235954,0.43412526997840173,0.7723577235772359,0.0,0.0,0.0,0.0,0.0
0.5,0.2717391304347814,0.3333333333333357,0.616573033707865,0.3930885529157666,0.5447154471544716,0.0,0.0,0.0,0.0,0.0
0.5,0.35869565217391397,0.48148148148148806,0.2865168539325842,0.8099352051835853,0.20325203252032523,0.0,0.0,0.0,0.0,0.0
0.5,0.6956521739130395,0.5432098765432158,0.3384831460674158,0.6501079913606911,0.21951219512195125,0.0,0.0,0.0,0.0,0.0
0.5,0.7065217391304301,0.6049382716049436,0.4761235955056178,0.5118790496760258,0.28455284552845533,0.0,0.0,0.0,0.0,0.0
0.0,0.5760869565217348,0.49382716049382935,0.4030898876404494,0.5118790496760258,0.07317073170731708,0.0,0.0,0.0,0.0,0.0
0.5,0.5869565217391255,0.7530864197530889,0.2148876404494382,0.8272138228941683,0.7682926829268294,0.0,0.0,0.0,1.0,0.0
0.5,0.6956521739130395,0.5555555555555571,0.4044943820224718,0.6695464362850971,0.032520325203252036,0.0,0.0,0.0,0.0,0.0
0.5,0.28260869565216495,0.4074074074074119,0.3750000000000002,0.5766738660907127,0.47967479674796754,0.0,0.0,0.0,0.0,0.0
0.5,0.2391304347826022,0.3950617283950635,0.342696629213483,0.531317494600432,0.5487804878048781,0.0,0.0,0.0,0.0,0.0
0.5,0.8695652173913047,0.7160493827160508,0.321629213483146,0.7667386609071274,0.2723577235772358,0.0,0.0,0.0,0.0,0.0
0.5,0.6304347826086953,0.5432098765432158,0.5351123595505618,0.36069114470842323,0.02845528455284553,0.0,0.0,0.0,0.0,0.0
0.5,0.30434782608695343,0.518518518518519,0.633426966292135,0.21382289416846645,0.21544715447154475,0.0,0.0,0.0,0.0,0.0
0.5,0.5217391304347814,0.4320987654321016,0.3342696629213484,0.48380129589632825,0.24796747967479676,0.0,0.0,0.0,0.0,0.0
0.5,0.8043478260869534,0.7160493827160508,0.4367977528089886,0.4600431965442764,0.6056910569105691,0.0,0.0,0.0,0.0,0.0
0.5,0.36956521739129755,0.5061728395061778,0.5000000000000002,0.28725701943844484,0.008130081300813009,0.0,0.0,0.0,0.0,0.0
1.0,0.46739130434782794,0.6296296296296333,0.5898876404494382,0.33045356371490275,0.821138211382114,0.0,0.0,0.0,0.0,0.0
0.5,0.9347826086956488,0.9259259259259238,0.5716292134831462,0.25485961123110146,0.020325203252032523,0.0,0.0,0.0,0.0,0.0
0.5,0.7065217391304301,0.6049382716049436,0.377808988764045,0.611231101511879,0.4471544715447155,0.0,0.0,0.0,0.0,0.0
0.5,0.3369565217391255,0.3950617283950635,0.2921348314606742,0.611231101511879,0.40650406504065045,0.0,0.0,0.0,0.0,0.0
0.5,0.6521739130434767,0.654320987654323,0.521067415730337,0.5961123110151187,0.34146341463414637,0.0,0.0,0.0,0.0,0.0
1.0,0.29347826086956275,0.2716049382716008,0.4157303370786518,0.593952483801296,0.3089430894308943,0.0,0.0,0.0,0.0,0.0
1.0,0.22826086956521152,0.44444444444444997,0.8314606741573034,0.12311015118790491,0.3699186991869919,0.0,0.0,0.0,0.0,0.0
0.5,0.9021739130434767,0.8888888888888857,0.568820224719101,0.25485961123110146,0.21544715447154475,0.0,0.0,0.0,0.0,0.0
1.0,0.5978260869565162,0.7654320987654302,0.2429775280898876,0.5226781857451402,0.8699186991869919,0.0,0.0,0.0,0.0,0.0
1.0,0.891304347826086,0.8888888888888857,0.9831460674157302,0.06911447084233258,0.40650406504065045,0.0,0.0,0.0,0.0,0.0
0.5,0.9673913043478208,0.9506172839506135,0.6474719101123594,0.25053995680345564,0.0934959349593496,0.0,0.0,0.0,0.0,0.0
0.5,0.5326086956521721,0.7160493827160508,0.4382022471910114,0.3974082073434124,0.2804878048780488,0.0,0.0,0.0,0.0,0.0
0.5,0.3152173913043441,0.3950617283950635,0.2584269662921348,0.5377969762419006,0.3455284552845529,0.0,0.0,0.0,0.0,0.0
0.0,0.5869565217391255,0.6172839506172849,0.3441011235955058,0.5032397408207343,0.10569105691056911,0.0,0.0,0.0,0.0,0.0
0.5,0.36956521739129755,0.5432098765432158,0.6924157303370786,0.28941684665226775,0.28455284552845533,0.0,0.0,0.0,0.0,0.0
0.0,0.3478260869565162,0.45679012345679126,0.6853932584269662,0.25269978401727855,0.4390243902439025,0.0,0.0,0.0,0.0,0.0
1.0,0.6739130434782581,0.5802469135802468,0.13061797752809,0.7667386609071274,0.6422764227642277,0.0,0.0,0.0,0.0,0.0
0.0,0.5869565217391255,0.5679012345679055,0.2612359550561798,0.6609071274298055,0.04878048780487805,0.0,0.0,0.0,0.0,0.0
1.0,0.9782608695652186,0.9629629629629619,0.327247191011236,0.6047516198704104,0.6788617886178863,0.0,0.0,0.0,0.0,0.0
0.5,0.6956521739130395,0.654320987654323,0.4087078651685394,0.48596112311015116,0.6666666666666667,0.0,0.0,0.0,0.0,0.0
0.5,0.5434782608695627,0.6666666666666714,0.592696629213483,0.36717062634989195,0.6504065040650407,0.0,0.0,0.0,0.0,0.0
0.5,0.22826086956521152,0.3209876543209944,0.758426966292135,0.1879049676025918,0.13414634146341464,0.0,0.0,0.0,0.0,0.0
1.0,0.22826086956521152,0.3827160493827222,0.5477528089887642,0.2980561555075594,0.5,0.0,0.0,0.0,0.0,0.0
1.0,0.28260869565216495,0.4074074074074119,0.4803370786516854,0.3974082073434124,0.459349593495935,0.0,0.0,0.0,0.0,0.0
1.0,0.3152173913043441,0.3950617283950635,0.4620786516853934,0.3974082073434124,0.11382113821138212,0.0,0.0,0.0,0.0,0.0
0.5,0.5869565217391255,0.5679012345679055,0.574438202247191,0.3434125269978401,0.05691056910569106,0.0,0.0,0.0,0.0,0.0
0.5,0.8369565217391255,0.8148148148148167,0.491573033707865,0.3974082073434124,0.5447154471544716,0.0,0.0,0.0,0.0,0.0
1.0,0.6086956521739069,0.6172839506172849,0.11938202247191021,0.7818574514038876,0.6544715447154472,0.0,0.0,0.0,0.0,0.0
0.5,0.5108695652173907,0.518518518518519,0.5969101123595506,0.28725701943844484,0.3089430894308943,0.0,0.0,0.0,0.0,0.0
0.0,0.3369565217391255,0.44444444444444997,0.717696629213483,0.2332613390928725,0.451219512195122,0.0,0.0,0.0,0.0,0.0
0.5,0.6195652173912976,0.6419753086419746,0.4339887640449438,0.35853131749460043,0.8089430894308944,0.0,0.0,0.0,0.0,0.0
0.0,0.7608695652173907,0.6049382716049436,0.4803370786516854,0.6177105831533478,0.4634146341463415,0.0,0.0,0.0,0.0,0.0
0.5,0.38043478260869534,0.518518518518519,0.425561797752809,0.4362850971922245,0.5121951219512195,0.0,0.0,0.0,0.0,0.0
0.5,0.3913043478260789,0.3703703703703738,0.2429775280898876,0.6609071274298055,0.7520325203252033,0.0,0.0,0.0,0.0,0.0
0.0,0.2391304347826022,0.3333333333333357,0.5674157303370786,0.3455723542116631,0.39837398373983746,0.0,0.0,0.0,0.0,0.0
0.0,0.2608695652173836,0.3827160493827222,0.3103932584269664,0.6522678185745139,0.39430894308943093,0.0,0.0,0.0,0.0,0.0
0.5,0.3152173913043441,0.45679012345679126,0.3707865168539326,0.5831533477321813,0.7520325203252033,0.0,0.0,0.0,0.0,0.0
0.0,0.8804347826086882,0.8148148148148167,0.4761235955056178,0.47516198704103674,0.2520325203252033,0.0,0.0,0.0,0.0,0.0
0.5,0.5869565217391255,0.7407407407407405,0.6348314606741574,0.2656587473002159,0.8658536585365855,0.0,0.0,0.0,0.0,0.0
0.5,0.8804347826086882,0.8765432098765444,0.2485955056179776,0.6630669546436283,0.3821138211382114,0.0,0.0,0.0,0.0,0.0
0.5,0.7608695652173907,0.5432098765432158,0.4269662921348314,0.5593952483801296,0.7479674796747968,0.0,0.0,0.0,0.0,0.0
1.0,0.1521739130434696,0.2592592592592595,0.2696629213483146,0.6760259179265657,0.4390243902439025,0.0,0.0,0.0,0.0,0.0
1.0,0.8043478260869534,0.790123456790127,0.5351123595505618,0.25917926565874727,0.7642276422764228,0.0,0.0,0.0,0.0,0.0
0.5,0.4999999999999929,0.45679012345679126,0.1952247191011236,0.7300215982721381,0.13414634146341464,0.0,0.0,0.0,0.0,0.0
0.5,0.29347826086956275,0.23456790123456983,0.6615168539325842,0.19006479481641458,0.5,0.0,0.0,0.0,0.0,0.0
0.5,0.8586956521739069,0.6790123456790127,0.342696629213483,0.550755939524838,0.10162601626016261,0.0,0.0,0.0,0.0,0.0
1.0,0.7065217391304301,0.6666666666666714,0.303370786516854,0.4686825053995679,0.508130081300813,0.0,0.0,0.0,0.0,0.0
0.5,0.2717391304347814,0.3950617283950635,0.4705056179775282,0.43844492440604743,0.008130081300813009,0.0,0.0,0.0,0.0,0.0
0.5,0.6739130434782581,0.6049382716049436,0.5547752808988766,0.3023758099352052,0.48780487804878053,0.0,0.0,0.0,0.0,0.0
0.0,0.5108695652173907,0.46913580246913966,0.7752808988764046,0.19006479481641458,0.33333333333333337,0.0,0.0,0.0,0.0,0.0
0.5,0.6304347826086953,0.827160493827158,0.3469101123595506,0.3844492440604751,0.5040650406504066,0.0,0.0,0.0,0.0,0.0
0.5,0.6847826086956488,0.6419753086419746,0.2837078651685394,0.6609071274298055,0.7926829268292683,0.0,0.0,0.0,0.0,0.0
1.0,0.5217391304347814,0.4197530864197603,0.7696629213483146,0.22246220302375808,0.3739837398373984,0.0,0.0,0.0,0.0,0.0
0.5,0.7282608695652115,0.6666666666666714,0.2668539325842696,0.7688984881209504,0.6382113821138212,0.0,0.0,0.0,0.0,0.0
1.0,0.28260869565216495,0.2592592592592595,0.3750000000000002,0.5053995680345572,0.4308943089430895,0.0,0.0,0.0,0.0,0.0
0.5,0.22826086956521152,0.3580246913580325,0.1980337078651686,0.8423326133909286,0.47967479674796754,0.0,0.0,0.0,0.0,0.0
0.0,0.3478260869565162,0.3703703703703738,0.3750000000000002,0.5140388768898487,0.11382113821138212,0.0,0.0,0.0,0.0,0.0
0.5,0.6630434782608603,0.6419753086419746,0.3609550561797754,0.5464362850971921,0.7195121951219513,0.0,0.0,0.0,0.0,0.0
0.5,0.5434782608695627,0.5679012345679055,0.7317415730337078,0.20302375809935203,0.0,0.0,0.0,0.0,0.0,0.0
0.5,0.5869565217391255,0.5555555555555571,0.4353932584269662,0.3412526997840172,0.04065040650406505,0.0,0.0,0.0,0.0,0.0
0.0,0.03260869565217206,0.04938271604938649,0.6179775280898878,0.2332613390928725,0.853658536585366,0.0,0.0,0.0,0.0,0.0
0.5,0.3260869565217348,0.4320987654321016,0.2808988764044944,0.6911447084233262,0.10569105691056911,0.0,0.0,0.0,0.0,0.0
1.0,0.22826086956521152,0.3456790123456841,0.585674157303371,0.47516198704103674,0.7723577235772359,0.0,0.0,0.0,0.0,0.0
0.5,0.21739130434782084,0.3456790123456841,0.2823033707865168,0.4211663066954643,0.5853658536585367,0.0,0.0,0.0,0.0,0.0
1.0,0.8369565217391255,0.6666666666666714,0.5814606741573034,0.35853131749460043,0.7764227642276423,0.0,0.0,0.0,0.0,0.0
0.5,0.5760869565217348,0.6172839506172849,0.300561797752809,0.7257019438444925,0.3252032520325204,0.0,0.0,0.0,0.0,0.0
0.5,0.17391304347825098,0.2839506172839492,0.2247191011235956,0.5269978401727862,0.06097560975609757,0.0,0.0,0.0,0.0,0.0
0.5,0.5434782608695627,0.6913580246913611,0.2092696629213484,0.8725701943844493,0.4552845528455285,0.0,0.0,0.0,0.0,0.0
0.5,0.2391304347826022,0.3580246913580325,0.6151685393258426,0.19006479481641458,0.0,0.0,0.0,0.0,0.0,0.0
0.5,0.1521739130434696,0.2716049382716008,0.7865168539325842,0.16846652267818563,0.22357723577235775,0.0,0.0,0.0,0.0,0.0
0.5,0.7499999999999929,0.6913580246913611,0.4873595505617978,0.37149028077753765,0.8414634146341464,1.0,0.0,0.0,0.0,0.0
0.5,0.6630434782608603,0.6049382716049436,0.5154494382022474,0.36069114470842323,0.6463414634146342,0.0,0.0,0.0,0.0,0.0
0.5,0.5652173913043441,0.5925925925925952,0.4957865168539326,0.347732181425486,0.04878048780487805,0.0,0.0,0.0,0.0,0.0
1.0,0.5978260869565162,0.6172839506172849,0.4213483146067414,0.44708423326133895,0.11382113821138212,0.0,0.0,0.0,0.0,0.0
0.5,0.20652173913043015,0.3580246913580325,0.3567415730337078,0.6976241900647948,0.15040650406504066,0.0,0.0,0.0,0.0,0.0
0.5,0.043478260869562746,0.06172839506172778,0.300561797752809,0.6889848812095032,0.410569105691057,0.0,0.0,0.0,0.0,0.0
0.5,0.18478260869564878,0.2592592592592595,0.7022471910112358,0.263498920086393,0.8008130081300814,0.0,0.0,0.0,0.0,0.0
0.0,0.6739130434782581,0.6296296296296333,0.5730337078651686,0.20518358531317493,0.13414634146341464,0.0,0.0,0.0,0.0,0.0
0.5,0.22826086956521152,0.3333333333333357,0.5603932584269662,0.36933045356371497,0.2764227642276423,0.0,0.0,0.0,0.0,0.0
1.0,0.8260869565217348,0.8148148148148167,0.8792134831460674,0.10583153347732177,0.7317073170731708,0.0,0.0,0.0,0.0,0.0
1.0,0.4021739130434767,0.6049382716049436,0.848314606741573,0.04535637149028071,0.7804878048780488,0.0,0.0,0.0,0.0,0.0
0.5,0.5760869565217348,0.5555555555555571,0.4297752808988766,0.5982721382289415,0.08536585365853659,0.0,0.0,0.0,0.0,0.0
0.5,0.7282608695652115,0.6049382716049436,0.5617977528089886,0.32613390928725705,0.6951219512195123,0.0,0.0,0.0,0.0,0.0
1.0,0.36956521739129755,0.5061728395061778,0.2247191011235956,0.7235421166306695,0.5447154471544716,0.0,0.0,0.0,0.0,0.0
0.5,0.4891304347826093,0.6296296296296333,0.271067415730337,0.6155507559395248,0.6463414634146342,0.0,0.0,0.0,0.0,0.0
0.5,0.7391304347826093,0.7037037037037024,0.991573033707865,0.05615550755939519,0.7886178861788619,0.0,0.0,0.0,0.0,0.0
0.5,0.5652173913043441,0.44444444444444997,0.3286516853932584,0.6781857451403888,0.9390243902439025,0.0,0.0,0.0,1.0,0.0
0.0,0.11956521739129755,0.22222222222222143,0.5238764044943822,0.386609071274298,0.2520325203252033,0.0,0.0,0.0,0.0,0.0
1.0,0.22826086956521152,0.3827160493827222,0.247191011235955,0.6177105831533478,0.894308943089431,0.0,0.0,0.0,0.0,0.0
0.5,0.44565217391303946,0.5925925925925952,0.794943820224719,0.17278617710583155,0.7276422764227644,0.0,0.0,0.0,0.0,0.0
0.5,0.5652173913043441,0.7037037037037024,0.5238764044943822,0.5442764578833692,0.23577235772357727,0.0,0.0,0.0,0.0,0.0
0.5,0.5434782608695627,0.7407407407407405,0.3132022471910112,0.5917926565874729,0.05691056910569106,0.0,0.0,0.0,0.0,0.0
0.5,0.06521739130434412,0.11111111111111427,0.6952247191011238,0.14254859611231097,0.21544715447154475,0.0,0.0,0.0,0.0,0.0
0.5,0.5217391304347814,0.6049382716049436,0.2682584269662922,0.5464362850971921,0.48373983739837406,0.0,0.0,0.0,0.0,0.0
0.5,0.6304347826086953,0.6666666666666714,0.4564606741573034,0.4622030237580993,0.7479674796747968,0.0,0.0,0.0,0.0,0.0
0.5,0.18478260869564878,0.2592592592592595,0.830056179775281,0.17062634989200864,0.7642276422764228,0.0,0.0,0.0,0.0,0.0
0.5,0.9239130434782581,0.8888888888888857,0.6123595505617978,0.3369330453563715,0.7398373983739838,0.0,0.0,0.0,0.0,0.0
1.0,0.7717391304347743,0.5555555555555571,0.4241573033707866,0.5572354211663066,0.20325203252032523,0.0,0.0,0.0,0.0,0.0
0.5,0.5978260869565162,0.7283950617283992,0.467696629213483,0.33477321814254857,0.05691056910569106,0.0,0.0,0.0,0.0,0.0
0.0,0.6739130434782581,0.6172839506172849,0.2963483146067416,0.5745140388768899,0.5284552845528456,0.0,0.0,0.0,0.0,0.0
1.0,0.7391304347826093,0.6790123456790127,0.6081460674157302,0.32397408207343414,0.23170731707317074,0.0,0.0,0.0,0.0,0.0
0.5,0.5543478260869534,0.7407407407407405,0.4662921348314606,0.5896328293736499,0.6910569105691058,0.0,0.0,0.0,0.0,0.0
0.5,0.9347826086956488,0.9259259259259238,0.2949438202247192,0.5701943844492441,0.03658536585365854,0.0,0.0,0.0,0.0,0.0
0.5,0.8043478260869534,0.8024691358024683,0.3117977528089888,0.6760259179265657,0.6382113821138212,0.0,0.0,0.0,0.0,0.0
1.0,0.5434782608695627,0.7407407407407405,0.2682584269662922,0.6004319654427646,0.902439024390244,1.0,0.0,0.0,0.0,0.0
0.5,0.44565217391303946,0.4320987654321016,0.5238764044943822,0.3369330453563715,0.30487804878048785,0.0,0.0,0.0,0.0,0.0
0.5,0.4347826086956488,0.4320987654321016,0.502808988764045,0.36933045356371497,0.47967479674796754,0.0,0.0,0.0,0.0,0.0
1.0,0.5217391304347814,0.5925925925925952,0.205056179775281,0.8056155507559395,0.4024390243902439,0.0,0.0,0.0,0.0,0.0
1.0,0.2391304347826022,0.3209876543209944,0.3876404494382022,0.5421166306695464,0.13821138211382114,0.0,0.0,0.0,0.0,0.0
0.5,0.3369565217391255,0.44444444444444997,0.5042134831460674,0.33045356371490275,0.8455284552845529,0.0,0.0,0.0,0.0,0.0
0.5,0.5543478260869534,0.7530864197530889,0.5870786516853934,0.3455723542116631,0.0,0.0,0.0,0.0,0.0,0.0
0.0,0.4347826086956488,0.3827160493827222,0.6362359550561798,0.33261339092872566,0.7317073170731708,0.0,0.0,0.0,0.0,0.0
1.0,0.7717391304347743,0.7654320987654302,0.1825842696629214,0.7688984881209504,0.41463414634146345,0.0,0.0,0.0,0.0,0.0
1.0,0.21739130434782084,0.2839506172839492,0.5828651685393258,0.20086393088552912,0.6016260162601627,0.0,0.0,0.0,0.0,0.0
1.0,0.45652173913043015,0.6172839506172849,0.3370786516853932,0.7861771058315334,0.02845528455284553,0.0,0.0,0.0,0.0,0.0
0.5,0.5652173913043441,0.6666666666666714,0.4325842696629214,0.48596112311015116,0.04471544715447155,0.0,0.0,0.0,0.0,0.0
0.5,0.7173913043478208,0.6913580246913611,0.2570224719101124,0.7667386609071274,0.23170731707317074,0.0,0.0,0.0,0.0,0.0
1.0,0.5543478260869534,0.7037037037037024,0.2373595505617978,0.8034557235421165,0.47154471544715454,0.0,0.0,0.0,0.0,0.0
0.5,0.44565217391303946,0.6296296296296333,0.3384831460674158,0.5961123110151187,0.44308943089430897,0.0,0.0,0.0,0.0,0.0
0.5,0.4130434782608674,0.5308641975308674,0.2963483146067416,0.5723542116630669,0.10975609756097562,0.0,0.0,0.0,0.0,0.0
0.5,0.4021739130434767,0.5432098765432158,0.2514044943820224,0.8509719222462202,0.1869918699186992,0.0,0.0,0.0,0.0,0.0
0.5,0.6086956521739069,0.6049382716049436,0.5828651685393258,0.33045356371490275,0.7560975609756099,0.0,0.0,0.0,0.0,0.0
1.0,0.35869565217391397,0.49382716049382935,0.6910112359550562,0.17926565874730016,0.467479674796748,0.0,0.0,0.0,0.0,0.0
0.5,0.5217391304347814,0.7037037037037024,0.330056179775281,0.5961123110151187,0.2967479674796748,0.0,0.0,0.0,0.0,0.0
0.0,0.22826086956521152,0.4074074074074119,0.4002808988764046,0.4600431965442764,0.6341463414634148,0.0,0.0,0.0,0.0,0.0
0.5,0.9130434782608674,0.8888888888888857,0.4480337078651686,0.44060475161987034,0.0,0.0,0.0,0.0,0.0,0.0
1.0,0.5760869565217348,0.7283950617283992,0.627808988764045,0.25269978401727855,0.21138211382113822,0.0,0.0,0.0,0.0,0.0
1.0,0.5978260869565162,0.6790123456790127,0.3455056179775282,0.6954643628509718,0.31300813008130085,0.0,0.0,0.0,0.0,0.0
0.5,0.9456521739130395,0.9012345679012341,0.300561797752809,0.48164146868250535,0.459349593495935,0.0,0.0,0.0,0.0,0.0
0.5,0.8804347826086882,0.7654320987654302,0.2724719101123596,0.4643628509719222,0.13821138211382114,0.0,1.0,0.0,0.0,0.0
0.5,0.2391304347826022,0.2962962962963047,0.6292134831460674,0.2267818574514039,0.5934959349593496,0.0,0.0,0.0,0.0,0.0
0.0,0.4130434782608674,0.3209876543209944,0.3384831460674158,0.5032397408207343,0.06504065040650407,0.0,0.0,0.0,0.0,0.0
0.5,0.8586956521739069,0.7037037037037024,0.2331460674157304,0.6695464362850971,0.03658536585365854,0.0,1.0,0.0,0.0,0.0
0.5,0.3913043478260789,0.5555555555555571,0.734550561797753,0.16198704103671702,0.41869918699187,0.0,0.0,0.0,0.0,0.0
0.5,0.21739130434782084,0.3703703703703738,0.4325842696629214,0.43412526997840173,0.4552845528455285,0.0,0.0,0.0,0.0,0.0
0.5,0.5108695652173907,0.4197530864197603,0.396067415730337,0.44276457883369325,0.03658536585365854,0.0,0.0,0.0,0.0,0.0
1.0,0.08695652173912549,0.17283950617284205,0.2345505617977528,0.7170626349892006,0.0894308943089431,0.0,0.0,0.0,0.0,0.0
0.5,0.28260869565216495,0.24691358024691112,0.5098314606741574,0.3779697624190065,0.29268292682926833,0.0,0.0,0.0,0.0,0.0
0.5,0.6739130434782581,0.6049382716049436,0.2443820224719102,0.47516198704103674,0.861788617886179,0.0,0.0,0.0,0.0,0.0
1.0,0.4891304347826093,0.6296296296296333,0.4873595505617978,0.32613390928725705,0.6626016260162603,0.0,0.0,0.0,0.0,0.0
1.0,0.4021739130434767,0.5555555555555571,0.6250000000000002,0.33909287257019427,0.2601626016260163,0.0,0.0,0.0,0.0,0.0
0.5,0.5108695652173907,0.7160493827160508,0.2331460674157304,0.6155507559395248,0.459349593495935,0.0,0.0,0.0,0.0,0.0
0.5,0.5217391304347814,0.5555555555555571,0.4101123595505618,0.7365010799136069,0.21544715447154475,0.0,0.0,0.0,0.0,0.0
0.5,0.35869565217391397,0.48148148148148806,0.2851123595505618,0.6155507559395248,0.10162601626016261,0.0,0.0,0.0,0.0,0.0
0.5,0.5760869565217348,0.8148148148148167,0.4901685393258426,0.36933045356371497,0.21951219512195125,0.0,0.0,0.0,0.0,0.0
0.5,0.22826086956521152,0.3209876543209944,0.396067415730337,0.4730021598272137,0.052845528455284556,0.0,0.0,0.0,0.0,0.0
0.5,0.891304347826086,0.7160493827160508,0.4943820224719102,0.28509719222462193,0.48780487804878053,0.0,0.0,0.0,0.0,0.0
0.5,0.5543478260869534,0.49382716049382935,0.5632022471910114,0.2699784017278618,0.2886178861788618,0.0,0.0,0.0,0.0,0.0
1.0,0.6304347826086953,0.5925925925925952,0.1769662921348314,0.8768898488120951,0.40650406504065045,0.0,0.0,0.0,0.0,0.0
0.5,0.9130434782608674,0.864197530864196,0.247191011235955,0.792656587473002,0.7886178861788619,0.0,0.0,0.0,1.0,0.0
0.5,0.6739130434782581,0.5679012345679055,0.3258426966292136,0.4643628509719222,0.11382113821138212,0.0,0.0,0.0,0.0,0.0
0.5,0.7826086956521721,0.5802469135802468,0.342696629213483,0.5766738660907127,0.7276422764227644,0.0,0.0,0.0,0.0,0.0
1.0,0.6195652173912976,0.7283950617283992,0.372191011235955,0.5140388768898487,0.5894308943089431,0.0,0.0,0.0,0.0,0.0
1.0,0.7826086956521721,0.5802469135802468,0.3764044943820226,0.7235421166306695,0.7886178861788619,0.0,0.0,0.0,0.0,0.0
0.5,0.35869565217391397,0.45679012345679126,0.2696629213483146,0.7624190064794816,0.5894308943089431,0.0,0.0,0.0,0.0,0.0
1.0,0.3478260869565162,0.44444444444444997,0.4620786516853934,0.3887688984881209,0.6910569105691058,0.0,0.0,0.0,0.0,0.0
0.5,0.5434782608695627,0.7037037037037024,0.2247191011235956,0.8120950323974081,0.5772357723577236,0.0,0.0,0.0,0.0,0.0
0.5,0.2391304347826022,0.3950617283950635,0.7668539325842698,0.17278617710583155,0.7682926829268294,0.0,0.0,0.0,0.0,0.0
0.5,0.9891304347826022,0.9753086419753103,0.455056179775281,0.4967602591792656,0.052845528455284556,0.0,0.0,0.0,0.0,0.0
1.0,0.4239130434782581,0.3827160493827222,0.7261235955056178,0.28941684665226775,0.7520325203252033,0.0,0.0,0.0,0.0,0.0
0.5,0.6956521739130395,0.6913580246913611,0.5632022471910114,0.40388768898488114,0.5365853658536586,0.0,0.0,0.0,0.0,0.0
1.0,0.4021739130434767,0.5308641975308674,0.2176966292134832,0.7840172786177104,0.11788617886178863,0.0,0.0,0.0,0.0,0.0
0.5,0.2391304347826022,0.44444444444444997,0.6179775280898878,0.28725701943844484,0.3008130081300813,0.0,0.0,0.0,0.0,0.0
0.0,0.3478260869565162,0.2716049382716008,0.1081460674157304,0.7365010799136069,0.5731707317073171,0.0,0.0,0.0,0.0,0.0
0.5,0.3478260869565162,0.45679012345679126,0.2485955056179776,0.8812095032397407,0.7601626016260163,0.0,0.0,0.0,1.0,0.0
0.5,0.4347826086956488,0.3827160493827222,0.6362359550561798,0.21166306695464354,0.8170731707317074,0.0,0.0,0.0,0.0,0.0
0.5,0.5869565217391255,0.6049382716049436,0.3707865168539326,0.44492440604751615,0.33333333333333337,0.0,0.0,0.0,0.0,0.0
1.0,0.7391304347826093,0.7160493827160508,0.9592696629213482,0.06479481641468682,0.6463414634146342,0.0,0.0,0.0,0.0,0.0
0.0,0.30434782608695343,0.4197530864197603,0.3398876404494382,0.5269978401727862,0.19918699186991873,0.0,0.0,0.0,0.0,0.0
0.0,0.6413043478260789,0.6172839506172849,0.7921348314606742,0.1555075593952484,0.14227642276422767,0.0,0.0,0.0,0.0,0.0
0.5,0.2391304347826022,0.3456790123456841,0.5098314606741574,0.43844492440604743,0.524390243902439,0.0,0.0,0.0,0.0,0.0
0.5,0.2608695652173836,0.4197530864197603,0.353932584269663,0.40388768898488114,0.6707317073170732,0.0,0.0,0.0,0.0,0.0
0.5,0.5434782608695627,0.4320987654321016,0.3918539325842698,0.6760259179265657,0.1951219512195122,0.0,0.0,0.0,0.0,0.0
0.5,0.5652173913043441,0.48148148148148806,0.8103932584269662,0.2267818574514039,0.8658536585365855,0.0,0.0,0.0,0.0,0.0
0.5,0.5652173913043441,0.6049382716049436,0.5056179775280898,0.347732181425486,0.12195121951219513,0.0,0.0,0.0,0.0,0.0
0.5,0.4021739130434767,0.3209876543209944,0.3623595505617978,0.5161987041036716,0.1951219512195122,0.0,0.0,0.0,0.0,0.0
0.0,0.7282608695652115,0.518518518518519,0.3707865168539326,0.49028077753779686,0.7520325203252033,0.0,0.0,0.0,0.0,0.0
0.5,0.22826086956521152,0.4320987654321016,0.723314606741573,0.20086393088552912,0.48373983739837406,0.0,0.0,0.0,0.0,0.0
1.0,0.9130434782608674,0.7777777777777786,0.3075842696629214,0.6155507559395248,0.3089430894308943,0.0,0.0,0.0,0.0,0.0
0.0,0.4782608695652115,0.44444444444444997,0.4367977528089886,0.3822894168466522,0.8699186991869919,0.0,0.0,0.0,0.0,0.0
0.5,0.9239130434782581,0.9259259259259238,0.4887640449438202,0.4168466522678185,0.6463414634146342,0.0,0.0,0.0,0.0,0.0
1.0,0.5869565217391255,0.5061728395061778,0.431179775280899,0.40388768898488114,0.7032520325203253,0.0,0.0,0.0,0.0,0.0
0.5,0.22826086956521152,0.45679012345679126,0.6137640449438202,0.33045356371490275,0.20731707317073172,0.0,0.0,0.0,0.0,0.0
1.0,0.45652173913043015,0.4074074074074119,0.303370786516854,0.6393088552915767,0.8414634146341464,0.0,0.0,0.0,0.0,0.0
1.0,0.6086956521739069,0.5308641975308674,0.585674157303371,0.3434125269978401,0.8292682926829269,0.0,0.0,0.0,0.0,0.0
0.5,0.5869565217391255,0.518518518518519,0.2808988764044944,0.5269978401727862,0.7154471544715448,0.0,0.0,0.0,0.0,0.0
0.5,0.5217391304347814,0.7407407407407405,0.449438202247191,0.48596112311015116,0.8455284552845529,0.0,0.0,0.0,0.0,0.0
0.5,0.5543478260869534,0.48148148148148806,0.5196629213483146,0.5140388768898487,0.30487804878048785,0.0,0.0,0.0,0.0,0.0
0.5,0.2391304347826022,0.3209876543209944,0.5070224719101122,0.44708423326133895,0.15040650406504066,0.0,0.0,0.0,0.0,0.0
1.0,0.6630434782608603,0.5802469135802468,0.5196629213483146,0.531317494600432,0.7032520325203253,0.0,0.0,0.0,0.0,0.0
0.5,0.4782608695652115,0.4320987654321016,0.3356741573033708,0.43844492440604743,0.5691056910569107,0.0,0.0,0.0,0.0,0.0
0.0,0.9565217391304373,0.9382716049382722,0.7106741573033706,0.2678185745140388,0.5447154471544716,0.0,0.0,0.0,0.0,0.0
0.5,0.3260869565217348,0.2839506172839492,0.3764044943820226,0.5831533477321813,0.7967479674796749,0.0,0.0,0.0,0.0,0.0
0.5,0.7173913043478208,0.5802469135802468,0.991573033707865,0.030237580993520474,0.3739837398373984,0.0,0.0,0.0,0.0,0.0
0.5,0.5652173913043441,0.7160493827160508,0.431179775280899,0.3952483801295895,0.2723577235772358,0.0,0.0,0.0,0.0,0.0
1.0,0.3913043478260789,0.5432098765432158,0.1825842696629214,0.792656587473002,0.6951219512195123,0.0,0.0,0.0,0.0,0.0
0.5,0.35869565217391397,0.4197530864197603,0.497191011235955,0.3369330453563715,0.8048780487804879,0.0,0.0,0.0,0.0,0.0
0.5,0.21739130434782084,0.3703703703703738,0.6123595505617978,0.24838012958963285,0.524390243902439,0.0,0.0,0.0,0.0,0.0
1.0,0.7608695652173907,0.7037037037037024,0.4227528089887642,0.4190064794816414,0.0894308943089431,0.0,0.0,0.0,0.0,0.0
0.5,0.28260869565216495,0.4074074074074119,0.4480337078651686,0.43412526997840173,0.12195121951219513,0.0,0.0,0.0,0.0,0.0
1.0,0.4130434782608674,0.5679012345679055,0.919943820224719,0.08423326133909281,0.9552845528455286,0.0,0.0,0.0,0.0,0.0
0.5,0.7391304347826093,0.6790123456790127,0.3806179775280898,0.8444924406047516,0.6219512195121952,0.0,0.0,1.0,0.0,0.0
1.0,0.9130434782608674,0.864197530864196,0.401685393258427,0.6133909287257018,0.5975609756097562,0.0,0.0,0.0,0.0,0.0
0.5,0.7173913043478208,0.6296296296296333,0.3047752808988764,0.8228941684665227,0.32113821138211385,0.0,0.0,0.0,0.0,0.0
0.5,0.44565217391303946,0.4074074074074119,0.2921348314606742,0.8228941684665227,0.5487804878048781,0.0,0.0,0.0,0.0,0.0
1.0,0.28260869565216495,0.22222222222222143,0.6446629213483146,0.2656587473002159,0.5121951219512195,0.0,0.0,0.0,0.0,0.0
0.5,0.5760869565217348,0.49382716049382935,0.6404494382022474,0.22246220302375808,0.49186991869918706,0.0,0.0,0.0,0.0,0.0
0.5,0.21739130434782084,0.3333333333333357,0.3623595505617978,0.5032397408207343,0.05691056910569106,0.0,0.0,0.0,0.0,0.0
1.0,0.4782608695652115,0.5802469135802468,0.3188202247191012,0.5269978401727862,0.426829268292683,0.0,0.0,0.0,0.0,0.0
1.0,0.5869565217391255,0.6913580246913611,0.2317415730337078,0.710583153347732,0.14227642276422767,0.0,0.0,0.0,0.0,0.0
1.0,0.2391304347826022,0.3580246913580325,0.2303370786516854,0.7969762419006479,0.5365853658536586,0.0,0.0,0.0,0.0,0.0
1.0,0.6086956521739069,0.5555555555555571,0.491573033707865,0.3887688984881209,0.5569105691056911,0.0,0.0,0.0,0.0,0.0
0.5,0.6086956521739069,0.5802469135802468,0.3679775280898878,0.4665226781857451,0.7317073170731708,0.0,0.0,0.0,0.0,0.0
1.0,0.7608695652173907,0.7407407407407405,0.4691011235955058,0.3779697624190065,0.5040650406504066,0.0,0.0,0.0,0.0,0.0
1.0,0.5760869565217348,0.5308641975308674,0.425561797752809,0.4557235421166307,0.5162601626016261,0.0,0.0,0.0,0.0,0.0
1.0,0.2608695652173836,0.18518518518518334,0.2654494382022472,0.7062634989200862,0.13414634146341464,0.0,0.0,0.0,0.0,0.0
1.0,0.5869565217391255,0.6172839506172849,0.2247191011235956,0.6803455723542116,0.8577235772357724,0.0,0.0,0.0,0.0,0.0
0.0,0.36956521739129755,0.49382716049382935,0.1797752808988764,0.7429805615550755,0.21138211382113822,0.0,0.0,0.0,0.0,0.0
1.0,0.3913043478260789,0.48148148148148806,0.5393258426966294,0.3110151187904967,0.8292682926829269,0.0,0.0,0.0,0.0,0.0
0.5,0.4347826086956488,0.3580246913580325,0.3089887640449438,0.6587473002159827,0.7682926829268294,0.0,0.0,0.0,0.0,0.0
0.5,0.7499999999999929,0.7037037037037024,0.300561797752809,0.710583153347732,0.06910569105691057,0.0,0.0,0.0,0.0,0.0
0.5,0.5434782608695627,0.7160493827160508,0.6797752808988766,0.1879049676025918,0.22764227642276424,0.0,0.0,0.0,0.0,0.0
0.5,0.2717391304347814,0.3456790123456841,0.372191011235955,0.4298056155507559,0.7804878048780488,0.0,0.0,0.0,0.0,0.0
1.0,0.38043478260869534,0.3333333333333357,0.5912921348314606,0.20302375809935203,0.05691056910569106,0.0,0.0,0.0,0.0,0.0
1.0,0.21739130434782084,0.3950617283950635,0.8651685393258426,0.09503239740820735,0.5569105691056911,0.0,0.0,0.0,0.0,0.0
1.0,0.35869565217391397,0.46913580246913966,0.5407303370786518,0.35853131749460043,0.7398373983739838,0.0,0.0,0.0,0.0,0.0
0.5,0.5108695652173907,0.7037037037037024,0.2808988764044944,0.6371490280777536,0.410569105691057,0.0,0.0,0.0,0.0,0.0
0.0,0.5978260869565162,0.6419753086419746,0.3398876404494382,0.5161987041036716,0.13414634146341464,0.0,0.0,0.0,0.0,0.0
1.0,0.4782608695652115,0.5679012345679055,0.6713483146067414,0.3110151187904967,0.024390243902439025,0.0,0.0,0.0,0.0,0.0
1.0,0.5543478260869534,0.49382716049382935,0.3609550561797754,0.49028077753779686,0.42276422764227645,0.0,0.0,0.0,0.0,0.0
1.0,0.30434782608695343,0.2592592592592595,0.449438202247191,0.531317494600432,0.21951219512195125,0.0,0.0,0.0,0.0,0.0
0.5,0.9782608695652186,0.9629629629629619,0.5716292134831462,0.20950323974082075,0.06910569105691057,0.0,0.0,0.0,0.0,0.0
0.5,0.5108695652173907,0.4197530864197603,0.6292134831460674,0.17710583153347725,0.4471544715447155,0.0,0.0,0.0,0.0,0.0
1.0,0.38043478260869534,0.5555555555555571,0.4831460674157302,0.23974082073434122,0.41463414634146345,0.0,0.0,0.0,0.0,0.0
0.5,0.891304347826086,0.8888888888888857,0.4508426966292134,0.5334773218142548,0.451219512195122,0.0,0.0,0.0,0.0,0.0
0.5,0.7717391304347743,0.7777777777777786,0.6151685393258426,0.2678185745140388,0.6869918699186992,0.0,0.0,0.0,0.0,0.0
0.5,0.2717391304347814,0.2716049382716008,0.3707865168539326,0.6155507559395248,0.1869918699186992,0.0,0.0,0.0,0.0,0.0
0.5,0.4782608695652115,0.4320987654321016,0.6081460674157302,0.24838012958963285,0.7113821138211383,0.0,0.0,0.0,0.0,0.0
0.5,0.6630434782608603,0.6049382716049436,0.2303370786516854,0.7170626349892006,0.42276422764227645,0.0,0.0,0.0,0.0,0.0
0.5,0.2608695652173836,0.3703703703703738,0.907303370786517,0.10367170626349886,0.06910569105691057,0.0,0.0,0.0,0.0,0.0
0.5,0.5869565217391255,0.5432098765432158,0.5828651685393258,0.2742980561555075,0.32113821138211385,0.0,0.0,0.0,0.0,0.0
0.0,0.8695652173913047,0.8395061728395063,0.2036516853932584,0.6414686825053995,0.48780487804878053,0.0,0.0,0.0,0.0,0.0
1.0,0.17391304347825098,0.2962962962963047,0.3609550561797754,0.5658747300215982,0.2601626016260163,0.0,0.0,0.0,0.0,0.0
1.0,0.6521739130434767,0.5802469135802468,0.5533707865168538,0.609071274298056,0.3170731707317074,0.0,0.0,0.0,0.0,0.0
1.0,0.7065217391304301,0.6296296296296333,0.25561797752809,0.6069114470842332,0.8089430894308944,0.0,0.0,0.0,0.0,0.0
0.0,0.4999999999999929,0.5925925925925952,0.5140449438202246,0.49028077753779686,0.8455284552845529,0.0,0.0,0.0,0.0,0.0
0.5,0.5652173913043441,0.7283950617283992,0.2837078651685394,0.7494600431965441,0.7032520325203253,0.0,0.0,0.0,0.0,0.0
0.0,0.6521739130434767,0.6049382716049436,0.592696629213483,0.2678185745140388,0.23983739837398377,0.0,0.0,0.0,0.0,0.0
0.5,0.8369565217391255,0.8518518518518547,0.3764044943820226,0.47516198704103674,0.508130081300813,0.0,0.0,0.0,0.0,0.0
1.0,0.6956521739130395,0.518518518518519,0.377808988764045,0.4622030237580993,0.34959349593495936,0.0,0.0,0.0,0.0,0.0
0.5,0.8152173913043441,0.790123456790127,0.330056179775281,0.6760259179265657,0.21951219512195125,0.0,0.0,0.0,0.0,0.0
0.5,0.3152173913043441,0.24691358024691112,0.449438202247191,0.3930885529157666,0.3536585365853659,0.0,0.0,0.0,0.0,0.0
0.0,0.4239130434782581,0.3950617283950635,0.7429775280898878,0.13606911447084225,0.38617886178861793,0.0,0.0,0.0,0.0,0.0
0.5,0.4130434782608674,0.6049382716049436,0.2008426966292136,0.6393088552915767,0.3170731707317074,0.0,0.0,0.0,0.0,0.0
1.0,0.4021739130434767,0.5555555555555571,0.6657303370786518,0.263498920086393,0.2601626016260163,0.0,0.0,0.0,0.0,0.0
1.0,0.35869565217391397,0.5432098765432158,0.3862359550561798,0.4708423326133908,0.24796747967479676,0.0,0.0,0.0,0.0,0.0
1.0,0.6086956521739069,0.49382716049382935,0.2963483146067416,0.6198704103671706,0.7804878048780488,0.0,0.0,0.0,0.0,0.0
1.0,0.3369565217391255,0.46913580246913966,0.226123595505618,0.5442764578833692,0.49593495934959353,0.0,0.0,0.0,0.0,0.0
0.5,0.6630434782608603,0.6666666666666714,0.4382022471910114,0.3498920086393087,0.7845528455284554,0.0,0.0,0.0,0.0,0.0
0.5,0.6630434782608603,0.6172839506172849,0.4578651685393258,0.3930885529157666,0.38617886178861793,0.0,0.0,0.0,0.0,0.0
0.5,0.6086956521739069,0.49382716049382935,0.3890449438202246,0.47516198704103674,0.7357723577235773,0.0,0.0,0.0,0.0,0.0
0.5,0.3913043478260789,0.3580246913580325,0.5294943820224718,0.2613390928725702,0.47967479674796754,0.0,0.0,0.0,0.0,0.0
0.5,0.5217391304347814,0.5925925925925952,0.4367977528089886,0.5205183585313174,0.475609756097561,0.0,0.0,0.0,0.0,0.0
1.0,0.25,0.3827160493827222,0.3792134831460674,0.4233261339092873,0.2804878048780488,0.0,0.0,0.0,0.0,0.0
1.0,0.4347826086956488,0.3456790123456841,0.3103932584269664,0.6328293736501078,0.37804878048780494,0.0,0.0,0.0,0.0,0.0
1.0,0.21739130434782084,0.2962962962963047,0.2612359550561798,0.6889848812095032,0.8699186991869919,0.0,0.0,0.0,0.0,0.0
0.0,0.6086956521739069,0.7777777777777786,0.300561797752809,0.48812095032397407,0.861788617886179,0.0,0.0,0.0,0.0,0.0
1.0,0.7499999999999929,0.7407407407407405,0.5519662921348314,0.3002159827213823,0.11382113821138212,0.0,0.0,0.0,0.0,0.0
0.0,0.4021739130434767,0.3703703703703738,0.3160112359550562,0.6133909287257018,0.10162601626016261,0.0,0.0,0.0,0.0,0.0
0.5,0.9021739130434767,0.7777777777777786,0.2921348314606742,0.6522678185745139,0.410569105691057,0.0,0.0,0.0,0.0,0.0
0.5,0.29347826086956275,0.2592592592592595,0.3792134831460674,0.3801295896328294,0.48373983739837406,0.0,0.0,0.0,0.0,0.0
0.5,0.7608695652173907,0.5432098765432158,0.6601123595505618,0.20734341252699784,0.13821138211382114,0.0,0.0,0.0,0.0,0.0
1.0,0.3913043478260789,0.5308641975308674,0.2317415730337078,0.8228941684665227,0.6626016260162603,0.0,0.0,0.0,0.0,0.0
0.0,0.8043478260869534,0.790123456790127,0.4143258426966294,0.3434125269978401,0.7764227642276423,0.0,0.0,0.0,0.0,0.0
0.5,0.7826086956521721,0.7283950617283992,0.3314606741573034,0.509719222462203,0.1585365853658537,0.0,0.0,0.0,0.0,0.0
1.0,0.5978260869565162,0.7037037037037024,0.9396067415730338,0.04535637149028071,0.21544715447154475,0.0,0.0,0.0,0.0,0.0
0.5,0.36956521739129755,0.49382716049382935,0.4592696629213482,0.44276457883369325,0.6585365853658537,0.0,0.0,0.0,0.0,0.0
0.5,0.17391304347825098,0.2839506172839492,0.4747191011235954,0.3110151187904967,0.34146341463414637,0.0,0.0,0.0,0.0,0.0
0.5,0.6521739130434767,0.654320987654323,0.330056179775281,0.4708423326133908,0.8455284552845529,0.0,0.0,0.0,0.0,0.0
0.5,0.6630434782608603,0.5802469135802468,0.6404494382022474,0.19006479481641458,0.3821138211382114,0.0,0.0,0.0,0.0,0.0
0.5,0.6521739130434767,0.6172839506172849,0.467696629213483,0.5593952483801296,0.48373983739837406,0.0,0.0,0.0,0.0,0.0
0.5,0.9130434782608674,0.790123456790127,0.252808988764045,0.6846652267818574,0.3658536585365854,0.0,1.0,0.0,0.0,0.0
0.5,0.4999999999999929,0.45679012345679126,0.2317415730337078,0.7062634989200862,0.12601626016260165,0.0,0.0,0.0,0.0,0.0
1.0,0.7826086956521721,0.654320987654323,0.3932584269662922,0.4967602591792656,0.7357723577235773,0.0,0.0,0.0,0.0,0.0
1.0,0.5434782608695627,0.7037037037037024,0.521067415730337,0.3066954643628509,0.4024390243902439,0.0,0.0,0.0,0.0,0.0
0.5,0.5869565217391255,0.5432098765432158,0.271067415730337,0.6630669546436283,0.30487804878048785,0.0,0.0,0.0,0.0,0.0
